Age,Income,Risk_Tolerance,Investment_Goal,Experience_Years,User_Class
35,911495,1,Tax,12,Moderate
26,300000,3,Retirement,5,Moderate
26,1921915,2,Wealth,1,Moderate
43,381857,1,Wealth,21,Moderate
51,1205696,3,Tax,25,Moderate
51,822323,2,Income,25,Conservative
25,2070572,2,Retirement,0,Moderate
52,440393,1,Wealth,31,Conservative
45,565842,2,Tax,19,Moderate
40,1305945,3,Tax,13,Moderate
38,530608,1,Income,16,Conservative
44,2183026,4,Wealth,23,Aggressive
21,474461,4,Income,0,Conservative
28,1216888,4,Tax,7,Aggressive
32,803826,3,Income,8,Moderate
29,508859,3,Wealth,0,Moderate
55,2027336,2,Income,28,Conservative
37,385733,3,Retirement,7,Conservative
62,1169376,1,Tax,35,Conservative
29,300000,5,Wealth,7,Aggressive
32,1010523,4,Wealth,2,Aggressive
33,1896650,2,Retirement,11,Moderate
27,726386,2,Retirement,4,Moderate
32,935265,4,Retirement,8,Moderate
41,2660898,4,Wealth,15,Aggressive
36,1689883,1,Income,7,Conservative
29,300000,2,Education,6,Moderate
56,550651,4,Wealth,29,Aggressive
43,659575,3,Retirement,17,Moderate
34,1003144,2,Income,6,Conservative
28,770917,3,Tax,2,Moderate
37,558738,4,Education,15,Moderate
47,533722,1,Education,18,Conservative
32,300000,2,Income,7,Conservative
52,397821,2,Retirement,23,Conservative
47,1451984,4,Wealth,26,Aggressive
55,387023,3,Retirement,28,Moderate
40,459739,5,Tax,13,Moderate
52,300000,4,Wealth,24,Moderate
31,1054830,3,Tax,3,Moderate
45,1578649,3,Income,22,Moderate
41,1819519,5,Wealth,19,Aggressive
30,613854,2,Income,7,Moderate
35,770489,1,Income,8,Conservative
38,822526,5,Wealth,15,Aggressive
40,601396,4,Education,14,Moderate
33,1015476,3,Retirement,11,Moderate
52,1779823,5,Retirement,26,Aggressive
35,1618490,3,Tax,9,Moderate
37,716850,2,Wealth,14,Moderate
48,554479,3,Tax,24,Conservative
65,359833,1,Income,35,Conservative
41,300000,4,Wealth,16,Moderate
35,1180225,2,Wealth,7,Moderate
50,805673,3,Income,21,Conservative
55,810907,1,Retirement,28,Conservative
61,4467322,1,Tax,36,Moderate
35,2448756,4,Income,13,Aggressive
54,830813,2,Tax,27,Moderate
48,932914,4,Wealth,19,Aggressive
24,370858,4,Wealth,0,Aggressive
47,1266689,1,Retirement,20,Moderate
27,946302,5,Wealth,6,Aggressive
48,434588,3,Retirement,21,Conservative
42,960017,2,Retirement,16,Moderate
43,1672113,5,Income,14,Aggressive
25,3427599,4,Tax,0,Aggressive
49,300000,2,Wealth,25,Moderate
59,361802,4,Wealth,35,Moderate
59,751734,2,Retirement,31,Moderate
32,947132,2,Retirement,9,Moderate
42,2614922,3,Retirement,18,Aggressive
44,1904792,1,Education,14,Moderate
36,300000,3,Tax,7,Moderate
29,599606,3,Wealth,7,Aggressive
38,300000,5,Education,11,Moderate
49,323315,3,Retirement,19,Moderate
32,1212950,2,Retirement,11,Moderate
59,889166,4,Income,32,Moderate
38,2576264,5,Wealth,15,Aggressive
37,300894,2,Retirement,13,Conservative
21,791952,4,Income,0,Moderate
33,552075,4,Tax,9,Moderate
45,2425597,5,Retirement,17,Aggressive
41,429969,3,Retirement,16,Moderate
50,937940,5,Wealth,29,Aggressive
27,304406,5,Wealth,0,Aggressive
55,2220903,5,Wealth,32,Aggressive
41,2916845,4,Tax,11,Aggressive
28,494810,3,Tax,0,Moderate
33,454920,1,Income,9,Conservative
45,969636,4,Tax,23,Moderate
30,454769,5,Retirement,5,Aggressive
49,1798689,4,Income,24,Moderate
40,1109444,2,Wealth,13,Moderate
52,1957060,3,Wealth,23,Aggressive
36,378275,1,Wealth,11,Conservative
36,307730,3,Wealth,7,Moderate
37,1041068,2,Wealth,13,Moderate
59,2630784,1,Wealth,36,Moderate
31,418722,4,Retirement,9,Moderate
58,1113194,1,Tax,31,Conservative
46,506964,5,Retirement,16,Aggressive
55,1691389,2,Education,32,Moderate
25,434121,5,Retirement,0,Aggressive
34,977278,2,Income,10,Conservative
59,1766393,4,Income,35,Moderate
22,314575,4,Wealth,0,Moderate
43,1228841,5,Retirement,13,Aggressive
56,627628,2,Income,28,Conservative
44,1458857,2,Income,15,Moderate
53,1043695,4,Tax,23,Moderate
53,601769,3,Education,26,Moderate
28,754922,5,Tax,0,Aggressive
61,300000,5,Wealth,34,Moderate
36,1482146,2,Retirement,11,Moderate
41,3047615,1,Tax,15,Moderate
28,551034,4,Tax,0,Moderate
32,785056,4,Wealth,5,Aggressive
51,2423425,3,Wealth,30,Aggressive
34,300000,1,Tax,4,Conservative
55,1146882,1,Retirement,32,Conservative
39,2601490,1,Wealth,12,Moderate
38,518718,3,Tax,13,Moderate
56,551616,4,Wealth,26,Aggressive
33,2042991,1,Wealth,7,Moderate
33,375548,4,Income,4,Moderate
28,1473807,4,Wealth,5,Aggressive
53,1048481,3,Wealth,30,Aggressive
50,1784656,4,Wealth,28,Aggressive
58,737301,2,Education,36,Conservative
37,2362076,4,Retirement,12,Aggressive
49,615709,2,Tax,20,Moderate
35,300000,1,Retirement,10,Conservative
49,300000,2,Wealth,23,Moderate
32,375427,1,Income,7,Conservative
42,1294204,2,Education,20,Moderate
50,476509,2,Education,23,Conservative
27,795536,1,Wealth,0,Moderate
34,859053,3,Wealth,7,Aggressive
30,468688,4,Income,2,Moderate
57,899345,2,Wealth,31,Moderate
30,1557622,5,Retirement,1,Aggressive
42,826558,3,Retirement,19,Moderate
45,1533283,4,Tax,21,Aggressive
29,619074,3,Wealth,5,Aggressive
53,970817,3,Wealth,30,Moderate
44,862855,1,Retirement,14,Moderate
29,1709393,5,Wealth,2,Aggressive
30,1085178,4,Education,2,Aggressive
26,514316,3,Income,2,Moderate
52,1134272,1,Wealth,30,Moderate
54,412752,4,Tax,29,Moderate
31,1069527,1,Retirement,7,Conservative
53,789049,4,Wealth,31,Moderate
34,895344,3,Wealth,5,Moderate
28,783847,2,Tax,3,Moderate
35,526376,5,Income,13,Moderate
47,482648,2,Income,21,Conservative
37,1717576,2,Wealth,11,Moderate
34,3010225,3,Tax,8,Aggressive
32,974383,1,Retirement,6,Moderate
32,824263,5,Retirement,11,Aggressive
46,341277,2,Wealth,25,Moderate
32,300000,1,Wealth,8,Conservative
31,300000,5,Wealth,5,Aggressive
51,1168757,3,Retirement,27,Moderate
29,300000,5,Tax,5,Moderate
38,1278068,4,Wealth,11,Aggressive
46,373950,3,Retirement,20,Conservative
59,901421,2,Wealth,34,Moderate
40,606002,4,Tax,17,Moderate
58,383675,1,Income,30,Conservative
43,305858,2,Education,18,Moderate
53,300000,4,Income,29,Moderate
39,377968,3,Income,16,Moderate
32,3823785,4,Tax,4,Aggressive
43,2008381,4,Wealth,18,Aggressive
43,915572,2,Tax,16,Moderate
33,623759,4,Tax,5,Moderate
58,534646,5,Wealth,36,Aggressive
32,870488,2,Wealth,8,Moderate
32,540596,5,Wealth,4,Aggressive
32,538052,4,Retirement,10,Moderate
30,1133345,5,Wealth,1,Aggressive
28,397686,3,Income,0,Conservative
37,300000,3,Wealth,7,Moderate
33,535276,4,Wealth,4,Moderate
41,2227478,5,Income,17,Aggressive
35,300000,4,Education,7,Moderate
60,338788,3,Tax,38,Conservative
54,516283,5,Income,30,Moderate
28,300000,3,Wealth,1,Moderate
55,2309389,5,Tax,28,Aggressive
52,863259,2,Retirement,26,Moderate
24,300000,4,Tax,0,Moderate
25,737037,5,Retirement,4,Aggressive
42,784308,5,Retirement,17,Aggressive
55,680842,2,Wealth,33,Moderate
38,717930,1,Retirement,14,Conservative
36,736392,2,Wealth,6,Moderate
55,1001371,5,Wealth,28,Aggressive
33,1046939,1,Wealth,12,Moderate
29,300000,3,Wealth,7,Moderate
56,840812,4,Wealth,32,Aggressive
52,915289,1,Education,28,Conservative
44,525871,3,Retirement,20,Moderate
53,2660937,5,Tax,24,Aggressive
45,760545,1,Retirement,19,Moderate
31,1147133,2,Wealth,1,Conservative
31,588710,4,Wealth,7,Aggressive
43,651540,2,Wealth,20,Moderate
59,1024574,2,Income,30,Conservative
49,305840,4,Wealth,24,Aggressive
29,1357968,2,Wealth,1,Moderate
43,340504,5,Income,22,Moderate
36,1493886,2,Income,12,Conservative
50,668061,5,Wealth,22,Aggressive
39,3410952,2,Tax,17,Aggressive
25,1604023,5,Retirement,0,Aggressive
46,1609668,1,Retirement,17,Moderate
56,892197,5,Retirement,31,Aggressive
54,1634261,4,Wealth,25,Aggressive
60,1372370,2,Education,33,Moderate
36,300000,1,Wealth,11,Conservative
58,438182,2,Wealth,30,Moderate
30,420328,5,Retirement,5,Aggressive
49,467693,2,Wealth,19,Moderate
27,673466,3,Wealth,4,Moderate
36,1157272,1,Wealth,12,Moderate
50,1834678,3,Tax,23,Moderate
51,1232025,2,Wealth,21,Moderate
31,1921493,5,Education,10,Aggressive
57,384836,1,Wealth,35,Conservative
30,566593,1,Wealth,5,Moderate
30,671821,5,Wealth,5,Aggressive
33,505261,1,Retirement,6,Conservative
53,367392,5,Tax,25,Moderate
44,1059293,3,Retirement,16,Moderate
52,492748,2,Income,25,Conservative
47,1418014,1,Retirement,20,Conservative
29,342594,1,Wealth,5,Moderate
27,1475561,1,Wealth,3,Aggressive
43,936973,3,Retirement,20,Moderate
21,937141,5,Education,0,Aggressive
30,956191,5,Retirement,5,Aggressive
32,761561,3,Income,4,Conservative
27,770934,2,Wealth,0,Moderate
23,667230,3,Tax,0,Moderate
45,993817,1,Retirement,20,Conservative
44,1186107,2,Wealth,17,Moderate
35,587270,4,Wealth,14,Aggressive
28,2130284,2,Wealth,1,Aggressive
56,623862,3,Income,27,Moderate
49,493063,1,Tax,21,Conservative
28,725074,2,Retirement,1,Moderate
27,471629,5,Income,2,Moderate
31,1117271,2,Wealth,9,Moderate
42,730204,4,Wealth,18,Aggressive
23,1347213,2,Retirement,1,Moderate
55,772533,2,Retirement,31,Moderate
31,754994,2,Wealth,8,Moderate
32,605829,1,Retirement,7,Conservative
56,1438020,3,Wealth,32,Moderate
34,679902,1,Wealth,12,Conservative
32,970110,2,Income,8,Conservative
48,1676580,5,Retirement,22,Aggressive
51,758026,5,Wealth,24,Aggressive
49,751721,5,Wealth,27,Aggressive
29,686092,2,Retirement,4,Moderate
56,920833,2,Education,32,Moderate
48,1418150,4,Tax,27,Moderate
41,1389016,4,Education,15,Moderate
31,1136980,3,Wealth,6,Moderate
53,1880282,2,Wealth,26,Moderate
44,854152,2,Retirement,22,Moderate
37,2154880,5,Wealth,7,Aggressive
56,1681047,4,Education,32,Aggressive
26,510125,1,Wealth,2,Moderate
62,1398890,4,Wealth,32,Aggressive
31,300000,3,Retirement,1,Conservative
31,1870171,1,Tax,7,Conservative
57,766886,5,Retirement,34,Aggressive
35,467938,4,Wealth,5,Moderate
44,300000,2,Tax,22,Conservative
48,733345,3,Education,24,Moderate
27,1887505,3,Income,0,Moderate
40,955428,1,Income,11,Conservative
22,610922,1,Income,0,Conservative
27,705750,3,Tax,0,Moderate
43,2045103,4,Income,13,Moderate
38,1314790,2,Wealth,10,Moderate
55,782981,5,Wealth,28,Aggressive
55,1550603,2,Wealth,34,Moderate
47,1404801,4,Retirement,17,Moderate
34,432645,1,Wealth,10,Conservative
29,632653,5,Wealth,2,Aggressive
21,2177249,2,Wealth,0,Moderate
44,1294101,2,Wealth,18,Moderate
29,2787727,5,Tax,8,Aggressive
29,1226140,3,Wealth,3,Aggressive
21,490427,5,Income,0,Moderate
37,794421,2,Education,10,Moderate
55,1398841,5,Retirement,30,Aggressive
30,801161,2,Retirement,7,Moderate
41,841062,4,Wealth,18,Aggressive
30,3350176,3,Tax,2,Aggressive
40,682834,5,Income,11,Moderate
58,1009890,4,Wealth,32,Aggressive
28,967337,4,Education,5,Aggressive
55,1527577,3,Wealth,30,Aggressive
35,967516,1,Wealth,13,Conservative
33,882601,5,Income,11,Moderate
55,3304666,3,Retirement,30,Moderate
36,750390,3,Wealth,14,Moderate
53,1346799,2,Income,30,Conservative
30,327439,3,Tax,9,Moderate
22,807383,3,Tax,0,Moderate
33,753589,5,Wealth,4,Aggressive
56,766461,3,Income,26,Conservative
50,300000,3,Tax,26,Moderate
53,628979,1,Education,29,Conservative
43,438909,4,Retirement,13,Moderate
36,1724619,5,Retirement,6,Aggressive
30,439971,1,Tax,9,Conservative
41,1251300,5,Wealth,12,Aggressive
28,1293393,4,Wealth,7,Aggressive
44,531269,3,Wealth,22,Moderate
36,444506,3,Education,15,Moderate
45,661551,2,Wealth,19,Moderate
65,610072,4,Education,37,Moderate
39,405014,3,Retirement,13,Conservative
33,655356,5,Tax,7,Moderate
32,1002875,5,Retirement,5,Aggressive
35,350237,2,Tax,6,Moderate
66,703158,3,Education,40,Moderate
31,558192,5,Retirement,1,Moderate
57,860566,4,Wealth,35,Aggressive
34,3015340,2,Wealth,12,Aggressive
36,300000,3,Wealth,13,Moderate
48,748423,3,Wealth,25,Moderate
34,980339,2,Wealth,6,Moderate
54,564162,1,Income,28,Conservative
29,1042933,5,Tax,6,Aggressive
39,300000,5,Retirement,15,Aggressive
27,630918,2,Wealth,1,Moderate
25,300000,3,Wealth,0,Moderate
31,680127,1,Retirement,5,Conservative
30,340236,4,Wealth,8,Aggressive
22,1003702,3,Wealth,0,Aggressive
26,2169165,5,Wealth,0,Aggressive
38,977764,2,Income,10,Conservative
25,765289,1,Tax,0,Conservative
54,560128,5,Wealth,28,Aggressive
34,662676,5,Wealth,6,Aggressive
28,669662,3,Wealth,0,Aggressive
28,815285,2,Retirement,2,Moderate
25,1125661,1,Income,4,Moderate
39,470890,3,Retirement,15,Moderate
42,1799791,4,Wealth,19,Aggressive
33,693587,5,Wealth,3,Aggressive
27,814247,3,Wealth,0,Moderate
28,1983198,5,Tax,3,Aggressive
58,300000,3,Retirement,33,Moderate
27,300000,2,Income,2,Conservative
23,1058787,1,Wealth,0,Moderate
26,810922,2,Tax,0,Moderate
47,2280925,5,Retirement,21,Aggressive
54,366746,5,Income,32,Moderate
28,1132484,3,Retirement,3,Moderate
30,626669,3,Wealth,2,Moderate
36,1565466,3,Income,6,Conservative
30,300000,5,Wealth,4,Aggressive
46,669829,1,Retirement,16,Conservative
23,1342041,4,Wealth,0,Aggressive
27,462271,4,Wealth,3,Aggressive
32,775911,4,Retirement,6,Aggressive
39,834732,4,Retirement,17,Moderate
42,1020113,2,Retirement,20,Moderate
57,376062,1,Tax,33,Conservative
33,574175,4,Wealth,10,Aggressive
31,1139696,1,Tax,10,Moderate
53,1357214,1,Tax,28,Conservative
54,909571,4,Retirement,33,Moderate
58,633967,2,Retirement,29,Moderate
39,860889,3,Retirement,15,Moderate
30,1454078,3,Income,4,Moderate
24,928291,2,Retirement,0,Moderate
52,352788,5,Tax,23,Moderate
62,367039,4,Tax,40,Conservative
30,827064,5,Tax,7,Aggressive
21,300000,1,Tax,0,Conservative
32,1403752,3,Wealth,8,Moderate
39,421043,5,Income,12,Moderate
57,358852,1,Tax,31,Conservative
48,2627526,1,Wealth,24,Moderate
46,563606,2,Tax,22,Conservative
61,983013,1,Retirement,34,Conservative
35,1225792,5,Wealth,5,Aggressive
33,2227109,1,Retirement,5,Moderate
39,532306,4,Education,17,Moderate
36,912564,2,Income,13,Conservative
50,741527,4,Wealth,20,Aggressive
45,4320248,5,Retirement,19,Aggressive
28,300000,1,Retirement,7,Conservative
33,720469,5,Tax,7,Moderate
39,796355,1,Tax,18,Conservative
54,745906,1,Income,25,Conservative
32,300000,1,Retirement,8,Conservative
30,300000,2,Income,2,Moderate
41,300000,5,Retirement,19,Aggressive
23,1474341,2,Wealth,0,Aggressive
36,796635,1,Retirement,9,Conservative
32,300000,2,Wealth,8,Moderate
33,2196282,2,Retirement,9,Moderate
51,3185998,3,Tax,25,Moderate
37,995333,2,Tax,13,Moderate
28,1087028,5,Retirement,0,Aggressive
27,857883,4,Tax,0,Moderate
57,519707,5,Wealth,27,Aggressive
32,300000,5,Education,7,Aggressive
31,377824,4,Income,8,Moderate
27,776063,2,Income,5,Moderate
43,1206029,4,Wealth,17,Aggressive
45,685295,4,Wealth,21,Aggressive
52,754311,5,Wealth,28,Aggressive
58,831387,5,Income,29,Moderate
37,868233,3,Tax,7,Moderate
53,534555,1,Wealth,28,Moderate
59,1076351,2,Retirement,36,Moderate
51,370060,4,Retirement,21,Moderate
25,999047,5,Tax,1,Aggressive
63,300000,5,Wealth,37,Aggressive
22,349492,2,Wealth,0,Moderate
48,487851,3,Retirement,18,Conservative
27,923728,5,Retirement,0,Aggressive
46,950821,4,Wealth,18,Aggressive
28,444422,2,Tax,0,Conservative
52,300000,4,Wealth,23,Moderate
54,1875163,1,Income,31,Conservative
32,844672,5,Tax,6,Aggressive
29,732302,2,Education,7,Moderate
48,1040120,5,Wealth,19,Aggressive
28,413426,1,Education,2,Conservative
26,1705970,2,Tax,5,Moderate
37,1206483,4,Income,9,Moderate
28,661093,4,Wealth,4,Aggressive
37,771782,1,Wealth,8,Moderate
60,681589,5,Wealth,33,Aggressive
60,2049819,2,Wealth,38,Moderate
29,1090222,4,Income,5,Aggressive
37,1178404,4,Retirement,8,Aggressive
34,846122,5,Tax,9,Aggressive
52,805997,1,Retirement,25,Conservative
49,3003747,1,Retirement,27,Moderate
29,625393,1,Tax,1,Conservative
50,939898,4,Retirement,21,Moderate
52,3412507,4,Wealth,31,Aggressive
44,2040918,4,Income,17,Moderate
54,1051267,4,Wealth,26,Aggressive
24,300000,4,Tax,0,Moderate
24,3679026,4,Tax,2,Aggressive
30,681247,3,Wealth,2,Moderate
26,854895,2,Wealth,0,Moderate
35,1659903,1,Retirement,10,Conservative
31,697867,2,Wealth,8,Moderate
43,935539,5,Wealth,18,Aggressive
47,843351,1,Wealth,23,Conservative
31,624985,1,Wealth,5,Conservative
34,1030886,4,Wealth,4,Aggressive
56,517184,4,Wealth,30,Aggressive
31,363857,5,Income,1,Moderate
33,1177121,2,Income,9,Conservative
31,1936136,2,Retirement,4,Moderate
34,479370,2,Wealth,11,Moderate
27,557562,5,Tax,1,Moderate
30,808863,3,Wealth,5,Aggressive
52,809480,2,Wealth,30,Moderate
35,300000,1,Wealth,10,Conservative
25,599116,1,Tax,0,Conservative
26,2832481,4,Income,0,Moderate
42,2144056,4,Retirement,19,Aggressive
32,2657796,2,Wealth,9,Aggressive
56,1242117,2,Wealth,34,Moderate
56,555509,4,Income,34,Moderate
57,964611,1,Retirement,35,Conservative
47,1225533,5,Retirement,23,Aggressive
25,640211,5,Tax,0,Aggressive
27,300000,5,Retirement,6,Aggressive
38,1519393,2,Wealth,8,Moderate
30,588901,5,Education,8,Aggressive
34,1249778,3,Tax,12,Aggressive
26,300000,2,Education,0,Moderate
39,514452,3,Income,16,Moderate
28,1057642,2,Retirement,2,Moderate
57,1253846,2,Retirement,33,Moderate
33,1361356,5,Wealth,3,Aggressive
35,768187,2,Income,8,Conservative
46,922634,3,Tax,22,Moderate
27,1058942,1,Wealth,2,Moderate
40,1008300,3,Education,10,Aggressive
28,1202395,4,Tax,3,Aggressive
43,360102,2,Income,18,Conservative
35,2970588,3,Wealth,6,Aggressive
47,708601,5,Retirement,18,Aggressive
30,754319,4,Education,0,Moderate
35,657547,1,Wealth,11,Moderate
31,948111,3,Retirement,5,Moderate
30,300000,3,Retirement,0,Moderate
35,573149,3,Wealth,10,Moderate
38,300000,4,Wealth,16,Aggressive
26,580959,5,Wealth,3,Aggressive
58,900295,4,Wealth,30,Moderate
22,1200975,5,Wealth,0,Aggressive
34,773385,5,Retirement,10,Aggressive
53,984796,1,Wealth,28,Conservative
33,300000,2,Retirement,5,Moderate
40,899095,2,Tax,12,Moderate
35,1943388,3,Wealth,10,Aggressive
54,1115336,2,Education,31,Moderate
33,478066,3,Retirement,5,Moderate
45,907396,4,Retirement,20,Aggressive
51,2095708,2,Retirement,29,Moderate
27,1201006,1,Retirement,6,Moderate
26,1224123,1,Tax,5,Conservative
55,464937,1,Wealth,28,Conservative
32,625509,4,Education,9,Moderate
37,768311,3,Income,9,Moderate
39,2855723,4,Tax,10,Aggressive
30,425581,4,Tax,6,Moderate
27,966796,4,Tax,0,Moderate
43,1291408,5,Retirement,17,Aggressive
51,1354903,4,Wealth,30,Aggressive
24,677449,2,Wealth,0,Moderate
46,641602,3,Income,18,Conservative
41,3107452,1,Tax,15,Moderate
57,668177,5,Income,28,Moderate
21,601511,3,Income,0,Conservative
55,1544808,3,Retirement,32,Aggressive
33,881928,4,Retirement,7,Moderate
30,324305,1,Retirement,5,Conservative
35,1600218,3,Retirement,10,Aggressive
53,610238,2,Education,25,Moderate
60,605642,1,Wealth,34,Conservative
53,5189552,2,Wealth,27,Aggressive
26,684022,5,Retirement,0,Aggressive
36,845039,3,Income,9,Conservative
38,1527647,5,Income,15,Moderate
25,419804,2,Income,0,Conservative
44,1191626,5,Retirement,15,Aggressive
56,1539277,2,Income,27,Moderate
48,2040206,4,Wealth,21,Aggressive
30,1279012,4,Retirement,1,Aggressive
49,371952,5,Wealth,23,Aggressive
56,1094039,2,Wealth,35,Moderate
42,314414,3,Wealth,14,Moderate
22,1906961,1,Retirement,0,Conservative
24,1709848,5,Wealth,0,Aggressive
40,943454,3,Retirement,18,Moderate
26,916972,2,Retirement,4,Moderate
52,801861,2,Retirement,25,Moderate
27,791290,5,Tax,3,Aggressive
44,1587197,3,Wealth,17,Aggressive
21,648233,5,Wealth,0,Aggressive
45,3738748,4,Wealth,22,Aggressive
29,909950,2,Income,0,Conservative
35,1922369,4,Tax,11,Moderate
46,300000,5,Retirement,17,Moderate
36,538169,2,Retirement,15,Moderate
25,1531069,5,Tax,0,Aggressive
35,1010431,1,Wealth,9,Moderate
27,822336,3,Wealth,0,Moderate
24,1692546,2,Wealth,0,Moderate
48,3556331,2,Wealth,26,Moderate
51,358968,4,Wealth,24,Moderate
49,1624361,1,Income,26,Conservative
32,591463,4,Wealth,6,Moderate
48,1466483,3,Retirement,21,Moderate
30,586640,5,Tax,5,Aggressive
30,1167718,1,Income,7,Conservative
32,1244428,4,Education,8,Aggressive
31,495064,5,Wealth,3,Aggressive
28,578024,3,Wealth,0,Moderate
30,706249,3,Education,3,Moderate
25,300000,1,Wealth,0,Conservative
26,1107496,1,Wealth,1,Moderate
51,2260142,2,Education,24,Moderate
27,333885,3,Retirement,0,Moderate
50,1277900,2,Wealth,22,Moderate
42,1024955,5,Wealth,20,Aggressive
56,497589,1,Retirement,34,Conservative
36,3363962,2,Retirement,10,Moderate
55,1803755,3,Education,33,Moderate
29,1918362,5,Wealth,7,Aggressive
33,829316,1,Wealth,3,Conservative
61,300000,3,Wealth,39,Moderate
46,908788,4,Retirement,24,Moderate
52,738494,5,Wealth,23,Aggressive
31,1648371,5,Wealth,7,Aggressive
51,532880,4,Retirement,27,Moderate
29,2051432,1,Income,1,Conservative
39,521876,3,Tax,15,Moderate
26,1321206,5,Retirement,0,Aggressive
44,477920,2,Retirement,22,Moderate
46,784866,1,Wealth,20,Conservative
51,317134,1,Income,26,Conservative
29,848253,3,Wealth,1,Moderate
29,398151,4,Wealth,0,Moderate
25,1188820,5,Retirement,1,Aggressive
43,1312621,5,Wealth,19,Aggressive
32,799734,2,Tax,7,Conservative
43,510194,2,Retirement,16,Moderate
42,1070410,2,Retirement,16,Moderate
24,1568092,2,Education,1,Moderate
32,715742,3,Tax,11,Moderate
44,596813,3,Tax,16,Moderate
53,333664,2,Tax,27,Conservative
45,938919,2,Wealth,18,Moderate
35,1692977,2,Wealth,12,Moderate
48,2193462,5,Retirement,26,Aggressive
43,951808,3,Retirement,22,Moderate
27,302311,1,Wealth,0,Moderate
38,580113,3,Income,12,Conservative
47,1829148,3,Retirement,23,Moderate
57,1433283,5,Retirement,36,Aggressive
64,390974,5,Retirement,34,Aggressive
26,3216037,2,Tax,0,Moderate
46,377890,4,Wealth,21,Moderate
33,613818,3,Wealth,6,Moderate
62,1146422,4,Income,35,Moderate
60,762525,1,Wealth,38,Moderate
28,642085,2,Tax,6,Moderate
31,813801,3,Wealth,9,Moderate
43,1652479,5,Retirement,18,Aggressive
38,3097581,5,Retirement,16,Aggressive
24,996944,4,Tax,1,Moderate
26,519149,5,Wealth,2,Aggressive
31,867700,4,Tax,7,Moderate
25,3211081,2,Tax,3,Moderate
21,1423328,4,Wealth,0,Aggressive
64,2058877,3,Tax,40,Moderate
40,1441865,5,Wealth,10,Aggressive
48,1557295,5,Wealth,20,Aggressive
27,832998,3,Retirement,0,Moderate
39,2210137,1,Wealth,15,Moderate
29,300000,2,Tax,6,Conservative
31,1200591,4,Wealth,1,Aggressive
48,1126985,2,Tax,19,Conservative
40,439009,3,Wealth,17,Moderate
31,1026142,2,Wealth,8,Moderate
39,1222322,1,Income,16,Moderate
50,300000,2,Retirement,20,Conservative
54,1040609,4,Retirement,33,Moderate
38,2002437,3,Tax,11,Moderate
35,2618305,1,Wealth,10,Moderate
36,1251555,1,Tax,9,Moderate
50,761428,1,Wealth,25,Moderate
54,1597723,5,Retirement,26,Aggressive
28,448780,2,Tax,2,Conservative
48,1407600,4,Wealth,21,Aggressive
30,787005,5,Income,0,Aggressive
56,1856805,4,Retirement,26,Moderate
59,582750,4,Wealth,38,Moderate
24,2706374,4,Income,0,Moderate
44,1901086,4,Income,19,Moderate
54,1051376,2,Tax,30,Moderate
33,992746,2,Retirement,6,Moderate
62,2681461,4,Retirement,37,Aggressive
40,3676593,4,Tax,16,Aggressive
51,641048,1,Wealth,27,Moderate
34,659822,5,Retirement,4,Aggressive
32,2034062,2,Tax,11,Moderate
30,300000,1,Wealth,0,Conservative
58,300000,3,Wealth,33,Moderate
21,486075,1,Wealth,0,Conservative
35,1028414,5,Wealth,12,Aggressive
33,382648,3,Tax,3,Moderate
36,346304,4,Income,7,Moderate
52,594871,1,Tax,27,Moderate
38,2166885,5,Education,10,Aggressive
36,634163,1,Wealth,9,Moderate
43,1813408,5,Education,18,Aggressive
36,898832,1,Retirement,6,Conservative
57,2472578,5,Retirement,32,Aggressive
35,707200,4,Wealth,13,Aggressive
36,1121962,5,Retirement,10,Aggressive
34,979217,2,Tax,9,Moderate
38,761597,1,Wealth,15,Moderate
49,1470336,3,Education,20,Moderate
29,1361006,3,Income,3,Moderate
59,988811,3,Income,32,Moderate
27,300000,5,Retirement,0,Moderate
27,369551,3,Income,0,Conservative
34,439931,5,Wealth,9,Aggressive
46,992477,3,Income,22,Moderate
26,818333,3,Income,3,Moderate
49,498335,4,Retirement,19,Moderate
41,473031,4,Tax,15,Moderate
36,1365845,4,Retirement,13,Aggressive
32,506701,1,Education,7,Conservative
31,300000,5,Wealth,9,Aggressive
34,939808,5,Income,5,Moderate
40,575198,4,Wealth,13,Aggressive
37,1429746,4,Income,10,Moderate
33,495742,3,Wealth,11,Moderate
36,712902,3,Wealth,9,Moderate
24,1020320,3,Wealth,0,Aggressive
24,300000,1,Education,0,Conservative
41,549447,4,Wealth,11,Aggressive
22,486949,4,Retirement,0,Moderate
49,597579,4,Wealth,25,Moderate
54,580775,3,Education,28,Moderate
40,832164,1,Tax,19,Conservative
25,948239,2,Retirement,0,Moderate
29,1291350,2,Income,0,Moderate
37,1187796,3,Tax,16,Aggressive
49,1912876,3,Tax,28,Moderate
38,1639652,4,Retirement,8,Moderate
26,2201294,5,Retirement,3,Aggressive
61,1962291,3,Tax,37,Conservative
50,579468,3,Wealth,27,Moderate
52,671425,2,Retirement,25,Moderate
48,707869,3,Education,26,Moderate
33,1896734,5,Tax,4,Aggressive
32,710112,4,Retirement,7,Moderate
43,1446339,5,Wealth,21,Aggressive
38,300000,1,Retirement,10,Conservative
59,300000,3,Retirement,30,Moderate
32,2094834,3,Tax,7,Moderate
49,1207039,5,Education,23,Aggressive
30,1959855,1,Retirement,9,Moderate
32,300000,4,Retirement,2,Moderate
38,964311,5,Wealth,8,Aggressive
47,302136,2,Tax,25,Conservative
28,1603213,1,Retirement,5,Conservative
21,875363,4,Tax,0,Moderate
36,788726,1,Wealth,12,Moderate
42,1584089,2,Retirement,17,Moderate
25,805281,1,Education,0,Conservative
48,786884,5,Wealth,18,Aggressive
37,311877,5,Wealth,7,Aggressive
34,2209690,1,Retirement,6,Moderate
24,930107,3,Retirement,0,Moderate
28,1243999,1,Wealth,0,Moderate
58,331264,5,Education,28,Moderate
53,2274390,4,Wealth,28,Aggressive
36,961101,1,Wealth,6,Moderate
30,2848164,2,Wealth,0,Aggressive
52,1719871,2,Retirement,28,Conservative
48,300000,4,Wealth,24,Moderate
32,1466097,4,Wealth,4,Aggressive
57,1613261,4,Retirement,30,Aggressive
50,1318443,4,Tax,29,Aggressive
60,977389,1,Tax,36,Conservative
58,735816,4,Retirement,28,Moderate
35,822955,4,Wealth,8,Aggressive
38,2240967,3,Education,11,Moderate
40,2355864,2,Wealth,17,Moderate
21,740050,1,Wealth,0,Moderate
27,484416,5,Wealth,4,Aggressive
30,2034870,3,Tax,0,Moderate
24,1597795,3,Wealth,0,Aggressive
58,966976,5,Wealth,36,Aggressive
34,424525,3,Wealth,5,Moderate
53,300000,1,Retirement,24,Conservative
41,1413655,2,Income,12,Conservative
51,564026,4,Wealth,24,Aggressive
31,553795,3,Wealth,10,Moderate
52,1121331,1,Retirement,28,Moderate
44,569507,3,Wealth,17,Moderate
32,586456,1,Education,3,Conservative
46,501429,3,Income,20,Conservative
43,1324356,1,Wealth,15,Moderate
45,417403,4,Income,18,Moderate
22,300000,1,Wealth,0,Moderate
42,414466,5,Wealth,21,Aggressive
26,2209140,3,Wealth,0,Aggressive
63,536971,4,Wealth,36,Aggressive
37,1137507,3,Tax,14,Moderate
41,649402,1,Wealth,17,Moderate
30,702198,3,Wealth,9,Aggressive
38,2109479,2,Tax,10,Moderate
39,880801,1,Wealth,13,Moderate
35,2589600,1,Wealth,10,Moderate
48,3132306,3,Retirement,22,Moderate
25,2443464,4,Wealth,4,Aggressive
31,560233,5,Retirement,8,Moderate
39,911830,4,Retirement,18,Aggressive
38,2276220,5,Wealth,13,Aggressive
54,1407611,2,Wealth,27,Moderate
54,1820857,5,Wealth,24,Aggressive
23,1933792,4,Retirement,0,Moderate
44,2007606,5,Wealth,23,Aggressive
53,405659,5,Wealth,25,Aggressive
30,777665,2,Income,2,Conservative
28,514538,5,Education,2,Aggressive
40,745466,3,Education,18,Moderate
23,938093,2,Retirement,0,Conservative
40,869375,2,Wealth,12,Moderate
39,535094,3,Tax,14,Moderate
26,333127,2,Education,0,Moderate
47,300000,2,Wealth,25,Moderate
32,2906071,4,Wealth,9,Aggressive
39,1923423,4,Tax,10,Aggressive
43,1025642,1,Wealth,21,Moderate
28,300000,1,Retirement,1,Conservative
59,454277,2,Retirement,34,Conservative
54,1145379,2,Wealth,29,Moderate
31,1459133,3,Tax,9,Moderate
47,648940,3,Wealth,25,Moderate
40,1190121,2,Wealth,16,Moderate
43,755104,5,Tax,17,Aggressive
36,1785743,4,Tax,13,Moderate
31,785661,5,Retirement,2,Moderate
21,767217,4,Wealth,0,Aggressive
35,568552,2,Tax,14,Moderate
38,1368312,4,Income,17,Moderate
51,1078883,1,Wealth,30,Moderate
56,358740,2,Education,26,Conservative
28,1057762,2,Wealth,1,Moderate
47,918777,2,Retirement,21,Moderate
38,1582474,3,Retirement,8,Moderate
51,757001,2,Tax,25,Conservative
49,407681,2,Retirement,24,Conservative
40,587627,2,Retirement,12,Moderate
55,2911004,5,Tax,26,Aggressive
50,694639,4,Education,28,Moderate
50,1661633,1,Income,26,Conservative
26,308887,2,Tax,4,Moderate
40,1063594,4,Wealth,15,Aggressive
38,300000,1,Wealth,11,Moderate
34,846726,4,Wealth,8,Moderate
58,480076,2,Income,33,Conservative
35,422039,4,Tax,11,Conservative
34,388444,4,Wealth,4,Moderate
32,694062,4,Tax,10,Aggressive
34,300000,2,Wealth,12,Conservative
39,300000,3,Retirement,18,Moderate
61,860733,3,Retirement,35,Moderate
29,300000,4,Wealth,1,Aggressive
33,300000,2,Retirement,8,Moderate
22,2815537,4,Retirement,0,Aggressive
32,2421415,3,Tax,5,Aggressive
31,450116,5,Income,8,Moderate
37,1014955,5,Tax,11,Aggressive
35,452793,4,Tax,13,Moderate
23,466393,3,Tax,0,Moderate
35,300000,5,Wealth,7,Aggressive
48,2350460,5,Wealth,20,Aggressive
32,1188493,4,Retirement,9,Moderate
36,1355511,4,Retirement,13,Aggressive
31,1170150,3,Income,7,Moderate
50,701237,1,Retirement,24,Conservative
26,573786,5,Income,0,Moderate
52,786843,1,Income,25,Conservative
42,2248960,5,Tax,20,Aggressive
33,819250,5,Wealth,12,Aggressive
26,3136968,5,Wealth,0,Aggressive
57,467964,4,Income,33,Moderate
34,300000,1,Retirement,8,Conservative
58,422793,2,Retirement,31,Conservative
43,720756,4,Education,17,Moderate
27,2131109,5,Retirement,0,Aggressive
33,574185,1,Wealth,5,Conservative
31,300000,1,Wealth,8,Conservative
52,813521,3,Wealth,27,Aggressive
35,1896003,4,Retirement,7,Aggressive
34,803620,2,Wealth,9,Moderate
36,928390,3,Education,7,Moderate
25,791013,1,Wealth,0,Conservative
33,695652,3,Wealth,4,Moderate
30,4325910,5,Tax,7,Aggressive
35,2021886,4,Education,7,Aggressive
30,2992852,2,Retirement,1,Moderate
42,6072643,2,Wealth,18,Aggressive
40,1983774,1,Wealth,17,Moderate
26,579841,3,Income,3,Moderate
49,1495645,2,Wealth,27,Moderate
43,3072004,2,Wealth,22,Aggressive
36,1171292,5,Wealth,11,Aggressive
37,633127,5,Retirement,15,Aggressive
27,2108747,1,Education,0,Moderate
33,330519,3,Retirement,4,Moderate
25,890036,5,Retirement,0,Aggressive
21,1371200,3,Wealth,0,Aggressive
51,747600,1,Retirement,30,Moderate
34,1248997,4,Retirement,8,Moderate
32,1272833,1,Wealth,11,Moderate
29,1193070,4,Wealth,5,Aggressive
33,706490,5,Retirement,12,Moderate
52,608016,2,Income,27,Conservative
60,743579,1,Tax,35,Conservative
37,308604,3,Wealth,15,Moderate
35,2112374,3,Wealth,7,Aggressive
27,1177384,4,Tax,3,Aggressive
29,907102,3,Tax,7,Moderate
59,501727,5,Income,35,Moderate
30,882238,4,Education,5,Aggressive
30,869892,2,Wealth,8,Moderate
29,594289,1,Wealth,4,Moderate
50,1681277,4,Wealth,29,Aggressive
47,365368,5,Retirement,21,Moderate
34,426177,4,Wealth,7,Moderate
35,1755185,5,Wealth,13,Aggressive
43,2310295,4,Tax,17,Aggressive
47,979990,4,Wealth,21,Aggressive
37,403909,2,Income,11,Conservative
29,2034165,4,Wealth,0,Aggressive
31,934782,5,Wealth,1,Aggressive
31,878704,4,Tax,1,Moderate
24,2376984,3,Tax,1,Aggressive
30,1446066,2,Wealth,1,Moderate
38,622943,5,Retirement,16,Aggressive
33,300000,1,Wealth,7,Conservative
42,646269,4,Retirement,14,Moderate
38,1123207,5,Tax,13,Aggressive
28,1259538,3,Wealth,0,Aggressive
30,341733,4,Retirement,7,Moderate
49,511678,3,Retirement,23,Moderate
29,300000,4,Retirement,0,Moderate
33,1027336,4,Retirement,5,Aggressive
30,300000,1,Wealth,1,Conservative
22,584856,1,Wealth,0,Moderate
26,430044,3,Wealth,0,Moderate
40,1291146,2,Education,13,Moderate
27,1054652,4,Wealth,0,Aggressive
30,482339,1,Retirement,7,Conservative
52,898041,2,Tax,30,Conservative
49,1293479,3,Income,28,Moderate
48,997068,5,Wealth,24,Aggressive
27,300000,1,Tax,0,Conservative
41,4057076,4,Tax,20,Aggressive
32,1174574,1,Income,2,Conservative
33,1769742,4,Income,3,Moderate
44,486133,1,Retirement,23,Conservative
35,419278,3,Retirement,11,Moderate
32,556170,3,Income,8,Conservative
32,3269350,3,Retirement,10,Aggressive
37,645308,3,Retirement,16,Moderate
34,770989,3,Education,8,Moderate
32,2956232,4,Education,11,Aggressive
28,626158,4,Education,0,Aggressive
33,815027,5,Wealth,8,Aggressive
61,318703,3,Wealth,32,Moderate
54,3145648,2,Retirement,25,Moderate
21,473792,4,Tax,0,Moderate
57,714483,4,Wealth,30,Aggressive
50,300000,5,Retirement,29,Moderate
57,715382,4,Wealth,32,Aggressive
43,763732,1,Tax,21,Conservative
45,602246,4,Tax,20,Moderate
39,300000,1,Retirement,12,Conservative
56,1180836,5,Tax,26,Moderate
54,300000,1,Tax,32,Conservative
55,300000,2,Education,28,Conservative
33,671949,4,Retirement,11,Moderate
26,1882468,2,Retirement,0,Moderate
40,779543,3,Tax,12,Moderate
44,993051,5,Wealth,20,Aggressive
42,503847,5,Retirement,15,Aggressive
37,503107,4,Education,9,Moderate
26,1493860,4,Tax,0,Moderate
33,1909935,5,Education,5,Aggressive
49,1754097,4,Retirement,23,Aggressive
23,1241203,1,Retirement,2,Moderate
38,1014064,1,Wealth,9,Moderate
21,300000,1,Retirement,0,Conservative
35,541632,5,Wealth,8,Aggressive
32,489121,5,Retirement,11,Aggressive
30,847526,2,Wealth,3,Moderate
28,1390098,3,Retirement,3,Aggressive
25,636577,4,Education,3,Aggressive
51,300000,5,Tax,26,Moderate
64,1950327,2,Wealth,40,Moderate
46,430122,3,Wealth,23,Moderate
34,447015,1,Wealth,12,Moderate
31,1266026,4,Wealth,5,Aggressive
37,561789,5,Education,10,Aggressive
25,819721,2,Tax,0,Moderate
57,1017681,1,Tax,33,Conservative
56,895255,3,Tax,29,Moderate
64,676363,2,Retirement,36,Moderate
27,879366,3,Income,2,Moderate
25,4103739,5,Wealth,4,Aggressive
30,1996407,2,Retirement,6,Moderate
49,1578987,4,Wealth,19,Aggressive
48,1128439,1,Education,22,Moderate
51,2634050,2,Wealth,23,Moderate
39,1586544,5,Wealth,12,Aggressive
60,2138451,5,Education,36,Aggressive
30,2192021,3,Tax,5,Aggressive
37,1381865,3,Tax,15,Moderate
50,1246315,4,Income,28,Moderate
30,684687,5,Income,2,Moderate
38,3330654,5,Income,14,Aggressive
24,823015,5,Income,0,Moderate
24,391229,1,Income,0,Conservative
43,1102595,1,Wealth,22,Moderate
58,742389,5,Tax,35,Aggressive
58,417783,1,Retirement,32,Conservative
34,435197,5,Tax,11,Moderate
44,867112,3,Education,18,Moderate
28,905034,3,Retirement,0,Moderate
25,310998,1,Tax,0,Conservative
21,633750,3,Wealth,0,Moderate
46,1626254,3,Retirement,22,Moderate
35,300000,4,Tax,12,Moderate
55,680124,4,Wealth,32,Aggressive
25,824130,5,Income,1,Aggressive
54,1280756,2,Income,28,Conservative
49,696567,2,Income,24,Conservative
35,614674,4,Wealth,14,Aggressive
33,1236421,5,Income,9,Moderate
36,777776,4,Income,6,Moderate
33,2778466,3,Education,9,Aggressive
29,1245625,5,Wealth,8,Aggressive
29,1425388,5,Retirement,8,Aggressive
27,849832,2,Income,3,Conservative
55,3006072,2,Tax,31,Moderate
28,544730,2,Income,4,Moderate
31,360632,1,Tax,7,Conservative
44,754926,3,Wealth,22,Moderate
39,670769,3,Income,12,Conservative
51,731733,3,Tax,27,Moderate
29,3218204,3,Wealth,0,Aggressive
42,463375,3,Tax,19,Moderate
29,772300,3,Retirement,0,Moderate
35,300000,1,Tax,11,Conservative
35,3033106,5,Retirement,12,Aggressive
24,300000,2,Wealth,0,Moderate
40,891942,2,Income,15,Conservative
25,315255,2,Tax,0,Moderate
50,304239,3,Tax,24,Conservative
44,434326,2,Tax,14,Conservative
46,372557,1,Retirement,24,Conservative
54,973407,3,Tax,30,Moderate
21,330193,3,Wealth,0,Moderate
60,1669877,1,Retirement,31,Moderate
33,2049165,5,Tax,3,Aggressive
51,2566163,1,Income,23,Moderate
46,300000,1,Education,18,Conservative
54,466237,1,Income,31,Conservative
31,575454,5,Wealth,3,Aggressive
21,542831,2,Wealth,0,Moderate
31,1413094,1,Tax,5,Conservative
36,1007100,3,Wealth,6,Aggressive
28,421034,2,Education,0,Conservative
29,661568,2,Retirement,3,Moderate
31,787644,4,Tax,3,Moderate
46,714893,1,Wealth,18,Moderate
30,481483,2,Retirement,1,Moderate
42,370742,3,Wealth,15,Moderate
46,1364101,5,Wealth,19,Aggressive
29,352282,5,Tax,5,Aggressive
29,1323055,2,Education,5,Moderate
45,952122,5,Wealth,21,Aggressive
56,442783,4,Education,29,Moderate
53,1152208,5,Wealth,29,Aggressive
30,488315,5,Tax,1,Aggressive
50,1197436,5,Retirement,28,Aggressive
35,464599,3,Retirement,7,Conservative
46,870094,4,Retirement,24,Aggressive
28,779005,4,Tax,0,Moderate
29,522745,5,Retirement,0,Aggressive
36,646640,2,Retirement,7,Moderate
55,513790,3,Education,29,Conservative
24,1829597,2,Tax,0,Moderate
26,493720,1,Wealth,2,Moderate
59,766924,3,Income,30,Conservative
41,300000,5,Retirement,14,Moderate
29,498284,3,Wealth,1,Moderate
51,1257163,3,Tax,28,Moderate
56,1124046,2,Retirement,32,Conservative
26,1094157,1,Education,0,Moderate
25,790033,3,Retirement,4,Moderate
28,961471,1,Wealth,6,Conservative
39,2214298,1,Tax,18,Conservative
21,422091,2,Wealth,0,Moderate
52,1902034,2,Wealth,24,Moderate
50,434882,5,Wealth,27,Aggressive
40,996380,5,Tax,14,Moderate
65,442611,3,Wealth,37,Conservative
57,1459159,5,Wealth,33,Aggressive
43,327182,2,Wealth,13,Conservative
27,398975,5,Wealth,0,Aggressive
49,745171,5,Tax,28,Aggressive
26,464406,5,Retirement,2,Moderate
34,490293,1,Wealth,11,Moderate
33,742181,5,Wealth,4,Aggressive
42,335783,2,Retirement,21,Conservative
23,881699,1,Education,0,Conservative
34,1043100,5,Wealth,13,Aggressive
55,300000,5,Income,31,Moderate
26,956397,2,Income,1,Conservative
40,929311,3,Education,12,Moderate
51,1094409,2,Tax,27,Moderate
24,874160,4,Wealth,0,Aggressive
29,1031157,2,Wealth,2,Moderate
35,1028766,3,Retirement,8,Moderate
28,957203,2,Retirement,2,Conservative
50,1046207,1,Income,23,Conservative
21,2370928,1,Retirement,0,Moderate
53,2016268,2,Income,31,Moderate
30,744447,1,Retirement,0,Conservative
32,520874,3,Wealth,4,Moderate
40,1961698,4,Wealth,14,Aggressive
54,4000133,4,Retirement,31,Aggressive
21,790330,3,Wealth,0,Moderate
28,1143709,5,Retirement,4,Aggressive
22,641787,5,Wealth,0,Aggressive
26,1169098,4,Wealth,4,Aggressive
25,300000,1,Retirement,0,Conservative
57,558446,1,Tax,29,Conservative
53,1337781,5,Wealth,26,Aggressive
30,436925,4,Tax,3,Moderate
54,1188485,2,Education,24,Moderate
59,1160172,2,Retirement,38,Moderate
38,1209112,1,Education,8,Moderate
40,565153,3,Tax,18,Moderate
50,1377350,5,Wealth,22,Aggressive
39,2939924,1,Education,12,Conservative
21,571758,3,Retirement,0,Moderate
23,504376,3,Tax,0,Moderate
23,715530,5,Tax,0,Aggressive
38,977373,3,Retirement,12,Moderate
59,391954,3,Retirement,32,Moderate
28,586496,5,Retirement,7,Aggressive
41,2233368,4,Education,11,Aggressive
29,1785440,2,Wealth,0,Moderate
52,402902,4,Income,27,Moderate
36,2976131,2,Education,6,Moderate
61,596630,2,Retirement,32,Conservative
40,1019498,5,Wealth,11,Aggressive
46,829991,4,Retirement,17,Moderate
29,1533469,5,Wealth,0,Aggressive
46,362080,4,Income,22,Conservative
27,557390,3,Wealth,0,Moderate
29,424342,1,Wealth,7,Moderate
40,384821,4,Tax,12,Moderate
27,479230,4,Retirement,0,Moderate
39,449041,3,Retirement,15,Conservative
33,1262923,3,Retirement,3,Moderate
38,614667,2,Retirement,8,Conservative
27,674903,1,Wealth,3,Moderate
25,300000,1,Wealth,0,Moderate
52,1610043,1,Education,24,Conservative
24,300000,4,Retirement,0,Moderate
26,861845,4,Retirement,0,Moderate
55,2043281,5,Retirement,32,Aggressive
53,2364615,2,Tax,28,Moderate
56,306080,3,Wealth,27,Moderate
32,711123,3,Wealth,2,Moderate
44,1381999,3,Education,21,Moderate
34,607123,5,Retirement,13,Aggressive
61,1717834,5,Retirement,33,Aggressive
48,300000,4,Retirement,20,Moderate
31,896699,5,Wealth,2,Aggressive
38,1103715,5,Tax,10,Aggressive
29,361452,3,Retirement,2,Moderate
43,1412073,5,Wealth,14,Aggressive
36,393519,2,Retirement,11,Conservative
35,2511626,5,Wealth,11,Aggressive
58,643061,1,Tax,33,Moderate
36,720984,5,Tax,14,Moderate
54,390999,4,Wealth,29,Moderate
37,630922,2,Wealth,16,Moderate
46,491469,5,Tax,25,Moderate
37,995858,4,Tax,10,Moderate
40,966170,2,Tax,15,Conservative
47,757860,5,Retirement,17,Aggressive
59,907937,2,Tax,32,Moderate
43,374849,1,Wealth,13,Conservative
56,391154,3,Retirement,35,Moderate
35,1874504,5,Wealth,11,Aggressive
36,478296,2,Wealth,13,Moderate
55,992585,4,Income,29,Moderate
54,300000,1,Wealth,33,Conservative
44,1085990,3,Wealth,23,Aggressive
43,1818729,4,Wealth,20,Aggressive
47,877325,1,Wealth,19,Conservative
37,908028,5,Wealth,15,Aggressive
58,2416289,4,Tax,29,Aggressive
24,983399,2,Wealth,0,Moderate
46,499308,1,Wealth,23,Conservative
35,592887,1,Wealth,10,Moderate
55,526769,5,Tax,32,Aggressive
48,1594980,1,Wealth,20,Moderate
33,1987250,3,Retirement,12,Moderate
28,1701640,2,Wealth,4,Moderate
27,484121,5,Income,0,Moderate
56,847922,3,Wealth,30,Moderate
22,1316667,5,Retirement,0,Aggressive
32,356012,5,Retirement,5,Moderate
33,1523183,2,Income,11,Moderate
55,1462956,1,Wealth,25,Moderate
55,1226998,5,Tax,31,Aggressive
34,1432658,4,Wealth,9,Aggressive
40,760884,2,Tax,14,Moderate
31,449118,2,Retirement,10,Conservative
34,1828923,4,Education,11,Aggressive
56,832375,2,Tax,28,Conservative
30,559422,5,Retirement,1,Aggressive
51,882011,3,Retirement,30,Moderate
25,877618,1,Wealth,3,Moderate
26,582913,3,Income,3,Moderate
44,1179828,2,Income,14,Conservative
51,3082611,4,Retirement,29,Aggressive
29,337647,2,Retirement,5,Conservative
27,343330,2,Income,4,Conservative
50,1913786,2,Tax,29,Moderate
53,1399812,1,Wealth,26,Moderate
30,2596199,2,Wealth,2,Aggressive
62,3027331,2,Tax,40,Conservative
40,1386072,2,Tax,17,Moderate
42,361347,4,Wealth,15,Moderate
28,1034040,5,Income,1,Aggressive
35,631971,2,Retirement,9,Conservative
61,1145419,2,Wealth,36,Moderate
29,483527,2,Retirement,7,Moderate
30,1186176,1,Income,4,Moderate
35,1348527,4,Wealth,10,Aggressive
37,993819,3,Wealth,7,Moderate
55,1095345,5,Retirement,29,Aggressive
61,1363063,2,Wealth,35,Moderate
39,481553,3,Wealth,12,Moderate
35,1012313,3,Wealth,7,Aggressive
32,772782,1,Income,3,Conservative
44,1789954,1,Retirement,16,Moderate
33,1419456,3,Tax,9,Moderate
25,547877,2,Wealth,0,Moderate
54,1337742,5,Retirement,29,Aggressive
30,2151196,2,Retirement,8,Moderate
26,1084778,4,Income,0,Moderate
21,650702,4,Wealth,0,Aggressive
37,382513,4,Wealth,14,Aggressive
21,300000,2,Income,0,Conservative
48,1764037,1,Wealth,26,Moderate
46,313310,3,Tax,17,Moderate
41,396109,3,Wealth,18,Moderate
61,867074,2,Tax,39,Conservative
56,1003892,2,Retirement,33,Moderate
38,2258043,5,Education,15,Aggressive
34,1043604,4,Wealth,6,Aggressive
35,668136,2,Wealth,9,Moderate
33,668707,5,Retirement,4,Aggressive
25,300000,5,Income,0,Moderate
47,2210591,1,Wealth,23,Moderate
51,1499635,4,Income,28,Moderate
33,978388,3,Wealth,5,Moderate
46,2197859,2,Wealth,25,Moderate
30,1710999,1,Retirement,3,Moderate
46,1176027,1,Retirement,25,Conservative
28,787495,5,Income,3,Aggressive
31,827778,3,Wealth,6,Aggressive
54,300000,1,Tax,28,Conservative
44,1708684,4,Tax,15,Aggressive
30,702560,1,Education,7,Conservative
28,1700030,5,Wealth,7,Aggressive
36,1346976,1,Wealth,9,Moderate
21,865577,5,Retirement,0,Aggressive
30,1452487,1,Retirement,0,Conservative
58,467076,4,Retirement,36,Moderate
55,300000,2,Tax,29,Conservative
35,724979,2,Wealth,11,Moderate
25,1095518,1,Wealth,3,Moderate
37,1471317,3,Retirement,15,Moderate
34,860300,2,Tax,11,Conservative
59,428948,1,Income,32,Conservative
44,2008751,2,Tax,22,Moderate
28,627527,5,Retirement,3,Aggressive
53,1057257,1,Tax,26,Conservative
31,1147304,1,Wealth,2,Moderate
24,846189,2,Tax,0,Conservative
35,300000,4,Retirement,12,Moderate
36,503674,1,Wealth,6,Moderate
59,1117532,1,Tax,35,Conservative
35,2425381,4,Retirement,8,Aggressive
36,1296047,4,Tax,14,Moderate
33,1133069,4,Tax,12,Moderate
34,300000,3,Retirement,13,Moderate
27,1689325,3,Education,2,Moderate
32,1538989,4,Retirement,5,Aggressive
30,1201149,3,Education,3,Aggressive
35,973760,4,Wealth,9,Moderate
31,1148348,5,Wealth,6,Aggressive
36,1904256,5,Tax,11,Aggressive
52,776897,1,Retirement,30,Conservative
41,1049408,1,Retirement,15,Conservative
33,650423,4,Education,6,Aggressive
35,815065,4,Wealth,8,Aggressive
29,873444,3,Retirement,1,Moderate
54,1238134,1,Wealth,26,Conservative
56,569109,3,Retirement,35,Moderate
60,741565,2,Education,31,Conservative
37,1016708,4,Income,9,Moderate
25,736522,1,Wealth,0,Moderate
60,899371,1,Tax,38,Conservative
39,350355,3,Retirement,10,Conservative
55,1185092,5,Retirement,34,Aggressive
61,526428,4,Wealth,34,Aggressive
32,306871,4,Retirement,8,Moderate
41,986966,4,Retirement,18,Moderate
63,1021028,5,Retirement,38,Aggressive
27,1093320,4,Tax,0,Aggressive
41,1104739,5,Education,14,Aggressive
40,1083819,5,Retirement,11,Aggressive
26,2253260,3,Retirement,0,Moderate
36,1446753,4,Income,14,Moderate
43,1554991,5,Wealth,17,Aggressive
36,1203971,5,Income,15,Moderate
58,1477783,3,Retirement,30,Moderate
33,596718,4,Retirement,12,Moderate
27,1269385,2,Wealth,3,Aggressive
29,1818956,5,Wealth,4,Aggressive
29,695863,1,Tax,5,Moderate
55,2110561,3,Income,34,Moderate
22,637166,3,Retirement,0,Moderate
40,1123277,3,Wealth,14,Moderate
37,396813,4,Wealth,8,Moderate
22,1413348,2,Wealth,0,Moderate
49,1900426,1,Income,19,Conservative
21,791977,3,Retirement,0,Moderate
27,317511,5,Education,3,Aggressive
24,827131,2,Tax,0,Moderate
31,433906,2,Tax,3,Conservative
29,859776,3,Retirement,1,Moderate
37,1446937,1,Wealth,13,Moderate
41,1122024,3,Wealth,12,Aggressive
29,300000,1,Education,5,Conservative
61,641948,3,Wealth,32,Moderate
41,931325,3,Wealth,20,Aggressive
46,2126124,3,Retirement,21,Moderate
33,726945,4,Retirement,3,Moderate
36,1142210,3,Wealth,13,Moderate
51,911874,2,Wealth,26,Moderate
30,534510,5,Wealth,0,Aggressive
27,586751,5,Tax,2,Aggressive
33,705116,3,Retirement,8,Moderate
53,1963907,4,Tax,32,Aggressive
45,467773,3,Wealth,15,Moderate
35,710757,3,Wealth,11,Moderate
48,529861,1,Wealth,27,Conservative
36,2009868,2,Retirement,11,Moderate
25,1054496,1,Retirement,0,Conservative
35,2104223,5,Wealth,6,Aggressive
30,300000,4,Income,5,Moderate
53,1543307,1,Income,24,Conservative
36,429387,2,Tax,12,Conservative
55,533476,2,Tax,27,Moderate
39,706015,2,Retirement,13,Conservative
24,795632,5,Wealth,0,Aggressive
30,796673,1,Income,0,Conservative
38,490197,2,Tax,11,Conservative
53,749107,5,Income,24,Moderate
35,754171,4,Retirement,14,Moderate
22,300000,3,Retirement,0,Moderate
58,1025841,4,Wealth,33,Aggressive
31,813802,1,Wealth,8,Conservative
32,922236,4,Retirement,4,Moderate
32,569120,5,Retirement,3,Moderate
34,820589,1,Retirement,7,Conservative
26,300000,2,Income,1,Conservative
37,552831,5,Retirement,9,Aggressive
36,588809,1,Income,12,Conservative
45,778370,1,Wealth,16,Moderate
27,789410,5,Retirement,5,Aggressive
44,1571757,4,Retirement,22,Aggressive
40,370124,4,Wealth,10,Moderate
34,1335099,2,Wealth,7,Aggressive
55,3276851,1,Retirement,29,Moderate
36,572882,4,Retirement,8,Moderate
25,1346553,1,Income,0,Conservative
28,2198203,4,Wealth,0,Aggressive
34,2157092,5,Wealth,7,Aggressive
21,657398,5,Wealth,0,Aggressive
53,1719607,4,Tax,27,Moderate
56,1471664,5,Wealth,35,Aggressive
31,1874921,1,Income,3,Conservative
52,1306870,5,Education,25,Aggressive
38,1828333,2,Wealth,17,Moderate
31,687940,4,Wealth,9,Aggressive
37,584674,2,Retirement,13,Moderate
58,300000,5,Income,35,Moderate
29,599664,4,Wealth,1,Aggressive
39,648831,4,Wealth,18,Aggressive
34,300000,1,Tax,4,Conservative
59,831764,1,Tax,38,Conservative
37,1707900,5,Retirement,15,Aggressive
47,425536,1,Education,24,Conservative
32,2989773,1,Retirement,11,Conservative
48,1045215,2,Tax,26,Moderate
56,1455778,2,Tax,34,Conservative
61,779004,2,Income,36,Conservative
27,432450,5,Retirement,0,Moderate
41,1178538,4,Retirement,19,Aggressive
57,1372149,3,Retirement,29,Moderate
42,714887,5,Wealth,17,Aggressive
53,963929,4,Tax,28,Moderate
40,802607,1,Tax,19,Conservative
49,511360,5,Income,21,Moderate
30,1014355,4,Tax,4,Aggressive
30,491986,5,Retirement,1,Aggressive
35,1376059,1,Retirement,8,Conservative
34,4085870,1,Tax,12,Conservative
41,1740323,5,Wealth,19,Aggressive
34,708178,5,Retirement,10,Aggressive
29,1029599,3,Wealth,0,Aggressive
64,1782174,2,Retirement,40,Conservative
38,753455,4,Wealth,13,Aggressive
33,1191697,1,Wealth,6,Moderate
57,1332504,1,Tax,29,Moderate
55,968461,4,Tax,32,Moderate
32,920888,5,Retirement,7,Aggressive
54,1682593,3,Wealth,32,Moderate
49,2711286,4,Education,25,Aggressive
52,757396,5,Wealth,25,Aggressive
27,1920786,1,Retirement,6,Moderate
37,300000,5,Wealth,10,Aggressive
56,1131387,2,Wealth,27,Moderate
29,300000,3,Retirement,7,Moderate
54,469053,2,Wealth,29,Moderate
51,390405,2,Retirement,27,Conservative
31,2536131,5,Tax,5,Aggressive
30,661416,5,Retirement,9,Aggressive
27,779204,4,Retirement,6,Aggressive
50,690945,1,Wealth,21,Conservative
39,300000,3,Tax,10,Moderate
24,985410,2,Tax,0,Moderate
46,850324,5,Tax,21,Moderate
33,456569,1,Wealth,9,Conservative
34,2117697,4,Education,12,Aggressive
35,2071892,5,Tax,6,Aggressive
56,334243,4,Wealth,28,Moderate
29,498453,5,Education,7,Aggressive
56,1120054,3,Retirement,31,Moderate
41,582164,2,Tax,13,Moderate
41,692229,4,Retirement,13,Moderate
36,395406,4,Retirement,10,Moderate
39,398158,4,Tax,17,Moderate
40,560150,5,Income,19,Moderate
51,883490,4,Education,28,Moderate
29,925973,5,Education,0,Aggressive
38,455098,5,Retirement,9,Aggressive
32,360709,3,Wealth,11,Moderate
45,337922,5,Retirement,19,Aggressive
58,1610764,1,Wealth,28,Moderate
35,3568418,4,Tax,14,Aggressive
35,1089387,2,Wealth,5,Moderate
42,300000,4,Retirement,17,Moderate
31,1199934,1,Tax,2,Conservative
57,1848461,5,Income,30,Aggressive
32,511721,3,Tax,11,Moderate
56,1492281,5,Wealth,27,Aggressive
21,1706651,3,Wealth,0,Aggressive
41,1987475,2,Income,15,Conservative
28,534917,4,Tax,5,Aggressive
39,849642,5,Wealth,17,Aggressive
30,915591,3,Retirement,4,Moderate
52,2028811,3,Retirement,23,Moderate
42,605182,1,Tax,18,Conservative
60,1558610,1,Income,32,Conservative
32,975599,4,Tax,7,Moderate
40,1578499,3,Tax,19,Moderate
58,1370564,2,Tax,30,Moderate
32,509438,3,Wealth,7,Moderate
55,973204,3,Tax,29,Moderate
60,497158,5,Retirement,33,Moderate
43,793160,5,Education,16,Aggressive
62,2740521,1,Tax,40,Conservative
43,599258,5,Retirement,17,Aggressive
42,525597,3,Income,21,Moderate
33,708323,5,Wealth,4,Aggressive
56,1293304,1,Retirement,26,Moderate
41,1286524,4,Wealth,20,Aggressive
58,1037325,2,Tax,34,Moderate
61,461444,3,Retirement,35,Conservative
60,677475,2,Retirement,35,Moderate
35,2159361,4,Wealth,5,Aggressive
57,300000,3,Retirement,30,Moderate
51,966119,2,Retirement,27,Conservative
21,691496,4,Wealth,0,Aggressive
54,1118864,3,Wealth,32,Aggressive
42,886115,4,Income,17,Moderate
31,300000,3,Tax,3,Conservative
23,1217063,3,Wealth,0,Aggressive
42,407212,4,Education,15,Moderate
54,352603,1,Retirement,33,Conservative
57,835251,2,Tax,30,Conservative
29,604543,1,Retirement,0,Conservative
30,461047,5,Tax,5,Aggressive
61,614132,2,Tax,36,Conservative
24,482480,3,Wealth,2,Moderate
28,2380282,2,Income,3,Moderate
43,1004160,2,Tax,16,Moderate
29,721538,5,Wealth,5,Aggressive
59,1371110,1,Wealth,35,Moderate
35,706343,3,Tax,11,Moderate
30,672117,2,Tax,3,Moderate
54,1549293,1,Wealth,32,Moderate
31,495923,5,Income,6,Moderate
31,394014,1,Tax,10,Conservative
50,1275883,5,Education,24,Aggressive
52,904076,2,Retirement,22,Conservative
54,898203,3,Wealth,33,Aggressive
42,630753,1,Income,18,Conservative
30,1223224,5,Income,2,Aggressive
22,308918,3,Wealth,0,Moderate
59,300000,2,Retirement,37,Conservative
37,610510,1,Wealth,13,Conservative
34,1252526,4,Retirement,12,Aggressive
22,1926506,3,Income,0,Moderate
40,1183011,1,Tax,14,Conservative
37,422603,5,Income,11,Moderate
44,424969,4,Retirement,15,Moderate
38,1881029,3,Tax,13,Moderate
29,1519394,4,Retirement,3,Aggressive
26,1184467,3,Retirement,1,Moderate
25,1535546,2,Retirement,0,Moderate
39,907201,5,Wealth,9,Aggressive
26,696814,5,Tax,1,Aggressive
36,720711,2,Income,11,Conservative
56,1259430,3,Wealth,33,Moderate
38,951688,3,Retirement,17,Moderate
22,300000,5,Education,0,Aggressive
56,1495246,1,Wealth,28,Moderate
24,1214817,3,Income,0,Moderate
28,1012685,2,Tax,3,Moderate
53,2161753,5,Income,27,Aggressive
55,458035,2,Wealth,32,Moderate
38,382205,2,Tax,13,Conservative
50,1144713,3,Wealth,29,Moderate
31,474612,2,Retirement,7,Conservative
55,2588415,5,Wealth,26,Aggressive
51,496211,1,Tax,28,Conservative
40,487473,5,Tax,15,Moderate
59,608050,4,Wealth,37,Moderate
32,654701,5,Income,8,Moderate
32,622786,4,Retirement,3,Moderate
36,670521,3,Tax,13,Moderate
55,625550,4,Tax,33,Moderate
35,300000,1,Wealth,13,Conservative
37,1147673,3,Tax,12,Moderate
30,594207,1,Income,6,Conservative
34,724253,4,Wealth,11,Moderate
21,344598,3,Wealth,0,Moderate
28,300000,4,Retirement,3,Moderate
50,754780,2,Wealth,29,Moderate
35,2393626,1,Retirement,5,Moderate
32,2337123,2,Income,11,Moderate
38,426750,1,Wealth,8,Conservative
57,480207,1,Wealth,34,Conservative
25,908117,3,Wealth,0,Aggressive
36,300000,2,Retirement,7,Conservative
23,534850,4,Wealth,0,Aggressive
30,942060,3,Income,4,Moderate
21,686330,1,Retirement,0,Moderate
33,300000,4,Tax,12,Moderate
55,300000,1,Wealth,28,Moderate
30,300000,1,Retirement,7,Conservative
37,763577,4,Retirement,11,Moderate
35,449029,5,Retirement,12,Aggressive
58,2397695,4,Tax,31,Aggressive
55,316302,3,Retirement,29,Moderate
31,1904213,4,Wealth,1,Aggressive
23,347283,3,Retirement,0,Moderate
34,4690969,2,Income,6,Moderate
33,1281500,4,Income,7,Moderate
33,300000,2,Income,6,Conservative
26,1889558,4,Wealth,0,Aggressive
35,583345,3,Wealth,12,Moderate
63,1543463,2,Income,40,Conservative
41,799967,5,Tax,18,Aggressive
56,628707,4,Retirement,35,Moderate
65,674922,3,Tax,39,Moderate
35,355065,3,Education,8,Moderate
38,592124,1,Wealth,14,Moderate
39,326243,3,Wealth,15,Moderate
47,579288,3,Retirement,17,Moderate
38,924070,4,Tax,17,Aggressive
37,1690302,2,Tax,8,Moderate
31,2282053,4,Wealth,2,Aggressive
24,799132,4,Tax,0,Moderate
28,366537,5,Retirement,0,Aggressive
56,777474,5,Wealth,31,Aggressive
38,719797,4,Tax,10,Moderate
39,2027684,5,Retirement,13,Aggressive
37,1487800,1,Income,15,Conservative
29,948704,3,Tax,0,Moderate
35,2337266,4,Retirement,5,Aggressive
41,565620,2,Income,15,Conservative
27,1250201,5,Tax,6,Aggressive
38,566130,1,Wealth,15,Moderate
59,579498,5,Retirement,34,Aggressive
35,300000,1,Tax,12,Conservative
27,865125,1,Income,5,Conservative
50,882414,1,Wealth,26,Moderate
47,732415,4,Tax,21,Moderate
35,1107752,3,Tax,8,Moderate
44,1622817,4,Wealth,22,Aggressive
21,796274,3,Wealth,0,Aggressive
48,1229857,2,Retirement,25,Moderate
34,1047116,5,Retirement,13,Aggressive
30,1712500,4,Wealth,0,Aggressive
29,1170806,5,Wealth,5,Aggressive
58,2887175,5,Income,35,Aggressive
59,970407,2,Wealth,30,Moderate
29,418265,5,Retirement,3,Aggressive
28,1949835,3,Retirement,6,Aggressive
33,1263008,4,Wealth,11,Aggressive
49,1124340,2,Wealth,26,Moderate
25,300000,3,Retirement,0,Moderate
38,2285685,3,Tax,12,Moderate
38,1625134,2,Income,10,Conservative
30,1004323,2,Income,6,Moderate
29,300000,5,Retirement,6,Aggressive
28,636167,1,Wealth,0,Moderate
30,3075076,3,Retirement,8,Aggressive
31,1125691,3,Tax,7,Moderate
35,345590,1,Wealth,12,Conservative
32,545749,3,Tax,7,Moderate
49,609881,4,Wealth,23,Aggressive
59,1777034,5,Wealth,33,Aggressive
26,300000,5,Education,0,Moderate
33,1689549,4,Retirement,7,Aggressive
55,1401127,1,Wealth,30,Moderate
38,3873183,2,Tax,16,Moderate
27,1170604,3,Wealth,4,Aggressive
42,338580,3,Wealth,16,Moderate
61,779473,2,Income,37,Conservative
31,402714,2,Retirement,8,Moderate
39,1058362,1,Tax,12,Moderate
46,2730601,3,Income,19,Moderate
43,442132,2,Retirement,17,Moderate
51,1547409,3,Wealth,27,Moderate
32,522621,4,Wealth,8,Aggressive
48,300000,2,Wealth,21,Moderate
28,2468381,1,Tax,1,Moderate
58,948742,1,Retirement,28,Conservative
58,1137115,3,Retirement,30,Moderate
37,1473564,3,Tax,9,Moderate
33,300000,1,Wealth,3,Conservative
33,669321,3,Wealth,7,Moderate
32,300000,1,Income,9,Conservative
30,558854,5,Income,7,Moderate
38,1802155,1,Education,12,Moderate
29,1104239,5,Wealth,7,Aggressive
33,523362,4,Wealth,12,Aggressive
31,820197,4,Wealth,9,Aggressive
28,728096,4,Tax,6,Aggressive
39,1002129,2,Tax,11,Moderate
39,520342,1,Tax,12,Conservative
30,739855,5,Retirement,8,Aggressive
38,896172,5,Income,10,Moderate
54,1086046,5,Wealth,24,Aggressive
52,939972,1,Tax,30,Conservative
56,300000,4,Income,28,Moderate
50,333710,2,Tax,27,Conservative
27,1247673,1,Tax,0,Moderate
29,674687,2,Tax,2,Moderate
55,590587,2,Income,29,Conservative
32,676091,2,Retirement,4,Moderate
21,675457,1,Income,0,Conservative
36,300000,4,Wealth,7,Moderate
38,2704718,4,Wealth,11,Aggressive
35,744984,3,Wealth,5,Moderate
23,814379,5,Wealth,0,Aggressive
39,851825,5,Retirement,15,Aggressive
37,1580992,4,Retirement,14,Aggressive
32,1300874,5,Tax,10,Aggressive
34,764980,4,Retirement,11,Moderate
31,437642,2,Wealth,3,Moderate
45,1915882,3,Income,17,Moderate
25,838378,5,Wealth,0,Aggressive
53,1222546,2,Income,23,Conservative
29,377297,5,Tax,0,Moderate
31,1269789,3,Retirement,8,Moderate
33,300000,1,Retirement,12,Conservative
31,610401,3,Income,3,Conservative
49,884725,2,Education,20,Moderate
31,2719923,3,Wealth,2,Moderate
39,1278060,2,Tax,13,Conservative
29,2204886,3,Wealth,6,Aggressive
32,1112375,5,Wealth,6,Aggressive
54,370656,3,Retirement,26,Conservative
35,372134,3,Wealth,8,Moderate
35,1373635,4,Income,13,Aggressive
33,399821,3,Retirement,9,Moderate
35,300000,5,Retirement,13,Aggressive
29,407097,2,Wealth,5,Moderate
28,972601,1,Wealth,2,Moderate
47,462483,1,Wealth,17,Conservative
27,1940798,1,Tax,0,Moderate
31,1086976,1,Wealth,5,Conservative
41,920267,2,Wealth,14,Moderate
43,1057555,2,Wealth,21,Moderate
24,1230135,1,Wealth,0,Moderate
53,1242688,3,Income,25,Moderate
24,455019,3,Retirement,2,Moderate
47,1948279,4,Retirement,22,Aggressive
50,1251260,2,Tax,29,Moderate
46,611414,4,Wealth,24,Aggressive
63,1384516,5,Tax,36,Aggressive
42,317193,2,Wealth,14,Moderate
38,1466775,1,Tax,12,Conservative
30,986205,1,Wealth,1,Moderate
57,300000,4,Tax,34,Moderate
30,3264167,2,Retirement,6,Moderate
46,322879,3,Wealth,23,Moderate
22,1204785,2,Tax,0,Moderate
55,2169561,4,Tax,25,Aggressive
35,300000,4,Wealth,14,Moderate
61,948686,1,Education,37,Conservative
40,1499079,1,Wealth,10,Moderate
49,1760785,5,Wealth,20,Aggressive
45,1889406,4,Tax,18,Aggressive
49,1541321,5,Wealth,22,Aggressive
32,637184,5,Education,5,Aggressive
36,1111828,1,Tax,6,Conservative
50,3295287,3,Tax,26,Moderate
53,1952303,1,Wealth,32,Moderate
53,505443,2,Income,27,Conservative
48,1699344,3,Retirement,22,Moderate
38,2083174,4,Tax,12,Aggressive
30,435479,3,Wealth,4,Moderate
34,794338,4,Tax,9,Moderate
46,659892,4,Tax,19,Moderate
50,1539769,5,Retirement,27,Aggressive
23,605127,2,Income,0,Moderate
27,518956,1,Education,1,Moderate
35,1730794,5,Wealth,10,Aggressive
62,346759,5,Wealth,34,Aggressive
52,917924,2,Tax,24,Conservative
59,483928,1,Retirement,29,Conservative
58,1729959,5,Wealth,36,Aggressive
45,525434,3,Wealth,24,Aggressive
55,827113,1,Wealth,28,Moderate
32,300000,2,Wealth,6,Moderate
34,807149,3,Retirement,10,Moderate
27,712364,3,Retirement,5,Moderate
36,847548,5,Wealth,7,Aggressive
45,2005413,2,Wealth,18,Aggressive
38,1225315,2,Tax,16,Moderate
55,1063366,5,Income,30,Moderate
32,480652,1,Wealth,8,Conservative
46,3598164,4,Wealth,18,Aggressive
32,300000,5,Education,2,Moderate
29,348893,3,Tax,5,Moderate
35,472046,4,Tax,12,Moderate
35,920888,1,Retirement,7,Moderate
55,831047,1,Retirement,30,Conservative
28,475387,1,Retirement,2,Conservative
36,911926,4,Wealth,14,Aggressive
53,1813430,5,Tax,27,Aggressive
53,838151,2,Retirement,25,Moderate
31,333891,5,Education,9,Moderate
34,749570,5,Wealth,12,Aggressive
32,454803,4,Income,7,Conservative
25,302988,3,Education,1,Moderate
40,828265,4,Wealth,16,Aggressive
24,427952,3,Wealth,0,Moderate
22,639496,4,Wealth,0,Aggressive
63,1083375,3,Wealth,40,Moderate
37,1009044,2,Tax,14,Moderate
42,1873820,2,Wealth,18,Moderate
58,300000,1,Income,32,Conservative
40,698636,1,Income,16,Conservative
59,1636944,3,Wealth,29,Aggressive
44,300000,5,Retirement,19,Aggressive
35,715349,1,Wealth,7,Conservative
40,927723,4,Tax,19,Moderate
43,374125,2,Wealth,20,Moderate
43,502220,1,Income,15,Conservative
34,350637,1,Income,9,Conservative
30,979970,1,Retirement,1,Moderate
30,300000,4,Education,3,Aggressive
48,471766,4,Income,19,Moderate
48,487067,1,Wealth,18,Conservative
29,1521682,5,Retirement,8,Aggressive
33,300000,5,Wealth,6,Aggressive
42,1997812,4,Wealth,14,Aggressive
32,1360040,4,Tax,11,Aggressive
45,1675384,2,Wealth,24,Aggressive
39,597912,5,Retirement,9,Aggressive
26,600833,1,Wealth,0,Moderate
29,464701,3,Retirement,3,Moderate
49,1210450,2,Wealth,22,Moderate
41,630237,2,Income,17,Moderate
43,458031,1,Tax,13,Conservative
38,629141,1,Wealth,13,Moderate
60,1045278,4,Wealth,35,Aggressive
33,332896,5,Wealth,4,Aggressive
34,414212,4,Wealth,11,Moderate
59,2073896,5,Retirement,38,Aggressive
31,427294,5,Tax,9,Moderate
38,2220506,3,Wealth,8,Aggressive
48,557372,2,Tax,26,Moderate
33,312092,3,Retirement,3,Conservative
29,2103701,1,Tax,3,Moderate
33,2735153,3,Education,5,Moderate
38,536841,3,Education,8,Moderate
38,1732207,2,Tax,11,Moderate
28,866462,3,Tax,7,Moderate
59,900233,2,Tax,31,Moderate
54,1004185,2,Tax,27,Moderate
26,817609,2,Wealth,4,Moderate
21,866011,2,Education,0,Moderate
34,809564,3,Tax,8,Moderate
26,538631,4,Retirement,0,Moderate
34,491166,4,Retirement,8,Moderate
38,360608,1,Wealth,17,Moderate
29,300000,2,Retirement,0,Conservative
37,756198,4,Tax,14,Moderate
35,446854,1,Wealth,10,Conservative
32,300000,3,Income,4,Conservative
31,453363,1,Wealth,9,Conservative
59,555777,4,Income,35,Moderate
40,548703,1,Retirement,15,Conservative
27,2136962,1,Income,0,Conservative
24,531452,1,Retirement,2,Conservative
40,2217575,4,Wealth,14,Aggressive
41,476489,2,Tax,14,Conservative
50,1129767,3,Retirement,20,Moderate
39,400149,2,Education,17,Moderate
63,2678864,5,Tax,33,Aggressive
29,1900978,2,Retirement,0,Moderate
32,1361441,3,Wealth,8,Aggressive
30,3218066,1,Retirement,6,Moderate
36,1482215,2,Retirement,10,Moderate
59,1095758,4,Education,37,Aggressive
47,312200,5,Tax,18,Moderate
37,300000,1,Wealth,12,Conservative
50,325755,1,Wealth,25,Moderate
38,300000,1,Retirement,11,Conservative
29,460491,2,Wealth,3,Moderate
54,1734099,4,Tax,24,Moderate
32,382061,3,Wealth,8,Moderate
33,583205,5,Retirement,7,Moderate
30,838864,4,Education,8,Aggressive
58,859855,2,Income,29,Conservative
40,532097,5,Income,16,Moderate
22,1852198,4,Tax,0,Aggressive
26,820011,3,Education,0,Moderate
30,908503,3,Education,3,Moderate
52,4560387,1,Wealth,29,Moderate
21,2719394,1,Wealth,0,Moderate
43,816987,3,Education,17,Moderate
34,1181789,1,Wealth,11,Moderate
61,422799,1,Retirement,35,Conservative
48,300000,3,Wealth,21,Moderate
38,1299033,5,Income,14,Moderate
29,384591,3,Wealth,4,Aggressive
49,1196682,1,Retirement,28,Conservative
26,3625120,5,Wealth,5,Aggressive
45,300000,1,Wealth,17,Conservative
30,300000,2,Wealth,4,Moderate
46,423830,1,Tax,25,Conservative
32,1421321,4,Wealth,7,Aggressive
34,1934215,4,Income,9,Moderate
60,1419875,1,Tax,32,Moderate
34,986084,1,Wealth,13,Moderate
33,815691,2,Retirement,12,Moderate
56,879044,5,Income,35,Moderate
26,1846459,5,Education,0,Aggressive
21,513534,2,Tax,0,Moderate
34,829975,3,Tax,7,Moderate
55,359255,1,Income,25,Conservative
24,1036586,1,Retirement,0,Moderate
49,816470,4,Tax,22,Moderate
25,4928241,4,Retirement,0,Aggressive
58,300000,3,Tax,34,Moderate
37,1553801,5,Income,10,Moderate
43,563195,5,Tax,17,Aggressive
49,1435596,5,Wealth,25,Aggressive
43,1361632,1,Education,22,Moderate
27,658307,4,Wealth,0,Aggressive
26,391571,1,Tax,0,Conservative
33,384772,3,Wealth,8,Moderate
55,867698,2,Tax,25,Conservative
29,485983,2,Wealth,0,Moderate
37,686147,5,Wealth,9,Aggressive
31,338069,4,Wealth,9,Aggressive
46,1150284,3,Tax,19,Moderate
44,431556,1,Wealth,16,Conservative
37,602272,3,Education,13,Moderate
62,2025037,3,Retirement,40,Moderate
23,894303,3,Tax,2,Moderate
44,1368037,4,Income,19,Moderate
54,413045,3,Education,26,Conservative
45,978568,2,Retirement,21,Moderate
53,1090174,5,Tax,32,Aggressive
21,410075,3,Retirement,0,Moderate
65,841297,1,Wealth,40,Conservative
32,600433,2,Tax,3,Moderate
58,975225,3,Retirement,34,Moderate
21,319286,4,Retirement,0,Moderate
37,386671,3,Wealth,13,Moderate
39,304013,5,Tax,14,Moderate
25,360300,2,Education,0,Conservative
35,520256,5,Retirement,11,Aggressive
31,1154395,5,Retirement,4,Aggressive
41,859813,4,Income,16,Moderate
55,857895,3,Wealth,31,Moderate
39,407036,5,Retirement,11,Moderate
36,793537,2,Wealth,8,Moderate
39,1942671,3,Retirement,10,Moderate
47,991196,5,Tax,23,Moderate
24,1421945,1,Income,0,Conservative
28,565938,1,Income,1,Conservative
29,576346,1,Tax,3,Conservative
56,1161241,5,Tax,32,Aggressive
60,417976,4,Tax,38,Moderate
45,740826,5,Retirement,23,Aggressive
33,918834,2,Wealth,9,Moderate
50,613359,1,Wealth,24,Moderate
38,446242,5,Income,12,Moderate
49,511364,1,Wealth,19,Moderate
38,307282,2,Retirement,12,Conservative
41,978874,4,Retirement,11,Moderate
28,1445663,4,Wealth,7,Aggressive
49,566090,4,Education,24,Moderate
21,5478257,1,Wealth,0,Moderate
57,474038,5,Education,27,Moderate
50,479655,3,Tax,23,Conservative
49,1381665,2,Education,21,Moderate
53,1245022,1,Wealth,25,Moderate
27,1288426,2,Retirement,0,Moderate
37,1706496,1,Education,10,Moderate
54,419890,4,Tax,26,Moderate
52,1046621,2,Retirement,24,Moderate
24,302700,3,Tax,0,Moderate
48,1699601,4,Wealth,24,Aggressive
41,1618283,4,Tax,14,Moderate
27,1673469,3,Wealth,5,Aggressive
44,776927,3,Wealth,14,Moderate
54,1654496,4,Retirement,27,Aggressive
30,906644,3,Wealth,1,Aggressive
27,2122719,4,Wealth,1,Aggressive
48,649419,5,Wealth,27,Aggressive
23,643024,1,Tax,0,Conservative
38,1087454,5,Wealth,16,Aggressive
35,333222,1,Wealth,8,Conservative
35,683075,1,Tax,6,Conservative
21,777897,5,Retirement,0,Aggressive
37,316285,1,Retirement,12,Conservative
26,863870,1,Retirement,0,Conservative
28,1139720,4,Income,6,Moderate
44,1447635,1,Wealth,15,Moderate
50,300000,3,Education,21,Moderate
33,1638454,1,Wealth,7,Moderate
28,300000,2,Retirement,5,Moderate
55,427301,4,Education,27,Moderate
48,3365700,4,Tax,22,Aggressive
56,897851,1,Wealth,32,Conservative
32,387827,2,Education,11,Conservative
31,310623,2,Income,2,Conservative
33,332223,4,Wealth,5,Moderate
25,415393,5,Retirement,0,Moderate
56,1594413,2,Retirement,28,Moderate
42,1182962,1,Tax,20,Moderate
34,1701790,3,Wealth,11,Moderate
49,384261,5,Tax,25,Moderate
37,300000,1,Wealth,15,Conservative
37,1260875,1,Wealth,15,Moderate
26,770778,5,Retirement,0,Aggressive
49,461731,3,Wealth,25,Moderate
54,1618458,5,Income,29,Moderate
33,2000738,4,Retirement,10,Moderate
27,2694204,1,Wealth,6,Moderate
38,391684,4,Wealth,13,Moderate
42,1905935,4,Tax,14,Moderate
30,1058912,4,Income,3,Moderate
21,521334,3,Wealth,0,Moderate
52,1880029,1,Retirement,29,Moderate
51,433869,4,Tax,24,Moderate
62,519474,4,Income,40,Conservative
28,1517128,4,Wealth,0,Aggressive
43,524029,2,Wealth,22,Moderate
50,1071360,1,Wealth,23,Moderate
28,568597,4,Retirement,0,Moderate
34,910390,3,Retirement,9,Moderate
26,957849,2,Retirement,0,Moderate
28,412094,2,Tax,0,Moderate
44,932134,5,Education,16,Aggressive
46,557862,3,Wealth,21,Aggressive
52,412745,5,Tax,29,Aggressive
28,369636,2,Income,0,Conservative
47,372546,5,Retirement,19,Moderate
51,527221,5,Tax,23,Aggressive
29,1204941,5,Wealth,7,Aggressive
29,310308,4,Wealth,0,Aggressive
46,854658,2,Wealth,24,Moderate
42,1047933,5,Wealth,15,Aggressive
27,1623923,3,Income,0,Moderate
45,550453,4,Education,24,Moderate
48,903358,2,Retirement,19,Moderate
25,359074,2,Tax,1,Conservative
23,324006,1,Wealth,0,Moderate
36,1038938,2,Retirement,10,Conservative
27,3429871,5,Tax,1,Aggressive
40,1279829,1,Income,10,Conservative
55,344269,2,Retirement,27,Conservative
36,366035,4,Tax,8,Moderate
28,1240650,2,Wealth,3,Aggressive
21,1335133,4,Wealth,0,Aggressive
43,837628,2,Wealth,17,Moderate
23,695610,2,Income,2,Conservative
60,1161913,5,Wealth,35,Aggressive
42,391613,2,Tax,15,Conservative
38,1654829,5,Tax,14,Aggressive
61,1032607,1,Tax,31,Conservative
43,458395,2,Income,13,Conservative
53,759898,5,Retirement,25,Moderate
37,9149929,4,Wealth,9,Aggressive
21,656412,1,Education,0,Moderate
46,1195547,1,Wealth,18,Moderate
60,1445613,4,Wealth,32,Aggressive
44,922292,1,Retirement,16,Moderate
30,608421,4,Retirement,2,Moderate
30,484275,3,Income,7,Moderate
59,713363,5,Retirement,38,Moderate
29,729459,2,Wealth,0,Moderate
36,1967944,1,Wealth,15,Conservative
28,2470884,3,Wealth,0,Aggressive
36,2864310,4,Tax,13,Aggressive
52,630554,2,Wealth,25,Conservative
27,1680658,4,Wealth,0,Aggressive
47,980132,4,Tax,23,Moderate
35,378876,4,Tax,9,Moderate
48,300000,1,Tax,21,Conservative
41,643130,3,Retirement,20,Moderate
46,729833,1,Wealth,25,Moderate
37,431092,2,Tax,9,Conservative
53,1915647,3,Education,26,Moderate
49,2284002,2,Wealth,26,Aggressive
32,707283,1,Retirement,2,Conservative
48,2353412,5,Wealth,20,Aggressive
54,1086006,5,Wealth,24,Aggressive
48,300000,3,Wealth,25,Moderate
27,300000,5,Wealth,5,Aggressive
34,1023490,4,Tax,12,Moderate
28,723609,5,Tax,1,Aggressive
33,419836,5,Retirement,10,Moderate
35,1094353,4,Wealth,14,Aggressive
30,3730381,4,Education,4,Aggressive
48,847349,2,Tax,19,Conservative
36,599131,1,Income,12,Conservative
37,493598,3,Wealth,8,Moderate
38,351769,4,Tax,17,Moderate
59,1425764,3,Wealth,36,Moderate
42,597978,2,Tax,14,Conservative
33,732226,5,Tax,5,Aggressive
31,605496,1,Wealth,5,Moderate
38,2478177,1,Education,12,Moderate
58,300000,4,Retirement,32,Moderate
27,1302702,5,Retirement,0,Aggressive
62,1482411,1,Wealth,36,Moderate
39,480871,3,Wealth,16,Moderate
58,1232168,5,Wealth,36,Aggressive
24,715802,4,Retirement,0,Moderate
26,1425385,3,Retirement,0,Moderate
30,409030,1,Retirement,7,Conservative
28,973492,3,Income,0,Moderate
50,848141,5,Wealth,23,Aggressive
45,1178175,3,Wealth,21,Aggressive
49,300000,4,Income,28,Moderate
56,487480,1,Wealth,28,Conservative
37,1214649,3,Wealth,16,Aggressive
22,2746781,3,Wealth,0,Aggressive
31,1678466,2,Income,6,Conservative
54,1069448,5,Retirement,27,Aggressive
53,445395,4,Retirement,31,Moderate
48,993432,1,Education,23,Conservative
51,1214539,3,Retirement,23,Moderate
51,2804130,2,Education,26,Moderate
27,433812,5,Wealth,0,Aggressive
44,618397,4,Retirement,19,Moderate
30,3293127,2,Income,5,Moderate
49,701488,5,Wealth,19,Aggressive
65,1136386,1,Wealth,37,Conservative
33,384041,4,Retirement,6,Moderate
64,634345,1,Education,40,Conservative
39,1012097,5,Wealth,11,Aggressive
22,617634,3,Education,0,Moderate
58,915249,3,Tax,28,Moderate
50,963981,3,Retirement,24,Moderate
24,847189,1,Wealth,0,Moderate
41,477013,1,Retirement,19,Conservative
57,1439465,1,Retirement,36,Conservative
32,915203,3,Tax,3,Moderate
58,505884,5,Retirement,34,Aggressive
21,458735,3,Education,0,Moderate
44,391882,5,Wealth,17,Aggressive
36,1873695,5,Income,15,Aggressive
40,489285,5,Retirement,10,Aggressive
36,426359,4,Retirement,11,Moderate
23,403400,1,Income,0,Conservative
57,300000,5,Tax,29,Moderate
35,3770153,5,Education,9,Aggressive
40,857908,5,Education,12,Aggressive
23,433681,1,Tax,2,Conservative
37,633597,4,Retirement,14,Moderate
26,334489,1,Wealth,5,Conservative
46,917210,3,Wealth,17,Moderate
33,725057,1,Wealth,8,Conservative
61,1757705,1,Tax,38,Conservative
46,494177,2,Tax,24,Conservative
46,1038219,2,Tax,19,Moderate
45,816665,4,Income,23,Moderate
34,442499,1,Income,11,Conservative
43,1036915,2,Wealth,17,Aggressive
36,762087,1,Income,12,Conservative
21,1618301,5,Tax,0,Aggressive
44,1068275,2,Income,17,Moderate
32,576339,2,Education,5,Moderate
32,1501943,2,Retirement,9,Moderate
56,987158,1,Tax,28,Conservative
48,560073,5,Income,20,Moderate
22,1563828,1,Wealth,0,Moderate
30,1479438,2,Retirement,6,Moderate
22,428151,5,Wealth,0,Aggressive
24,484390,2,Wealth,1,Moderate
29,879243,4,Tax,6,Moderate
60,629336,5,Retirement,35,Aggressive
35,643017,4,Retirement,10,Moderate
62,462257,3,Wealth,33,Moderate
33,909412,2,Wealth,12,Moderate
37,941848,3,Wealth,16,Aggressive
29,300000,1,Education,4,Moderate
35,615144,4,Education,13,Moderate
26,543538,3,Income,0,Conservative
26,978598,3,Wealth,3,Aggressive
61,1202727,2,Income,37,Conservative
56,1337626,5,Tax,32,Aggressive
50,622087,2,Education,24,Moderate
59,1172518,2,Retirement,34,Moderate
29,300000,1,Retirement,0,Conservative
50,2048197,4,Retirement,28,Aggressive
53,495677,1,Retirement,29,Conservative
59,313913,5,Wealth,34,Aggressive
59,497702,3,Wealth,34,Moderate
32,2218855,4,Tax,2,Aggressive
34,1257315,1,Income,12,Conservative
39,2822963,1,Tax,18,Moderate
53,995212,5,Income,26,Moderate
28,2084228,3,Retirement,5,Aggressive
23,627355,3,Retirement,0,Moderate
40,322848,4,Education,11,Moderate
52,1041466,4,Education,30,Moderate
52,849241,2,Tax,24,Moderate
36,1144224,5,Retirement,11,Aggressive
58,1443508,4,Retirement,31,Moderate
27,1068323,5,Tax,0,Aggressive
36,754294,4,Wealth,12,Aggressive
47,778920,5,Education,20,Aggressive
57,1129332,2,Tax,31,Conservative
57,300000,1,Wealth,28,Conservative
62,493163,1,Retirement,32,Conservative
26,3503251,3,Wealth,2,Aggressive
47,577252,2,Wealth,21,Conservative
29,1295354,1,Tax,5,Moderate
59,611879,2,Wealth,30,Moderate
37,698633,4,Retirement,7,Moderate
43,300000,3,Tax,22,Moderate
41,1247447,2,Wealth,19,Moderate
54,553562,4,Income,26,Moderate
21,300000,4,Wealth,0,Moderate
41,301637,3,Tax,15,Conservative
41,870133,5,Education,15,Moderate
53,498261,3,Wealth,32,Moderate
33,456424,4,Wealth,6,Moderate
32,595670,2,Wealth,10,Moderate
46,300000,1,Retirement,19,Conservative
41,300000,1,Tax,11,Conservative
29,1261926,4,Retirement,4,Aggressive
59,1156029,2,Wealth,35,Moderate
51,1192970,3,Tax,22,Moderate
49,1233683,1,Retirement,20,Conservative
38,1094991,4,Retirement,12,Aggressive
47,2206418,5,Retirement,26,Aggressive
40,1228037,1,Retirement,19,Moderate
33,827115,1,Retirement,3,Conservative
36,2369201,4,Retirement,14,Aggressive
34,1172170,5,Wealth,12,Aggressive
31,1204634,4,Wealth,1,Aggressive
29,567595,1,Wealth,1,Moderate
33,824268,4,Wealth,10,Aggressive
31,362848,1,Wealth,10,Conservative
24,300000,2,Education,0,Moderate
41,300000,4,Wealth,13,Moderate
43,690700,3,Retirement,17,Moderate
32,2100933,4,Income,8,Moderate
46,1092839,2,Wealth,17,Moderate
56,1479426,1,Tax,26,Conservative
39,439697,2,Income,11,Conservative
21,996140,2,Wealth,0,Moderate
22,3345266,4,Income,0,Aggressive
32,1410100,3,Tax,4,Moderate
25,620424,3,Income,1,Moderate
62,300000,4,Wealth,33,Moderate
32,321472,3,Wealth,3,Moderate
44,1276503,3,Wealth,22,Aggressive
32,940897,3,Education,3,Moderate
29,2835605,5,Income,6,Aggressive
37,843474,2,Retirement,10,Moderate
57,300000,1,Retirement,27,Conservative
49,687386,5,Wealth,22,Aggressive
53,830504,1,Wealth,31,Conservative
34,615671,4,Wealth,7,Moderate
47,804331,5,Tax,23,Aggressive
31,1046574,2,Tax,3,Moderate
52,300000,1,Retirement,24,Conservative
31,503904,5,Income,2,Moderate
28,1950182,4,Wealth,1,Aggressive
25,2492431,1,Wealth,3,Moderate
56,329881,2,Income,29,Conservative
33,330286,2,Retirement,9,Conservative
46,1375701,1,Tax,18,Conservative
56,3331285,2,Retirement,28,Moderate
29,940198,1,Retirement,8,Moderate
24,869937,4,Wealth,0,Aggressive
30,490852,1,Retirement,0,Conservative
37,1637911,1,Wealth,13,Moderate
25,652168,1,Retirement,3,Moderate
22,2419119,1,Wealth,0,Moderate
26,1037631,5,Wealth,0,Aggressive
38,966391,2,Income,14,Conservative
52,453352,2,Education,22,Conservative
57,464769,3,Wealth,31,Moderate
38,523057,5,Income,12,Moderate
26,755409,2,Income,0,Moderate
22,1747430,5,Retirement,0,Aggressive
45,1433051,1,Retirement,20,Moderate
38,580186,1,Retirement,11,Conservative
26,300000,2,Tax,0,Moderate
45,485328,4,Wealth,19,Aggressive
25,897639,2,Wealth,4,Moderate
30,948036,4,Education,5,Aggressive
54,2908432,1,Income,29,Conservative
42,2194470,3,Retirement,20,Aggressive
53,1405590,1,Wealth,24,Moderate
56,511641,5,Education,28,Aggressive
44,981880,1,Wealth,20,Moderate
26,1154560,1,Wealth,4,Moderate
61,2027834,5,Wealth,36,Aggressive
22,403384,1,Tax,0,Conservative
45,1504232,2,Income,18,Moderate
29,1223162,1,Retirement,0,Conservative
46,564564,5,Retirement,19,Aggressive
32,2007907,1,Wealth,5,Moderate
33,300000,5,Wealth,7,Aggressive
22,3689770,4,Wealth,0,Aggressive
60,2025834,5,Wealth,37,Aggressive
31,703725,3,Wealth,4,Moderate
39,599535,2,Income,9,Moderate
62,786945,1,Tax,40,Conservative
34,476244,2,Retirement,5,Conservative
32,688044,1,Education,7,Conservative
36,1432149,4,Wealth,7,Aggressive
28,491020,2,Education,2,Conservative
51,1556832,1,Wealth,23,Moderate
50,678129,4,Tax,25,Moderate
44,1732807,3,Wealth,23,Aggressive
35,2092707,1,Wealth,5,Moderate
37,400550,4,Tax,12,Moderate
27,300000,3,Tax,1,Conservative
24,905117,3,Education,0,Moderate
22,964669,3,Wealth,1,Aggressive
36,342414,1,Tax,15,Conservative
30,2590953,4,Education,6,Aggressive
35,625629,1,Retirement,8,Moderate
36,1261384,5,Retirement,7,Aggressive
50,482644,2,Retirement,26,Conservative
35,300000,4,Education,10,Moderate
33,1825546,4,Tax,8,Moderate
49,421609,1,Education,19,Conservative
39,1397254,5,Retirement,14,Aggressive
58,451678,4,Income,34,Moderate
30,691099,5,Retirement,3,Aggressive
34,721182,2,Wealth,13,Moderate
47,791522,4,Retirement,23,Moderate
46,514139,5,Income,21,Moderate
45,1334184,5,Wealth,18,Aggressive
30,1559514,5,Wealth,7,Aggressive
38,1895464,5,Education,16,Aggressive
28,589726,1,Wealth,4,Moderate
49,368349,4,Retirement,22,Moderate
57,936277,1,Wealth,35,Moderate
49,1044843,5,Wealth,22,Aggressive
33,1049074,3,Retirement,5,Moderate
29,2358383,4,Income,3,Aggressive
22,871126,1,Wealth,0,Moderate
30,3502395,5,Tax,9,Aggressive
31,1492096,5,Wealth,1,Aggressive
48,1524682,4,Wealth,26,Aggressive
49,857075,2,Income,25,Conservative
57,648184,4,Wealth,29,Aggressive
55,525841,1,Tax,32,Conservative
33,916376,2,Tax,5,Moderate
46,1488401,4,Retirement,22,Aggressive
47,702355,4,Retirement,22,Moderate
56,621915,4,Retirement,33,Moderate
48,391693,3,Wealth,22,Moderate
52,1153631,4,Wealth,29,Aggressive
36,381593,1,Wealth,7,Conservative
32,1065099,5,Tax,6,Aggressive
39,982914,1,Tax,18,Conservative
34,731434,4,Tax,4,Moderate
29,1874199,2,Tax,6,Moderate
48,2453540,3,Income,20,Moderate
35,300000,3,Tax,13,Moderate
42,300000,3,Retirement,14,Moderate
30,1213802,2,Wealth,0,Moderate
33,2637224,2,Retirement,7,Moderate
32,310773,2,Retirement,8,Moderate
53,1082785,2,Wealth,31,Moderate
37,300000,1,Wealth,14,Conservative
32,300000,5,Tax,10,Moderate
23,3429738,2,Wealth,0,Moderate
50,1058292,5,Tax,26,Aggressive
31,300000,4,Wealth,6,Aggressive
31,693060,5,Retirement,6,Aggressive
33,466670,4,Wealth,12,Moderate
31,597830,3,Income,2,Conservative
59,647363,4,Retirement,38,Moderate
55,934534,1,Education,30,Moderate
28,1104087,4,Tax,6,Aggressive
33,498654,3,Wealth,9,Moderate
45,481191,3,Income,20,Moderate
37,1069869,5,Tax,11,Aggressive
35,511158,5,Wealth,6,Aggressive
24,508452,3,Wealth,1,Moderate
46,867997,4,Retirement,17,Moderate
54,823561,4,Tax,31,Moderate
46,590694,2,Income,24,Conservative
35,1683886,1,Wealth,9,Moderate
55,1139053,4,Wealth,30,Aggressive
39,3310680,3,Tax,12,Moderate
53,677477,1,Wealth,30,Moderate
56,1320749,5,Wealth,27,Aggressive
36,2236432,3,Tax,15,Moderate
31,431431,3,Wealth,8,Moderate
53,627202,5,Retirement,28,Aggressive
46,1901928,4,Tax,23,Moderate
43,1291516,5,Retirement,20,Aggressive
21,793329,3,Wealth,0,Moderate
39,306469,4,Wealth,9,Moderate
21,324955,5,Retirement,0,Aggressive
36,586996,4,Wealth,10,Aggressive
22,459563,1,Retirement,0,Conservative
35,467146,4,Wealth,6,Moderate
49,300000,3,Income,23,Conservative
42,311896,5,Wealth,16,Aggressive
29,435059,4,Tax,0,Moderate
26,875144,2,Tax,5,Conservative
35,633605,5,Tax,14,Moderate
34,839801,5,Retirement,11,Moderate
21,814630,2,Wealth,0,Moderate
27,300000,4,Tax,0,Moderate
51,1697400,1,Retirement,21,Conservative
42,1346648,3,Income,19,Moderate
52,830607,1,Income,28,Conservative
28,556485,3,Wealth,1,Aggressive
62,2088796,3,Education,39,Aggressive
25,395911,5,Retirement,0,Aggressive
36,1599784,3,Income,11,Moderate
26,438872,5,Wealth,0,Aggressive
39,2025744,2,Tax,18,Moderate
62,1115948,3,Retirement,33,Moderate
24,1508438,2,Wealth,0,Moderate
50,935139,1,Wealth,26,Moderate
43,1102260,5,Wealth,16,Aggressive
33,823940,5,Wealth,6,Aggressive
41,395707,4,Retirement,17,Moderate
51,1733933,3,Wealth,22,Moderate
55,669203,4,Education,32,Moderate
29,863100,4,Tax,5,Aggressive
49,300000,2,Tax,27,Conservative
22,711981,5,Retirement,0,Aggressive
31,1064467,2,Wealth,5,Moderate
38,2698190,5,Tax,12,Aggressive
43,770341,5,Retirement,18,Aggressive
59,634275,4,Education,32,Moderate
48,508242,2,Retirement,22,Moderate
47,517114,2,Income,20,Conservative
26,2813658,5,Wealth,1,Aggressive
25,382581,2,Retirement,0,Moderate
60,603161,3,Wealth,32,Moderate
56,2183491,2,Tax,35,Moderate
54,1806443,1,Tax,25,Moderate
46,4078574,2,Retirement,24,Moderate
28,1708307,3,Tax,0,Moderate
29,956933,2,Retirement,3,Moderate
32,1243988,3,Income,6,Moderate
35,397060,1,Education,10,Conservative
56,751461,4,Tax,27,Moderate
28,410128,5,Retirement,3,Aggressive
29,2193437,5,Income,7,Aggressive
46,300000,5,Education,19,Moderate
38,678695,1,Retirement,10,Conservative
45,386582,1,Tax,15,Conservative
38,1633201,3,Income,8,Moderate
43,907974,1,Tax,20,Conservative
50,789511,4,Wealth,28,Aggressive
43,352564,3,Retirement,22,Conservative
46,2187500,4,Tax,25,Aggressive
31,420720,4,Retirement,1,Moderate
54,607127,2,Tax,28,Conservative
56,803724,5,Wealth,33,Aggressive
37,1174097,4,Wealth,7,Aggressive
29,658840,5,Wealth,8,Aggressive
29,2204101,3,Wealth,4,Aggressive
53,838065,5,Retirement,32,Moderate
32,2587862,1,Wealth,3,Moderate
21,423389,5,Wealth,0,Aggressive
27,1166644,1,Retirement,6,Moderate
54,480573,2,Tax,24,Conservative
41,722672,2,Retirement,16,Moderate
31,317226,4,Retirement,2,Moderate
46,2110351,1,Wealth,20,Moderate
37,2109545,1,Wealth,8,Moderate
34,1901435,5,Wealth,7,Aggressive
49,1580373,2,Education,19,Moderate
62,5510054,1,Education,40,Moderate
49,934784,3,Wealth,23,Moderate
56,2624499,2,Wealth,30,Moderate
27,800585,4,Income,0,Moderate
36,1235750,4,Wealth,15,Aggressive
29,1434643,2,Wealth,4,Aggressive
33,300000,1,Wealth,8,Conservative
32,744975,4,Income,9,Moderate
42,690187,2,Wealth,15,Moderate
26,792149,5,Wealth,3,Aggressive
28,487712,1,Income,4,Conservative
52,905016,2,Tax,27,Conservative
41,1034913,5,Retirement,11,Aggressive
38,399017,3,Education,11,Moderate
45,827588,4,Retirement,21,Aggressive
26,677513,2,Retirement,0,Conservative
24,1874476,1,Retirement,0,Conservative
29,1208713,5,Tax,0,Aggressive
30,470469,2,Wealth,6,Moderate
34,1598365,2,Tax,4,Moderate
34,777648,5,Tax,12,Moderate
56,842569,2,Wealth,27,Moderate
29,422264,1,Retirement,0,Conservative
46,928710,4,Tax,25,Moderate
49,1561717,1,Education,24,Moderate
58,681172,1,Education,28,Conservative
60,2437072,4,Wealth,34,Aggressive
37,1516849,2,Retirement,7,Conservative
41,449510,5,Retirement,19,Aggressive
32,968015,5,Wealth,11,Aggressive
67,307536,3,Wealth,40,Moderate
34,409875,1,Education,12,Conservative
34,300000,4,Wealth,8,Moderate
33,300000,5,Income,4,Moderate
45,655128,4,Retirement,24,Moderate
40,705819,5,Retirement,13,Aggressive
32,945093,4,Tax,2,Moderate
50,430400,1,Retirement,26,Conservative
31,1445005,3,Education,10,Moderate
58,694116,3,Income,32,Conservative
28,1001641,1,Wealth,4,Moderate
50,300000,2,Tax,26,Conservative
54,807833,2,Retirement,28,Moderate
28,1398636,4,Retirement,2,Aggressive
30,300000,1,Retirement,1,Conservative
28,824951,1,Wealth,0,Moderate
44,463993,4,Retirement,16,Moderate
36,2370092,4,Retirement,7,Aggressive
62,327415,5,Tax,38,Moderate
38,3659316,3,Wealth,11,Aggressive
55,1991879,5,Tax,30,Aggressive
55,872843,4,Retirement,34,Moderate
50,300000,4,Wealth,27,Aggressive
41,584687,4,Tax,14,Moderate
29,1303207,5,Tax,6,Aggressive
26,870832,3,Education,0,Moderate
39,373642,4,Wealth,15,Aggressive
40,1750243,2,Education,18,Moderate
31,753717,3,Retirement,5,Moderate
35,982539,2,Retirement,8,Conservative
51,1617436,2,Income,22,Conservative
56,1494905,3,Wealth,35,Moderate
38,1716860,2,Retirement,12,Moderate
41,1314591,1,Wealth,16,Moderate
34,504462,5,Tax,12,Moderate
39,782609,4,Wealth,13,Aggressive
32,2073394,1,Education,11,Moderate
58,313561,4,Wealth,29,Aggressive
61,365999,4,Education,35,Moderate
33,1177447,1,Tax,10,Conservative
34,756788,4,Income,12,Moderate
31,300000,3,Retirement,2,Moderate
38,1314901,5,Wealth,8,Aggressive
32,1106867,4,Wealth,6,Aggressive
26,5096426,5,Retirement,5,Aggressive
30,923228,2,Wealth,8,Moderate
21,3555564,4,Income,0,Moderate
21,1604829,2,Wealth,0,Aggressive
43,300000,5,Wealth,22,Aggressive
45,823576,1,Wealth,17,Conservative
53,770686,5,Wealth,25,Aggressive
32,757412,3,Income,4,Conservative
31,440217,3,Wealth,4,Moderate
53,1413144,5,Tax,28,Aggressive
48,633529,5,Retirement,19,Aggressive
35,1836024,2,Tax,5,Moderate
21,1656572,2,Retirement,0,Moderate
45,682034,4,Tax,16,Moderate
52,527229,2,Tax,29,Conservative
35,545326,1,Retirement,8,Conservative
43,821483,1,Wealth,20,Moderate
54,1010081,2,Retirement,28,Moderate
46,589082,5,Income,17,Moderate
30,602907,5,Tax,4,Aggressive
36,984263,1,Retirement,14,Moderate
58,1661406,5,Income,37,Moderate
51,955777,3,Retirement,26,Moderate
23,790547,5,Wealth,1,Aggressive
58,951691,1,Income,29,Conservative
43,300000,4,Retirement,22,Moderate
32,685397,2,Retirement,8,Moderate
26,334482,2,Wealth,0,Moderate
30,550369,4,Tax,5,Moderate
61,424891,3,Retirement,39,Moderate
36,420872,3,Wealth,9,Moderate
32,404517,4,Wealth,8,Moderate
40,4105085,5,Retirement,19,Aggressive
33,774887,1,Retirement,5,Moderate
44,1873055,3,Income,14,Moderate
49,1372930,3,Wealth,22,Moderate
46,1305267,4,Tax,16,Aggressive
45,1179553,4,Income,21,Moderate
26,3471777,3,Retirement,5,Aggressive
55,1087362,5,Retirement,28,Aggressive
34,300000,2,Retirement,11,Conservative
57,713587,2,Income,29,Conservative
58,387550,2,Wealth,28,Moderate
27,302548,2,Retirement,1,Moderate
56,1090508,3,Wealth,29,Moderate
37,300000,3,Retirement,7,Moderate
30,869828,2,Education,5,Moderate
21,300000,2,Wealth,0,Moderate
37,712969,5,Wealth,14,Aggressive
52,1388295,5,Tax,30,Aggressive
34,510373,5,Tax,13,Aggressive
55,352271,1,Retirement,25,Conservative
60,635140,5,Wealth,36,Aggressive
54,1243579,5,Wealth,29,Aggressive
63,996888,3,Wealth,35,Moderate
36,766694,2,Tax,13,Conservative
34,448806,5,Wealth,8,Aggressive
55,606302,5,Income,27,Moderate
54,1306384,5,Tax,25,Aggressive
63,734096,3,Wealth,37,Moderate
29,954957,1,Wealth,2,Moderate
32,626486,4,Wealth,5,Aggressive
59,365453,2,Retirement,36,Conservative
49,3274934,3,Education,20,Moderate
27,1395704,3,Wealth,0,Aggressive
28,978828,3,Income,5,Moderate
31,718503,5,Retirement,5,Aggressive
22,2180755,3,Retirement,0,Moderate
42,461599,4,Tax,12,Moderate
50,1288343,3,Tax,20,Moderate
44,827743,1,Retirement,23,Conservative
21,670811,2,Income,0,Conservative
44,663829,5,Retirement,18,Aggressive
27,2010880,2,Wealth,3,Aggressive
31,300000,2,Retirement,6,Conservative
31,2585995,3,Tax,9,Aggressive
49,1650632,3,Retirement,21,Moderate
51,827509,5,Retirement,23,Aggressive
24,682856,5,Wealth,0,Aggressive
60,800213,2,Retirement,38,Conservative
39,1131701,5,Retirement,14,Aggressive
29,1912822,3,Wealth,2,Aggressive
35,1131129,4,Tax,5,Aggressive
59,979279,3,Wealth,36,Moderate
64,821204,2,Wealth,34,Moderate
24,300000,3,Retirement,0,Moderate
56,300000,1,Retirement,33,Conservative
30,1741479,4,Tax,6,Aggressive
36,1122024,4,Income,9,Moderate
50,1438592,3,Wealth,22,Moderate
39,1420206,5,Wealth,13,Aggressive
31,1238177,2,Wealth,2,Moderate
56,1480921,5,Retirement,31,Aggressive
25,442878,3,Wealth,0,Moderate
48,1198312,2,Tax,26,Conservative
28,1106835,4,Wealth,7,Aggressive
29,2035195,2,Education,2,Moderate
33,300000,1,Income,12,Conservative
56,4294869,3,Education,34,Aggressive
31,1458983,3,Wealth,5,Moderate
37,964505,5,Wealth,9,Aggressive
30,413796,1,Education,0,Conservative
38,657260,5,Education,10,Aggressive
54,1027670,1,Wealth,26,Moderate
45,2595501,4,Retirement,18,Aggressive
45,2345422,2,Wealth,23,Aggressive
25,1243065,4,Income,2,Moderate
27,1344451,2,Wealth,2,Aggressive
26,926522,5,Tax,2,Aggressive
56,395877,1,Wealth,34,Moderate
30,466081,2,Retirement,4,Moderate
45,1583615,4,Retirement,16,Aggressive
26,1322030,3,Retirement,3,Aggressive
57,523636,3,Retirement,28,Moderate
31,474770,3,Tax,4,Conservative
62,1267892,5,Wealth,37,Aggressive
33,652951,4,Tax,8,Moderate
46,463665,2,Retirement,18,Conservative
55,1024130,4,Wealth,27,Aggressive
37,1294175,4,Income,14,Moderate
32,372604,5,Wealth,10,Aggressive
24,635997,2,Income,0,Conservative
62,1344958,2,Tax,36,Conservative
55,2426907,4,Retirement,33,Aggressive
27,989124,4,Tax,5,Moderate
39,564297,3,Education,18,Moderate
52,450968,4,Wealth,31,Moderate
52,805016,1,Retirement,27,Conservative
36,784820,3,Wealth,7,Moderate
51,300000,1,Income,25,Conservative
30,300000,4,Retirement,4,Aggressive
29,300000,4,Wealth,1,Moderate
46,814461,5,Retirement,23,Aggressive
26,1683935,4,Retirement,3,Aggressive
58,1525712,5,Wealth,29,Aggressive
56,329161,5,Wealth,28,Moderate
25,424309,2,Wealth,0,Moderate
44,324043,5,Wealth,21,Aggressive
57,857923,2,Tax,27,Moderate
37,1540529,2,Wealth,11,Moderate
29,1787391,3,Education,8,Moderate
37,500928,2,Wealth,11,Moderate
30,870866,3,Income,9,Moderate
30,478816,3,Retirement,1,Moderate
62,819241,3,Education,38,Conservative
44,517097,4,Income,20,Moderate
21,544836,5,Tax,0,Aggressive
27,319485,5,Income,3,Moderate
53,300000,1,Income,31,Conservative
29,617038,1,Education,3,Moderate
38,1021861,4,Wealth,15,Aggressive
57,929900,2,Retirement,32,Moderate
30,300000,1,Retirement,3,Moderate
37,300000,1,Retirement,7,Conservative
41,762354,3,Tax,19,Moderate
49,357998,1,Retirement,20,Conservative
26,588152,5,Income,1,Moderate
29,355644,3,Wealth,6,Moderate
38,300000,4,Retirement,17,Moderate
30,1829071,4,Education,8,Aggressive
32,1112297,4,Wealth,9,Aggressive
57,792232,3,Wealth,29,Moderate
31,1501561,1,Wealth,1,Moderate
38,816053,1,Wealth,15,Conservative
24,618514,5,Wealth,0,Aggressive
51,2573037,3,Retirement,28,Aggressive
28,2692977,3,Income,0,Moderate
37,397750,5,Wealth,12,Aggressive
59,975694,1,Wealth,31,Moderate
35,891433,1,Income,8,Conservative
32,1474747,2,Wealth,6,Moderate
38,384109,2,Wealth,16,Moderate
26,1969272,2,Tax,0,Moderate
40,421959,2,Tax,13,Conservative
31,733531,1,Retirement,2,Conservative
28,363851,4,Wealth,2,Aggressive
51,554331,3,Retirement,22,Moderate
42,390670,2,Tax,20,Moderate
50,413127,4,Tax,26,Moderate
49,1384126,2,Retirement,25,Moderate
53,781794,5,Wealth,24,Aggressive
30,3255660,2,Tax,9,Moderate
57,691922,5,Education,29,Aggressive
26,465068,3,Tax,0,Conservative
29,558502,2,Wealth,0,Moderate
33,723554,5,Education,7,Aggressive
53,1002846,3,Tax,27,Moderate
57,609116,2,Wealth,36,Moderate
39,327109,2,Wealth,13,Moderate
40,1549712,1,Tax,11,Moderate
40,1892147,4,Income,19,Moderate
54,598345,4,Retirement,32,Moderate
25,2281073,3,Wealth,0,Aggressive
30,566166,5,Wealth,3,Aggressive
33,1672435,4,Wealth,11,Aggressive
28,414649,5,Wealth,7,Aggressive
48,4245621,5,Retirement,19,Aggressive
45,300000,4,Tax,17,Moderate
56,373176,4,Retirement,32,Moderate
46,3754827,5,Income,22,Moderate
40,300000,5,Tax,13,Moderate
60,677946,2,Wealth,37,Moderate
49,556884,2,Wealth,19,Moderate
31,823867,5,Wealth,6,Aggressive
57,963574,4,Retirement,30,Aggressive
31,682055,2,Tax,7,Conservative
58,1353852,5,Wealth,29,Aggressive
43,2165901,5,Wealth,13,Aggressive
30,536755,3,Wealth,3,Aggressive
37,300000,3,Wealth,14,Moderate
50,502774,5,Tax,22,Aggressive
43,994409,5,Wealth,13,Aggressive
28,902963,5,Tax,6,Aggressive
33,1494666,2,Tax,7,Conservative
61,2970667,1,Education,37,Conservative
50,934866,2,Tax,25,Moderate
43,606455,5,Tax,13,Moderate
34,484628,2,Wealth,10,Moderate
57,707426,1,Income,27,Conservative
54,1462838,1,Wealth,32,Moderate
39,528276,1,Wealth,17,Moderate
33,1223883,5,Retirement,4,Aggressive
37,377309,4,Tax,13,Moderate
32,795692,4,Wealth,8,Aggressive
27,300000,4,Tax,6,Moderate
27,541804,3,Wealth,0,Aggressive
51,2268380,4,Wealth,25,Aggressive
39,967413,5,Tax,10,Moderate
33,734295,5,Education,5,Aggressive
40,974111,3,Income,10,Conservative
47,1155548,5,Wealth,18,Aggressive
57,1011605,5,Retirement,36,Aggressive
47,945922,3,Wealth,20,Moderate
31,401059,3,Retirement,10,Moderate
56,300000,3,Wealth,34,Moderate
37,1340689,5,Retirement,15,Aggressive
32,322521,3,Education,9,Moderate
56,1041020,1,Retirement,33,Moderate
26,1632200,2,Wealth,2,Moderate
63,391799,3,Income,37,Conservative
31,509185,3,Retirement,7,Moderate
44,723965,3,Wealth,17,Moderate
50,433232,3,Retirement,26,Moderate
58,428440,2,Income,28,Conservative
37,555000,5,Wealth,8,Aggressive
52,469960,4,Wealth,30,Aggressive
31,1133018,1,Wealth,10,Moderate
31,851511,5,Income,4,Moderate
40,300000,3,Wealth,13,Moderate
51,2702478,5,Wealth,29,Aggressive
31,654168,1,Education,3,Conservative
36,768000,5,Education,11,Aggressive
30,558858,5,Retirement,9,Aggressive
21,799928,3,Education,0,Moderate
24,427369,2,Tax,0,Moderate
27,312560,4,Wealth,1,Moderate
55,638855,5,Tax,32,Aggressive
49,2200336,2,Tax,25,Moderate
44,1195656,4,Tax,22,Aggressive
30,1891282,1,Retirement,2,Conservative
56,538982,1,Retirement,28,Conservative
32,455184,5,Income,8,Moderate
32,562060,4,Tax,4,Moderate
39,1155020,1,Tax,12,Moderate
26,1646440,3,Wealth,0,Moderate
38,664289,2,Education,15,Moderate
31,301600,5,Tax,3,Moderate
44,1594201,1,Retirement,22,Moderate
26,1753130,2,Retirement,2,Moderate
37,1153121,3,Tax,12,Moderate
31,2191597,5,Income,6,Aggressive
45,300000,5,Tax,22,Aggressive
38,422350,1,Income,9,Conservative
36,817875,5,Retirement,6,Aggressive
58,384459,2,Retirement,35,Conservative
27,1532139,4,Wealth,4,Aggressive
53,353878,2,Retirement,32,Conservative
35,2066148,3,Retirement,12,Moderate
28,444954,5,Tax,0,Moderate
37,2147548,3,Tax,9,Moderate
45,452717,3,Income,16,Conservative
48,300000,5,Wealth,21,Aggressive
54,889861,4,Income,30,Moderate
27,1298549,2,Wealth,3,Moderate
40,389844,3,Tax,14,Moderate
36,2444990,2,Retirement,11,Moderate
34,2101194,3,Tax,9,Moderate
33,712310,5,Retirement,3,Moderate
42,1007446,5,Tax,18,Aggressive
60,814960,5,Tax,36,Moderate
50,1275637,5,Wealth,23,Aggressive
32,1462891,5,Wealth,4,Aggressive
28,300000,2,Income,0,Conservative
50,2607428,3,Income,23,Moderate
62,1850497,1,Tax,38,Conservative
57,387592,4,Wealth,27,Aggressive
36,2227666,1,Wealth,15,Moderate
55,3071468,3,Wealth,32,Aggressive
49,300000,2,Education,24,Conservative
28,1304260,3,Tax,0,Moderate
50,1533750,4,Retirement,28,Aggressive
48,1040724,3,Tax,23,Moderate
37,1828943,5,Retirement,8,Aggressive
43,926946,1,Retirement,17,Conservative
48,1139733,4,Retirement,24,Moderate
40,300000,4,Tax,16,Moderate
54,509013,1,Income,28,Conservative
57,1954733,2,Wealth,29,Moderate
43,495204,1,Wealth,21,Moderate
40,774854,1,Wealth,13,Conservative
49,365687,1,Wealth,27,Conservative
37,506432,2,Retirement,13,Moderate
21,1021579,4,Income,0,Moderate
51,731521,3,Wealth,24,Moderate
41,300000,1,Retirement,16,Conservative
32,474903,2,Retirement,9,Conservative
56,2137967,3,Income,27,Moderate
49,1704509,3,Education,20,Moderate
39,824387,4,Tax,17,Moderate
49,1019923,5,Wealth,19,Aggressive
47,512711,3,Wealth,22,Aggressive
47,2126398,1,Wealth,23,Moderate
27,670737,3,Retirement,3,Moderate
30,340421,5,Tax,8,Aggressive
34,300000,5,Wealth,6,Aggressive
63,300000,4,Wealth,36,Moderate
33,462819,2,Retirement,6,Moderate
28,2553344,4,Tax,7,Aggressive
28,5238034,5,Wealth,0,Aggressive
37,1703277,2,Retirement,8,Moderate
32,300000,4,Retirement,7,Moderate
40,369337,1,Education,12,Conservative
41,370728,3,Income,14,Conservative
32,659793,1,Income,4,Conservative
37,447407,1,Wealth,8,Conservative
35,1246712,3,Income,10,Moderate
29,660115,3,Retirement,2,Moderate
51,1487121,5,Retirement,28,Aggressive
52,1222860,3,Tax,23,Moderate
47,2017772,1,Retirement,17,Moderate
31,483628,3,Wealth,6,Moderate
40,1571282,5,Wealth,11,Aggressive
38,475645,2,Retirement,16,Conservative
35,775732,4,Income,9,Moderate
63,449368,1,Tax,39,Conservative
24,1032983,3,Retirement,0,Moderate
29,2038053,2,Wealth,3,Aggressive
37,1828954,4,Wealth,11,Aggressive
26,1036802,4,Wealth,2,Aggressive
63,730610,4,Wealth,36,Moderate
54,796099,1,Retirement,24,Conservative
36,2348558,4,Education,11,Aggressive
51,447253,1,Wealth,29,Conservative
29,1117165,1,Tax,0,Moderate
29,1771423,5,Wealth,5,Aggressive
32,801049,4,Education,4,Moderate
26,1542161,3,Wealth,2,Aggressive
46,3805969,2,Retirement,19,Moderate
33,755625,1,Wealth,4,Moderate
53,674488,1,Wealth,32,Moderate
57,941020,5,Wealth,31,Aggressive
52,1136211,1,Wealth,31,Moderate
31,2049605,1,Tax,8,Moderate
35,1944700,3,Tax,14,Moderate
29,1015199,1,Wealth,2,Moderate
54,300000,2,Wealth,32,Conservative
40,300000,2,Wealth,12,Moderate
21,1589276,3,Education,0,Moderate
22,518827,5,Retirement,0,Aggressive
50,1673113,3,Wealth,29,Aggressive
45,1435950,2,Retirement,15,Moderate
54,708152,3,Tax,26,Moderate
34,452490,3,Education,5,Moderate
36,715980,4,Tax,9,Moderate
39,928965,4,Wealth,11,Aggressive
29,306161,3,Income,1,Conservative
24,1544195,1,Wealth,0,Moderate
23,1317299,3,Retirement,1,Moderate
29,918929,5,Wealth,0,Aggressive
40,921276,3,Education,11,Moderate
45,2181407,2,Wealth,21,Aggressive
21,482809,5,Wealth,0,Aggressive
48,628148,2,Wealth,21,Moderate
48,842158,5,Retirement,23,Aggressive
42,537186,5,Education,12,Aggressive
33,737241,2,Tax,7,Conservative
34,300000,3,Wealth,10,Moderate
58,617539,5,Income,36,Moderate
44,740931,1,Tax,22,Moderate
47,477315,2,Wealth,25,Moderate
33,1994567,2,Income,10,Conservative
22,1094709,3,Wealth,0,Aggressive
26,746656,3,Tax,0,Moderate
54,530479,5,Tax,27,Moderate
41,300000,2,Tax,11,Conservative
35,499971,3,Income,9,Conservative
41,844448,2,Wealth,17,Moderate
57,766707,1,Retirement,35,Conservative
32,476873,2,Retirement,2,Conservative
47,2597494,5,Retirement,17,Aggressive
48,1736366,1,Retirement,19,Conservative
52,593307,1,Retirement,28,Conservative
40,1213864,4,Tax,18,Aggressive
41,1997761,3,Wealth,20,Aggressive
37,1028271,1,Wealth,11,Moderate
49,717705,4,Education,22,Moderate
35,300000,5,Wealth,8,Aggressive
32,769083,3,Tax,7,Moderate
38,474467,2,Wealth,11,Moderate
25,531842,2,Wealth,0,Moderate
51,644243,2,Wealth,24,Moderate
45,690780,1,Wealth,20,Moderate
39,619251,3,Income,11,Conservative
45,316811,5,Wealth,24,Aggressive
48,300000,4,Education,26,Moderate
32,1434718,3,Tax,5,Moderate
57,2647766,4,Wealth,36,Aggressive
59,867204,4,Retirement,32,Moderate
23,374503,2,Education,0,Moderate
43,1611990,1,Tax,20,Conservative
43,3435697,1,Tax,14,Moderate
59,1885028,5,Retirement,34,Aggressive
34,2067574,5,Retirement,8,Aggressive
62,355945,2,Education,34,Conservative
26,543238,4,Tax,5,Moderate
39,1876471,2,Retirement,14,Moderate
31,346184,1,Income,6,Conservative
28,547138,1,Retirement,0,Moderate
38,920192,2,Retirement,10,Moderate
43,1174841,3,Tax,19,Moderate
38,664949,1,Wealth,9,Moderate
45,811964,5,Wealth,20,Aggressive
29,904960,3,Tax,2,Moderate
40,687691,2,Wealth,12,Moderate
48,567131,3,Retirement,18,Moderate
26,740213,4,Income,0,Moderate
29,551884,3,Wealth,6,Moderate
33,1506123,2,Tax,3,Moderate
27,998415,4,Wealth,6,Aggressive
24,765835,5,Wealth,0,Aggressive
49,682104,5,Wealth,24,Aggressive
36,1673063,1,Retirement,12,Moderate
30,623159,3,Wealth,8,Aggressive
43,1339171,2,Retirement,19,Moderate
28,1847925,5,Retirement,3,Aggressive
28,1137853,5,Education,7,Aggressive
44,300000,3,Retirement,17,Moderate
59,599212,2,Income,35,Conservative
48,443247,2,Income,19,Conservative
34,349038,4,Income,7,Moderate
50,1730647,5,Retirement,25,Aggressive
39,1050687,3,Wealth,13,Moderate
42,300000,5,Tax,20,Moderate
25,799827,3,Wealth,0,Aggressive
53,506692,1,Income,32,Conservative
32,1542188,3,Wealth,4,Moderate
56,507594,2,Tax,28,Moderate
29,1006330,1,Retirement,8,Moderate
55,998521,3,Tax,32,Moderate
28,453780,5,Wealth,3,Aggressive
35,398280,4,Education,10,Moderate
52,3331846,5,Tax,26,Aggressive
50,1060544,1,Wealth,28,Moderate
40,835054,1,Income,12,Conservative
28,1880314,1,Retirement,6,Moderate
56,2758497,3,Wealth,31,Aggressive
46,2305399,2,Retirement,18,Moderate
56,307944,1,Wealth,27,Conservative
48,824746,2,Tax,27,Moderate
32,663989,1,Wealth,4,Moderate
25,3037978,4,Income,0,Moderate
54,1327245,5,Retirement,24,Aggressive
42,325617,3,Wealth,17,Moderate
67,300000,4,Tax,40,Moderate
38,2508371,4,Education,17,Aggressive
40,799174,2,Income,10,Conservative
42,785119,4,Wealth,14,Aggressive
60,633700,3,Wealth,31,Aggressive
32,450568,1,Education,5,Conservative
41,828594,5,Wealth,20,Aggressive
28,1417970,3,Wealth,5,Aggressive
53,790429,5,Tax,30,Aggressive
41,1678157,4,Wealth,20,Aggressive
45,1304673,3,Retirement,16,Aggressive
21,1516500,2,Tax,0,Moderate
33,916396,5,Retirement,3,Aggressive
24,718884,2,Income,0,Moderate
31,360217,5,Tax,3,Moderate
25,1606745,4,Tax,0,Moderate
38,964338,5,Wealth,12,Aggressive
28,674455,1,Wealth,7,Moderate
34,363924,1,Wealth,9,Conservative
59,1958348,5,Wealth,31,Aggressive
57,798400,5,Income,31,Moderate
54,3011312,4,Wealth,33,Aggressive
43,300000,1,Tax,17,Conservative
21,1003499,2,Income,0,Moderate
55,311761,3,Wealth,32,Moderate
58,482776,2,Education,36,Conservative
53,664163,3,Education,31,Moderate
46,1247931,3,Retirement,16,Moderate
26,975232,3,Tax,0,Moderate
34,549265,5,Wealth,7,Aggressive
26,504749,1,Education,2,Conservative
36,300000,4,Tax,11,Moderate
39,525279,4,Retirement,10,Moderate
37,478877,4,Retirement,11,Moderate
28,1855252,1,Tax,7,Moderate
28,610149,5,Wealth,3,Aggressive
32,613727,4,Retirement,4,Moderate
51,933674,5,Wealth,24,Aggressive
57,2098424,2,Tax,28,Moderate
30,2068658,1,Retirement,4,Moderate
32,4298646,2,Retirement,9,Moderate
34,302460,1,Wealth,11,Conservative
44,904095,5,Retirement,17,Aggressive
31,749458,5,Retirement,5,Aggressive
55,300000,2,Wealth,25,Moderate
38,356156,1,Retirement,13,Conservative
35,1524303,4,Wealth,11,Aggressive
26,1165530,4,Wealth,0,Aggressive
25,1159378,3,Wealth,0,Aggressive
59,1102643,2,Retirement,31,Moderate
37,300000,5,Wealth,7,Aggressive
58,373782,2,Wealth,30,Moderate
28,553828,4,Tax,0,Moderate
21,1440883,3,Retirement,0,Moderate
34,883992,1,Wealth,4,Conservative
27,1518041,4,Education,1,Aggressive
29,3169587,4,Retirement,1,Aggressive
50,300000,2,Wealth,21,Conservative
56,741505,1,Income,31,Conservative
41,743806,4,Tax,19,Aggressive
31,451294,3,Tax,3,Moderate
53,1096993,5,Income,30,Moderate
53,5949782,4,Tax,28,Aggressive
31,415132,2,Income,7,Conservative
40,1228777,4,Wealth,11,Aggressive
53,387802,2,Tax,25,Conservative
38,300000,1,Tax,13,Conservative
28,524623,4,Wealth,1,Aggressive
41,975826,3,Education,14,Moderate
59,1065986,4,Income,36,Moderate
30,2797440,5,Income,8,Aggressive
50,979698,3,Wealth,22,Moderate
37,813850,5,Wealth,12,Aggressive
27,1444165,4,Wealth,0,Aggressive
39,959062,3,Income,12,Moderate
38,792841,3,Retirement,11,Moderate
31,710524,5,Wealth,10,Aggressive
30,1258244,1,Income,9,Conservative
40,1166848,5,Tax,19,Aggressive
38,669979,3,Tax,10,Moderate
40,2211062,4,Tax,17,Aggressive
27,1453697,4,Retirement,0,Moderate
55,1581167,1,Wealth,29,Moderate
58,425353,4,Income,35,Moderate
35,562809,3,Income,7,Conservative
38,2330502,4,Wealth,12,Aggressive
29,1669239,3,Wealth,0,Moderate
26,300000,4,Income,3,Moderate
58,1019350,1,Education,30,Moderate
57,1576196,4,Tax,35,Aggressive
29,393070,2,Wealth,6,Moderate
24,1635532,2,Retirement,0,Moderate
46,835660,3,Tax,19,Moderate
37,2312746,3,Retirement,16,Aggressive
53,737275,4,Tax,31,Moderate
59,300000,2,Wealth,30,Moderate
36,1166973,4,Wealth,14,Aggressive
70,367100,3,Tax,40,Moderate
33,539936,5,Wealth,4,Aggressive
24,300000,2,Education,0,Moderate
25,457893,2,Retirement,1,Conservative
38,2064774,5,Wealth,10,Aggressive
53,893668,5,Wealth,30,Aggressive
48,685096,2,Wealth,26,Moderate
42,436451,2,Wealth,16,Moderate
36,932074,2,Retirement,9,Conservative
21,690511,3,Income,0,Moderate
40,4293239,2,Education,14,Moderate
29,818872,1,Retirement,0,Conservative
45,1107419,2,Tax,15,Moderate
55,516857,5,Retirement,27,Moderate
28,796476,1,Wealth,0,Moderate
30,1114454,5,Retirement,1,Aggressive
39,422687,5,Wealth,13,Aggressive
42,1221170,4,Wealth,13,Aggressive
45,882705,2,Wealth,22,Moderate
46,300000,2,Income,16,Conservative
31,1435119,2,Wealth,5,Moderate
33,1134505,5,Tax,12,Aggressive
41,952324,1,Wealth,20,Moderate
52,516985,2,Tax,30,Conservative
35,4527466,2,Tax,12,Moderate
46,534093,1,Wealth,21,Moderate
38,300000,1,Tax,13,Conservative
29,1157926,2,Retirement,1,Moderate
41,733165,4,Tax,18,Moderate
35,300000,2,Tax,11,Conservative
52,675348,2,Wealth,26,Moderate
27,769105,5,Tax,2,Aggressive
36,474977,3,Tax,15,Conservative
40,870978,2,Tax,14,Conservative
47,1033934,5,Retirement,18,Aggressive
44,780453,3,Income,15,Conservative
27,422601,5,Income,0,Moderate
54,1119127,5,Wealth,25,Aggressive
53,300000,4,Retirement,30,Moderate
51,1071412,1,Retirement,29,Conservative
48,1000371,1,Retirement,24,Moderate
42,692786,5,Income,15,Moderate
27,563808,1,Tax,0,Moderate
44,341343,2,Retirement,18,Moderate
32,555452,4,Tax,7,Moderate
29,456143,4,Education,3,Moderate
35,397979,1,Retirement,14,Conservative
58,346964,1,Wealth,32,Conservative
22,2022373,4,Income,0,Aggressive
35,1376219,5,Education,14,Aggressive
51,4455451,5,Retirement,21,Aggressive
43,950854,5,Tax,19,Aggressive
53,1334773,2,Wealth,28,Moderate
27,766619,5,Wealth,6,Aggressive
39,2322890,5,Wealth,16,Aggressive
30,777516,1,Tax,1,Conservative
46,1594551,3,Retirement,17,Moderate
42,918092,5,Tax,13,Aggressive
56,2922159,5,Retirement,34,Aggressive
43,575291,3,Wealth,13,Aggressive
53,1800448,5,Income,25,Moderate
46,747273,3,Wealth,17,Aggressive
56,448938,3,Wealth,29,Moderate
32,777725,5,Tax,2,Moderate
45,300000,2,Income,19,Conservative
24,1550963,5,Income,0,Aggressive
21,1284988,2,Retirement,0,Moderate
60,3045026,5,Tax,30,Aggressive
54,411092,2,Income,28,Conservative
56,479046,5,Wealth,28,Aggressive
30,332996,4,Retirement,7,Aggressive
52,1041246,4,Tax,27,Aggressive
52,602777,3,Income,23,Moderate
32,452455,1,Wealth,6,Conservative
30,1066704,4,Tax,9,Aggressive
29,1743827,4,Wealth,5,Aggressive
25,868399,5,Education,4,Aggressive
36,576562,1,Income,11,Conservative
38,1830682,5,Education,17,Aggressive
29,674766,5,Education,7,Aggressive
40,667791,3,Income,17,Moderate
58,1154370,5,Wealth,35,Aggressive
26,498821,5,Retirement,1,Aggressive
28,1651434,3,Wealth,2,Aggressive
33,424090,5,Wealth,12,Aggressive
54,525936,1,Wealth,32,Moderate
34,359770,3,Income,4,Conservative
26,1475116,4,Tax,3,Aggressive
52,2081445,5,Tax,22,Aggressive
31,724475,1,Retirement,2,Conservative
27,1101979,2,Wealth,0,Moderate
25,1042094,3,Wealth,0,Aggressive
55,992244,3,Retirement,28,Moderate
54,358522,5,Retirement,29,Aggressive
39,509714,5,Retirement,9,Moderate
28,1372341,3,Tax,0,Moderate
35,1888700,5,Wealth,14,Aggressive
44,1566565,5,Income,14,Moderate
29,815543,1,Retirement,8,Conservative
32,1413393,1,Income,4,Conservative
60,300000,1,Retirement,30,Conservative
37,300000,4,Tax,8,Moderate
46,307807,3,Income,22,Conservative
55,5809721,3,Tax,33,Aggressive
52,3452749,5,Retirement,30,Aggressive
55,300000,5,Retirement,29,Moderate
57,689830,3,Wealth,28,Moderate
41,595840,5,Tax,19,Aggressive
25,1995266,1,Wealth,0,Moderate
50,1274816,2,Retirement,28,Moderate
21,618839,4,Retirement,0,Aggressive
39,1195057,1,Retirement,10,Moderate
22,1385009,1,Retirement,0,Moderate
26,300000,5,Wealth,0,Aggressive
45,1169832,4,Wealth,22,Aggressive
28,795427,2,Retirement,1,Conservative
34,361575,2,Education,6,Moderate
45,532841,5,Wealth,24,Aggressive
39,983121,4,Wealth,10,Moderate
29,879696,1,Income,0,Conservative
41,705919,1,Wealth,18,Moderate
34,652658,3,Retirement,8,Moderate
62,838111,1,Wealth,39,Conservative
60,300000,2,Wealth,31,Moderate
22,2678173,2,Tax,0,Moderate
36,625373,4,Wealth,12,Aggressive
52,1148785,1,Retirement,31,Moderate
28,2501996,1,Retirement,0,Moderate
29,1784004,1,Wealth,2,Moderate
26,995722,2,Retirement,3,Moderate
32,746507,2,Wealth,3,Moderate
61,793144,5,Income,40,Moderate
45,300000,3,Wealth,18,Moderate
45,343206,1,Tax,15,Conservative
36,953750,5,Tax,6,Moderate
27,618682,4,Wealth,1,Aggressive
55,300000,1,Retirement,27,Conservative
36,987417,1,Income,7,Conservative
54,1367622,5,Wealth,25,Aggressive
48,1822340,3,Tax,24,Moderate
31,1169483,4,Wealth,8,Aggressive
32,518274,4,Wealth,8,Aggressive
24,1301428,4,Tax,0,Aggressive
47,981534,2,Tax,22,Moderate
60,421868,3,Tax,32,Conservative
50,412146,1,Retirement,25,Conservative
41,1460687,3,Tax,17,Moderate
42,1004073,3,Tax,20,Moderate
27,965461,3,Wealth,4,Aggressive
51,842708,3,Wealth,29,Moderate
35,1228505,3,Wealth,10,Aggressive
64,563407,2,Wealth,36,Moderate
45,737408,5,Wealth,21,Aggressive
28,1358004,3,Retirement,3,Moderate
55,827188,1,Wealth,33,Moderate
31,477112,3,Retirement,4,Moderate
40,497995,4,Tax,17,Moderate
29,831805,4,Wealth,1,Aggressive
48,300000,4,Tax,26,Moderate
41,2746078,4,Wealth,19,Aggressive
62,713774,3,Wealth,38,Moderate
41,1132414,4,Wealth,13,Aggressive
34,1259227,2,Wealth,12,Moderate
33,961656,3,Retirement,8,Moderate
46,309843,5,Tax,21,Aggressive
53,381997,4,Tax,24,Moderate
54,300000,3,Wealth,25,Moderate
31,1734835,2,Wealth,10,Aggressive
37,300000,1,Tax,8,Conservative
28,506589,3,Tax,5,Moderate
36,2011999,5,Education,7,Aggressive
52,365580,1,Wealth,31,Conservative
37,895011,4,Wealth,12,Moderate
51,1371636,3,Retirement,23,Moderate
27,773627,4,Wealth,1,Aggressive
51,898944,1,Tax,30,Moderate
33,1170692,2,Retirement,5,Moderate
57,2814549,5,Tax,33,Aggressive
33,419157,3,Wealth,12,Moderate
35,592784,1,Retirement,5,Conservative
49,1255338,1,Wealth,21,Moderate
31,702370,3,Retirement,2,Moderate
49,544366,3,Retirement,21,Moderate
24,1658963,4,Tax,0,Moderate
29,300000,3,Income,2,Conservative
35,1775889,3,Wealth,14,Moderate
35,2450063,1,Retirement,13,Moderate
42,698241,4,Wealth,21,Aggressive
55,320969,4,Wealth,26,Moderate
28,912705,5,Retirement,6,Aggressive
36,1129319,5,Retirement,14,Aggressive
27,300000,5,Education,0,Moderate
47,853819,5,Income,17,Moderate
33,3155803,4,Wealth,10,Aggressive
39,1950873,1,Retirement,17,Moderate
34,1163723,5,Wealth,9,Aggressive
27,1073310,5,Retirement,0,Aggressive
54,828382,4,Tax,32,Moderate
55,895856,2,Wealth,25,Moderate
21,754270,1,Tax,0,Conservative
32,930270,1,Income,7,Conservative
31,300000,1,Tax,10,Conservative
53,300000,2,Retirement,30,Moderate
34,476553,5,Wealth,11,Aggressive
36,1660409,5,Wealth,7,Aggressive
54,1221452,1,Tax,33,Conservative
44,1457622,2,Wealth,16,Aggressive
33,861689,2,Retirement,9,Moderate
39,1886970,4,Income,9,Moderate
49,2048772,4,Retirement,22,Aggressive
54,1860418,5,Wealth,29,Aggressive
54,500195,5,Wealth,24,Aggressive
52,837772,5,Retirement,25,Aggressive
35,582842,1,Wealth,11,Conservative
53,2263805,1,Education,29,Moderate
28,1768995,4,Wealth,0,Aggressive
37,1110264,5,Education,15,Aggressive
35,1305808,5,Wealth,14,Aggressive
57,988804,4,Retirement,29,Moderate
50,419554,1,Wealth,24,Conservative
27,1707461,1,Income,1,Conservative
36,3309733,4,Tax,9,Aggressive
41,1148297,2,Wealth,18,Moderate
51,740944,3,Retirement,27,Moderate
34,484623,3,Income,13,Conservative
32,673441,4,Wealth,3,Aggressive
30,330283,2,Income,6,Conservative
47,424856,4,Tax,21,Moderate
40,716996,5,Retirement,13,Aggressive
22,1005984,2,Wealth,0,Moderate
44,300000,5,Wealth,19,Aggressive
28,922313,4,Retirement,3,Aggressive
41,2440645,1,Retirement,19,Moderate
44,1093380,5,Wealth,16,Aggressive
25,1140219,1,Wealth,2,Moderate
55,1071002,1,Retirement,27,Conservative
40,300000,4,Income,14,Conservative
58,300000,4,Income,37,Moderate
38,1225271,3,Tax,14,Moderate
57,1325315,5,Wealth,29,Aggressive
32,1675070,1,Tax,6,Moderate
21,2074395,5,Education,0,Aggressive
48,561546,5,Wealth,26,Aggressive
34,1590528,4,Wealth,5,Aggressive
51,1575119,5,Retirement,23,Aggressive
28,2362779,3,Wealth,3,Aggressive
45,2476080,2,Income,19,Moderate
48,613681,1,Wealth,19,Moderate
21,762463,2,Income,0,Conservative
26,932388,2,Income,0,Conservative
39,451804,1,Wealth,14,Conservative
51,1750813,2,Wealth,28,Moderate
50,694872,5,Tax,24,Aggressive
39,1827378,4,Retirement,12,Moderate
36,2324510,3,Wealth,9,Aggressive
28,661576,3,Income,5,Moderate
38,300000,5,Wealth,15,Aggressive
26,790123,4,Income,0,Moderate
32,2055496,4,Retirement,4,Aggressive
32,2036781,2,Wealth,2,Moderate
56,751374,3,Retirement,28,Moderate
27,877909,3,Retirement,6,Moderate
49,724473,3,Wealth,27,Moderate
38,532022,1,Wealth,16,Conservative
36,300000,3,Wealth,13,Moderate
43,1159796,1,Retirement,15,Conservative
54,574647,5,Tax,25,Moderate
57,936878,1,Education,29,Conservative
33,1295679,1,Wealth,4,Moderate
35,1517494,4,Wealth,12,Aggressive
45,497964,2,Education,16,Moderate
38,406890,4,Wealth,11,Aggressive
59,1217166,3,Tax,37,Moderate
46,1280526,4,Tax,16,Moderate
34,543350,2,Wealth,10,Moderate
32,1617396,1,Income,7,Conservative
33,784940,1,Wealth,5,Moderate
33,479176,5,Tax,4,Moderate
54,405069,5,Wealth,28,Aggressive
58,1134553,2,Tax,28,Moderate
48,953740,2,Income,23,Conservative
51,1051634,4,Wealth,21,Aggressive
21,371684,2,Retirement,0,Moderate
50,300000,4,Wealth,21,Moderate
47,1236177,5,Income,21,Moderate
34,1868335,4,Retirement,13,Moderate
51,300000,4,Retirement,22,Moderate
31,600446,5,Wealth,8,Aggressive
41,5113709,3,Wealth,14,Aggressive
37,1195666,2,Education,8,Conservative
37,2013431,1,Income,9,Conservative
32,2522427,5,Wealth,2,Aggressive
52,574373,4,Tax,25,Moderate
29,4150849,1,Education,2,Moderate
27,300000,2,Tax,6,Moderate
33,1151098,1,Wealth,8,Moderate
45,1026593,1,Wealth,19,Moderate
28,372377,2,Tax,6,Moderate
58,479546,4,Wealth,35,Moderate
28,524728,4,Wealth,0,Aggressive
50,300000,3,Wealth,29,Moderate
53,300000,4,Wealth,26,Moderate
52,643857,3,Wealth,22,Aggressive
28,573939,5,Retirement,6,Aggressive
33,509140,2,Tax,12,Conservative
26,1443422,3,Income,0,Moderate
52,476600,2,Tax,25,Conservative
24,972406,1,Wealth,1,Moderate
42,805544,2,Education,13,Moderate
42,646426,2,Wealth,13,Moderate
57,309382,2,Tax,28,Conservative
48,715279,1,Education,24,Conservative
58,514463,4,Income,30,Moderate
25,1580192,3,Tax,1,Moderate
51,1260461,5,Retirement,27,Aggressive
26,534128,2,Education,0,Moderate
34,431345,2,Tax,6,Conservative
44,431095,3,Income,18,Moderate
40,678465,3,Wealth,14,Aggressive
32,1679887,1,Tax,7,Conservative
62,1841768,3,Wealth,33,Moderate
32,300000,1,Income,6,Conservative
29,2333598,4,Retirement,4,Aggressive
36,742240,1,Wealth,6,Moderate
56,307812,2,Wealth,29,Conservative
35,777759,5,Education,6,Aggressive
32,451960,2,Income,7,Conservative
45,2562835,1,Tax,15,Moderate
52,537334,2,Retirement,23,Conservative
49,412697,4,Retirement,19,Moderate
58,3503799,4,Retirement,30,Aggressive
31,1066457,5,Retirement,10,Moderate
53,564089,5,Income,32,Moderate
46,2949154,4,Education,18,Aggressive
31,2015149,4,Education,10,Aggressive
56,524221,2,Tax,26,Conservative
40,458765,4,Retirement,14,Moderate
32,863821,1,Tax,2,Conservative
25,719616,2,Tax,0,Conservative
29,489845,3,Wealth,4,Aggressive
32,794955,5,Income,7,Aggressive
62,2740707,5,Income,33,Aggressive
42,1677071,5,Tax,13,Aggressive
58,1057861,2,Tax,29,Moderate
53,635044,4,Wealth,30,Aggressive
49,737478,1,Tax,23,Conservative
33,1301381,3,Tax,4,Moderate
60,1229950,5,Retirement,38,Aggressive
33,843887,2,Wealth,5,Conservative
56,1723732,1,Retirement,29,Conservative
56,356728,4,Education,26,Moderate
48,1605518,3,Tax,27,Moderate
37,1245013,5,Retirement,12,Aggressive
44,300000,4,Wealth,19,Aggressive
38,509038,2,Retirement,12,Moderate
31,2300316,5,Tax,6,Aggressive
48,1164858,2,Tax,22,Conservative
51,743553,4,Income,29,Moderate
25,1014879,3,Wealth,0,Aggressive
53,813207,5,Retirement,29,Aggressive
46,1037403,5,Wealth,16,Aggressive
47,1552411,1,Tax,22,Conservative
29,2863596,5,Retirement,1,Aggressive
39,407119,1,Retirement,13,Conservative
33,1822089,4,Income,11,Moderate
25,621631,4,Tax,0,Moderate
40,341176,3,Retirement,18,Moderate
30,2015684,4,Retirement,5,Aggressive
46,497012,3,Tax,17,Conservative
34,1621072,2,Education,4,Moderate
48,1715586,1,Retirement,20,Moderate
33,3142014,2,Wealth,7,Moderate
32,1914098,3,Income,7,Conservative
25,2007359,5,Wealth,3,Aggressive
57,1840894,1,Income,27,Conservative
32,944074,2,Income,9,Conservative
41,2081838,2,Tax,13,Moderate
29,670775,2,Income,5,Conservative
30,520997,4,Wealth,8,Aggressive
41,1222446,5,Income,20,Aggressive
35,1919284,2,Retirement,7,Moderate
58,715150,2,Wealth,35,Moderate
24,611536,2,Wealth,0,Moderate
47,300000,5,Tax,19,Moderate
51,453316,2,Income,23,Conservative
44,495113,1,Income,18,Conservative
62,1901418,4,Wealth,39,Moderate
36,607248,4,Income,9,Moderate
50,1129071,2,Retirement,26,Moderate
37,300000,5,Education,16,Moderate
29,2003315,5,Retirement,7,Aggressive
33,950614,3,Wealth,12,Aggressive
40,312921,3,Wealth,19,Aggressive
29,560807,1,Tax,8,Moderate
24,468524,1,Wealth,0,Conservative
39,947988,5,Income,9,Moderate
63,627707,1,Wealth,40,Moderate
51,654327,3,Tax,23,Moderate
38,448643,5,Retirement,12,Moderate
28,341228,3,Tax,6,Moderate
39,1431876,2,Wealth,11,Moderate
34,1619541,2,Wealth,10,Moderate
60,505783,1,Income,33,Conservative
25,1143045,3,Retirement,0,Aggressive
49,431385,5,Retirement,23,Moderate
41,1396600,5,Retirement,13,Aggressive
26,733254,1,Income,0,Conservative
31,480413,3,Wealth,8,Moderate
25,394190,1,Income,2,Conservative
57,1730514,5,Wealth,35,Aggressive
32,304508,2,Income,10,Conservative
37,763008,3,Income,9,Moderate
56,300000,1,Tax,27,Conservative
46,410555,2,Wealth,25,Moderate
33,331092,4,Wealth,3,Moderate
27,300000,3,Retirement,1,Moderate
38,554301,5,Tax,9,Aggressive
27,638359,5,Income,2,Moderate
38,354898,4,Retirement,15,Moderate
48,525820,3,Retirement,26,Moderate
42,684949,1,Education,21,Moderate
43,300000,3,Wealth,19,Moderate
32,824322,3,Wealth,10,Moderate
50,1229533,4,Retirement,27,Moderate
32,990296,5,Tax,4,Moderate
45,1004164,2,Wealth,23,Moderate
30,723964,5,Income,2,Aggressive
27,1029060,3,Wealth,6,Aggressive
32,1701981,5,Wealth,11,Aggressive
45,4684287,4,Retirement,22,Aggressive
40,390760,2,Wealth,12,Moderate
37,450984,2,Wealth,12,Moderate
64,408579,1,Income,40,Conservative
32,1967153,5,Tax,11,Aggressive
36,2393585,5,Wealth,8,Aggressive
32,1373536,4,Retirement,8,Moderate
31,318051,5,Retirement,8,Aggressive
55,652829,4,Retirement,30,Moderate
39,1029202,1,Wealth,16,Moderate
44,1023832,3,Retirement,15,Moderate
38,3127323,5,Tax,8,Aggressive
40,1695355,3,Tax,13,Moderate
60,1639078,1,Education,34,Moderate
32,600206,5,Wealth,10,Aggressive
47,1078448,5,Tax,17,Aggressive
54,300000,3,Education,26,Moderate
28,854514,1,Wealth,1,Moderate
33,912720,1,Retirement,10,Conservative
42,335579,3,Education,21,Moderate
51,653883,3,Wealth,21,Moderate
61,2253521,5,Retirement,31,Aggressive
34,784978,1,Wealth,13,Moderate
45,1247829,2,Retirement,19,Moderate
32,4294224,1,Income,8,Moderate
30,586343,5,Wealth,4,Aggressive
43,1461977,3,Wealth,18,Aggressive
29,707673,5,Retirement,0,Aggressive
47,1748796,2,Retirement,18,Moderate
49,781838,1,Income,27,Conservative
51,1688269,2,Wealth,22,Moderate
48,2108410,1,Income,27,Conservative
31,699109,5,Income,4,Moderate
27,1685869,2,Wealth,1,Aggressive
45,300000,5,Wealth,22,Aggressive
59,882367,5,Income,36,Moderate
39,2014978,5,Income,14,Aggressive
57,4266412,2,Retirement,35,Moderate
33,333148,1,Retirement,12,Conservative
34,365960,5,Wealth,7,Aggressive
47,558445,5,Tax,17,Aggressive
61,904514,3,Wealth,32,Moderate
29,512087,3,Tax,0,Moderate
26,1506189,2,Wealth,3,Aggressive
32,661795,4,Retirement,9,Aggressive
24,489519,5,Retirement,0,Moderate
28,388453,2,Retirement,2,Conservative
33,837801,1,Retirement,9,Conservative
58,1112485,2,Wealth,34,Moderate
22,1521804,5,Wealth,0,Aggressive
26,615497,1,Wealth,2,Moderate
35,1122969,3,Tax,10,Moderate
55,2428993,5,Wealth,31,Aggressive
56,1906463,3,Tax,29,Moderate
58,601731,5,Education,32,Aggressive
57,1297771,1,Income,32,Conservative
56,709796,5,Wealth,32,Aggressive
46,593574,5,Wealth,23,Aggressive
45,420395,2,Education,16,Conservative
40,2789892,4,Retirement,11,Aggressive
48,492326,2,Retirement,18,Conservative
61,721944,4,Wealth,40,Moderate
44,300000,4,Wealth,21,Aggressive
35,1741003,1,Tax,8,Moderate
31,787717,5,Wealth,1,Aggressive
34,1851674,3,Wealth,10,Aggressive
28,1032264,5,Wealth,0,Aggressive
29,885701,4,Income,8,Moderate
30,1451405,4,Retirement,5,Aggressive
41,799900,1,Tax,16,Conservative
31,300000,2,Tax,3,Conservative
49,970409,4,Education,20,Moderate
38,1755484,4,Tax,12,Aggressive
50,440573,2,Wealth,27,Moderate
48,300000,3,Wealth,25,Moderate
32,487401,2,Tax,5,Conservative
32,1014760,2,Wealth,5,Moderate
21,353478,2,Income,0,Conservative
34,743417,4,Income,12,Moderate
38,1073702,3,Retirement,11,Aggressive
51,436281,1,Retirement,27,Conservative
42,1990773,1,Wealth,13,Moderate
31,1295790,1,Education,7,Moderate
62,398739,5,Retirement,33,Moderate
57,1312186,5,Tax,31,Aggressive
55,452179,1,Wealth,28,Moderate
40,562086,3,Retirement,16,Moderate
24,830595,2,Tax,0,Conservative
24,1435404,2,Retirement,0,Moderate
46,781677,4,Retirement,23,Moderate
51,1076705,4,Tax,30,Moderate
43,2198931,4,Education,22,Aggressive
34,967898,2,Tax,11,Conservative
48,518293,5,Retirement,21,Aggressive
42,1313647,5,Income,12,Moderate
34,549852,1,Retirement,9,Conservative
39,659079,4,Retirement,16,Moderate
31,1195991,5,Retirement,8,Aggressive
36,1214765,4,Wealth,7,Aggressive
43,710086,2,Wealth,18,Moderate
34,647586,3,Retirement,5,Moderate
53,2896338,4,Tax,23,Aggressive
31,300000,1,Retirement,3,Conservative
28,1040676,3,Income,7,Moderate
21,815794,3,Wealth,0,Moderate
23,599901,5,Wealth,0,Aggressive
50,986344,3,Tax,25,Moderate
32,407363,1,Income,8,Conservative
51,323896,5,Tax,28,Moderate
35,1670729,3,Retirement,11,Moderate
55,503268,3,Income,29,Conservative
48,739885,1,Tax,24,Conservative
36,300000,5,Income,13,Moderate
39,300000,5,Income,13,Moderate
23,962126,3,Retirement,0,Moderate
54,1721152,1,Retirement,31,Moderate
21,498664,2,Tax,0,Conservative
39,2526751,1,Education,16,Moderate
40,1983373,3,Income,17,Moderate
22,1498164,3,Wealth,0,Aggressive
21,1721499,2,Retirement,0,Moderate
54,2023159,2,Income,24,Moderate
42,560100,5,Wealth,19,Aggressive
32,579070,3,Tax,7,Moderate
57,1312462,5,Education,32,Aggressive
26,337560,3,Wealth,3,Moderate
54,1017191,1,Tax,29,Conservative
21,1111633,4,Wealth,0,Aggressive
50,1314979,5,Tax,24,Aggressive
50,1204312,5,Education,20,Aggressive
50,327290,5,Retirement,27,Moderate
26,300000,4,Education,0,Moderate
32,844195,4,Retirement,2,Moderate
45,4466074,2,Retirement,23,Aggressive
41,411336,3,Tax,20,Moderate
37,643393,1,Retirement,8,Conservative
58,993066,5,Wealth,37,Aggressive
38,552803,2,Wealth,12,Moderate
64,1275373,5,Wealth,40,Aggressive
25,1325930,3,Income,0,Moderate
33,2371579,4,Retirement,4,Aggressive
43,1184674,3,Tax,18,Aggressive
30,639723,3,Retirement,4,Moderate
43,1480318,3,Retirement,21,Moderate
60,783702,2,Retirement,33,Conservative
52,619134,3,Wealth,27,Moderate
49,603447,3,Tax,22,Moderate
34,570402,3,Retirement,13,Moderate
36,1728025,1,Wealth,7,Moderate
21,1710233,2,Tax,0,Moderate
27,982142,2,Wealth,4,Moderate
21,590105,1,Wealth,0,Moderate
33,919395,2,Education,9,Moderate
31,481893,5,Wealth,3,Aggressive
32,755678,2,Tax,3,Conservative
58,300000,2,Tax,29,Moderate
43,744335,3,Retirement,21,Moderate
32,1483691,1,Wealth,3,Moderate
33,555367,4,Wealth,7,Aggressive
60,1656676,3,Wealth,36,Aggressive
22,1238174,5,Education,1,Aggressive
51,1093722,2,Wealth,28,Moderate
41,543664,3,Wealth,11,Moderate
34,426409,4,Wealth,6,Moderate
60,1627438,5,Tax,35,Aggressive
27,353942,2,Income,5,Conservative
49,613222,2,Tax,21,Conservative
45,957796,4,Retirement,23,Moderate
38,4370254,4,Tax,13,Aggressive
27,1332251,4,Tax,4,Aggressive
48,507187,5,Education,27,Aggressive
39,796227,5,Retirement,10,Aggressive
52,684643,3,Wealth,25,Moderate
25,1014083,4,Wealth,0,Aggressive
30,1620680,2,Tax,2,Moderate
34,522714,1,Education,11,Conservative
61,923896,2,Tax,31,Conservative
43,1596874,4,Tax,17,Aggressive
55,348504,2,Retirement,34,Conservative
32,731855,3,Wealth,8,Moderate
34,623121,4,Wealth,13,Aggressive
33,795219,5,Wealth,4,Aggressive
38,300000,1,Tax,10,Conservative
47,492602,4,Income,18,Moderate
39,300000,2,Wealth,16,Moderate
34,382196,2,Wealth,5,Moderate
29,885913,4,Retirement,3,Aggressive
61,1074207,5,Income,40,Moderate
56,611774,5,Education,33,Moderate
38,300000,4,Retirement,10,Moderate
51,534595,2,Wealth,22,Moderate
34,334894,2,Tax,7,Moderate
32,674273,5,Wealth,4,Aggressive
46,862260,2,Income,20,Conservative
29,300000,1,Income,0,Conservative
21,616408,1,Wealth,0,Moderate
24,300000,1,Wealth,1,Conservative
39,704466,1,Wealth,13,Moderate
66,702599,3,Tax,39,Moderate
50,300000,1,Education,21,Conservative
27,300000,3,Retirement,2,Moderate
41,2774168,2,Wealth,12,Moderate
40,1023454,5,Income,12,Moderate
30,494226,1,Tax,1,Conservative
46,639320,1,Wealth,16,Moderate
39,350339,1,Wealth,15,Conservative
24,942445,3,Retirement,0,Moderate
63,743342,1,Wealth,40,Conservative
53,1343176,3,Income,32,Conservative
43,1653388,1,Wealth,21,Moderate
37,2072744,5,Tax,7,Aggressive
34,1471615,1,Tax,11,Conservative
52,692744,3,Wealth,23,Moderate
54,311522,5,Wealth,30,Aggressive
60,656348,2,Retirement,34,Conservative
26,779222,2,Wealth,2,Moderate
52,1063107,5,Income,25,Moderate
33,544285,2,Wealth,9,Moderate
29,347728,5,Wealth,8,Aggressive
34,964428,1,Retirement,10,Conservative
47,4377788,2,Wealth,19,Moderate
33,2188434,4,Education,11,Aggressive
29,1855571,4,Retirement,1,Aggressive
45,622516,5,Tax,21,Aggressive
26,476455,4,Wealth,5,Aggressive
42,1374438,5,Education,20,Aggressive
53,1948321,2,Wealth,26,Moderate
57,670859,5,Wealth,34,Aggressive
31,535494,5,Retirement,6,Aggressive
23,553710,1,Wealth,1,Conservative
27,936640,2,Education,1,Moderate
33,769463,5,Retirement,9,Aggressive
37,814407,2,Tax,8,Conservative
35,1923630,4,Retirement,12,Aggressive
30,1477841,5,Wealth,3,Aggressive
36,713356,4,Wealth,7,Aggressive
33,805582,1,Education,3,Conservative
51,1639595,1,Wealth,30,Moderate
21,1166998,2,Wealth,0,Moderate
41,2555298,1,Retirement,19,Moderate
40,1294377,5,Wealth,18,Aggressive
60,966137,2,Tax,35,Moderate
40,571206,4,Retirement,10,Moderate
53,300000,3,Education,25,Conservative
38,1693503,1,Retirement,9,Moderate
52,1706620,5,Tax,30,Aggressive
51,2094485,4,Income,23,Moderate
50,343217,3,Income,22,Conservative
27,1053746,2,Retirement,0,Moderate
61,504003,5,Income,38,Moderate
28,750648,3,Wealth,0,Moderate
40,300000,5,Tax,10,Moderate
26,501185,4,Wealth,5,Aggressive
49,749696,4,Wealth,22,Aggressive
26,1062545,1,Wealth,0,Moderate
36,1362626,4,Income,8,Moderate
41,2454942,2,Retirement,13,Moderate
22,741686,2,Tax,1,Moderate
34,580036,5,Retirement,13,Aggressive
54,1029316,2,Wealth,24,Moderate
34,998247,4,Education,13,Moderate
43,369212,3,Tax,17,Moderate
24,343922,2,Tax,0,Conservative
51,4011122,4,Retirement,24,Aggressive
29,975912,4,Wealth,6,Aggressive
29,1407803,5,Income,4,Aggressive
48,1198720,5,Tax,25,Aggressive
51,1123862,2,Retirement,24,Moderate
25,1958474,2,Education,3,Moderate
27,3858040,4,Wealth,5,Aggressive
26,1191865,2,Wealth,0,Moderate
63,877159,3,Wealth,40,Moderate
28,1643134,1,Retirement,2,Moderate
34,688525,1,Income,7,Conservative
43,347116,4,Tax,18,Moderate
30,1273336,1,Retirement,7,Moderate
43,427652,4,Tax,22,Moderate
22,464861,4,Wealth,0,Aggressive
28,332363,3,Income,0,Moderate
54,300000,5,Wealth,27,Aggressive
23,319913,2,Retirement,0,Conservative
47,868966,3,Income,20,Moderate
31,1867740,5,Retirement,7,Aggressive
51,554671,4,Income,26,Moderate
26,496285,3,Wealth,0,Moderate
53,771051,4,Wealth,25,Aggressive
35,766583,1,Retirement,12,Conservative
23,775165,4,Income,0,Moderate
36,1694975,1,Education,10,Conservative
28,649504,4,Wealth,6,Aggressive
34,572265,4,Education,4,Moderate
31,813747,5,Tax,9,Moderate
66,1272204,4,Retirement,40,Aggressive
46,5984076,4,Wealth,23,Aggressive
49,2736265,4,Wealth,24,Aggressive
37,958085,2,Tax,12,Conservative
57,563142,2,Retirement,35,Moderate
25,759190,3,Wealth,4,Aggressive
34,503668,5,Education,4,Aggressive
33,938207,2,Tax,11,Moderate
42,1010444,3,Tax,14,Moderate
29,1236338,3,Tax,5,Moderate
39,300000,3,Tax,13,Conservative
21,436890,5,Wealth,0,Aggressive
52,2228588,1,Retirement,22,Moderate
53,372731,5,Education,27,Moderate
23,471016,3,Education,0,Moderate
57,642379,4,Income,34,Moderate
40,2180352,3,Education,11,Moderate
21,1282495,4,Wealth,0,Aggressive
57,663614,5,Wealth,31,Aggressive
56,583892,1,Education,34,Conservative
33,499970,2,Wealth,4,Moderate
56,334740,2,Income,34,Conservative
41,456743,1,Income,18,Conservative
41,2765848,4,Retirement,12,Aggressive
57,2285630,4,Income,31,Moderate
36,634021,1,Tax,6,Conservative
52,570265,1,Wealth,25,Moderate
64,1791031,3,Income,34,Conservative
29,528046,5,Retirement,6,Aggressive
29,1285834,3,Wealth,6,Aggressive
59,371506,3,Education,33,Moderate
41,907263,5,Tax,17,Aggressive
44,579421,2,Wealth,19,Moderate
21,1111546,5,Income,0,Aggressive
25,1989492,2,Income,0,Moderate
35,527666,5,Wealth,8,Aggressive
57,382250,2,Wealth,32,Conservative
49,654285,4,Wealth,26,Moderate
49,2055965,4,Income,23,Moderate
35,884301,5,Tax,5,Aggressive
35,765009,1,Income,14,Conservative
51,1807912,4,Income,23,Moderate
48,1158787,5,Retirement,22,Aggressive
43,4091686,5,Wealth,20,Aggressive
57,375578,4,Tax,27,Moderate
34,800996,5,Tax,8,Aggressive
39,306254,1,Wealth,9,Conservative
28,375709,2,Education,1,Moderate
40,2021732,5,Tax,18,Aggressive
46,428577,4,Income,20,Moderate
32,2412271,1,Tax,6,Moderate
29,371050,1,Wealth,4,Moderate
40,755557,5,Wealth,13,Aggressive
57,349497,3,Tax,35,Moderate
44,1275092,4,Retirement,18,Aggressive
33,930140,1,Wealth,5,Conservative
34,1944414,4,Retirement,8,Aggressive
36,1455379,5,Wealth,12,Aggressive
50,878792,5,Tax,24,Moderate
44,873720,3,Wealth,19,Aggressive
34,332462,3,Tax,12,Moderate
26,1053225,5,Wealth,5,Aggressive
36,753483,2,Tax,7,Moderate
25,1278587,2,Wealth,3,Aggressive
34,1361836,1,Wealth,6,Moderate
59,514177,3,Retirement,36,Moderate
25,485767,1,Wealth,1,Moderate
41,850790,4,Education,17,Aggressive
28,671149,5,Wealth,2,Aggressive
25,300000,5,Wealth,4,Aggressive
29,399309,2,Income,4,Conservative
30,1711327,1,Wealth,5,Moderate
34,1103323,1,Income,13,Conservative
48,791049,4,Tax,25,Moderate
31,1934115,1,Wealth,9,Moderate
31,772066,4,Wealth,1,Moderate
35,1321847,1,Tax,7,Moderate
36,785555,3,Tax,13,Moderate
44,840971,5,Retirement,15,Moderate
37,7267641,4,Income,12,Moderate
56,495863,5,Wealth,26,Aggressive
29,1185346,5,Tax,8,Aggressive
34,1167655,1,Retirement,13,Conservative
53,1803027,1,Wealth,25,Moderate
36,766231,4,Retirement,6,Moderate
23,3271542,2,Wealth,0,Aggressive
60,626116,2,Wealth,31,Moderate
24,588925,5,Retirement,0,Aggressive
24,1454766,2,Retirement,0,Moderate
46,1907301,3,Income,16,Moderate
29,336661,1,Tax,2,Conservative
26,470128,5,Wealth,0,Aggressive
29,908392,1,Tax,4,Conservative
26,1222458,2,Wealth,2,Moderate
40,2071943,3,Wealth,15,Aggressive
23,873914,3,Retirement,0,Moderate
27,1808860,4,Retirement,4,Aggressive
38,300000,5,Retirement,13,Moderate
34,347756,3,Tax,9,Moderate
31,801800,5,Wealth,4,Aggressive
41,1674573,5,Income,18,Aggressive
56,643387,5,Income,32,Moderate
44,657514,1,Retirement,16,Moderate
37,1052777,5,Tax,10,Aggressive
22,687437,2,Income,0,Conservative
37,2153268,3,Tax,7,Moderate
35,864038,1,Retirement,13,Conservative
58,4507293,3,Tax,35,Moderate
49,896471,2,Education,23,Moderate
34,618342,1,Wealth,9,Conservative
48,857952,4,Income,23,Moderate
37,1734128,2,Education,8,Moderate
37,718439,4,Tax,9,Moderate
28,300000,3,Wealth,0,Aggressive
26,578558,2,Wealth,2,Moderate
26,300000,4,Retirement,0,Moderate
53,1156816,4,Wealth,27,Aggressive
63,367781,1,Retirement,33,Conservative
37,833293,1,Wealth,15,Conservative
43,300000,3,Retirement,22,Moderate
35,759459,2,Wealth,14,Moderate
35,907904,4,Income,10,Moderate
35,570275,2,Retirement,11,Moderate
33,780999,5,Wealth,12,Aggressive
43,300000,3,Tax,20,Moderate
37,831875,3,Tax,7,Moderate
24,515601,1,Retirement,0,Moderate
33,857681,4,Tax,9,Moderate
35,740975,2,Retirement,10,Moderate
23,681840,4,Wealth,0,Moderate
55,589396,3,Retirement,33,Moderate
28,976250,4,Tax,5,Aggressive
60,2589770,3,Wealth,38,Aggressive
23,734277,5,Tax,2,Aggressive
36,1176967,4,Income,8,Moderate
21,2410657,3,Income,0,Moderate
23,1068531,4,Wealth,0,Aggressive
26,1366962,4,Wealth,4,Aggressive
33,442352,2,Income,4,Conservative
45,1038595,4,Tax,17,Aggressive
33,1031437,4,Wealth,6,Aggressive
41,2795761,4,Retirement,14,Aggressive
38,336657,3,Tax,8,Moderate
34,3691319,3,Wealth,12,Aggressive
56,1802700,4,Income,30,Moderate
34,1584760,5,Income,4,Aggressive
30,360743,4,Retirement,6,Moderate
46,427873,4,Tax,22,Moderate
36,1248582,3,Wealth,8,Aggressive
28,300000,1,Wealth,0,Moderate
63,300000,1,Tax,36,Conservative
42,1407303,4,Retirement,12,Moderate
30,1854431,5,Wealth,8,Aggressive
36,3611184,2,Wealth,10,Moderate
48,637927,3,Tax,19,Conservative
46,439460,2,Wealth,17,Moderate
34,470932,2,Wealth,7,Moderate
59,1106101,5,Wealth,37,Aggressive
28,700430,5,Income,0,Moderate
27,312277,1,Income,0,Conservative
51,1163949,3,Wealth,22,Aggressive
23,393152,1,Retirement,0,Conservative
56,1357743,5,Retirement,33,Aggressive
40,1321587,5,Wealth,14,Aggressive
39,654896,3,Wealth,16,Moderate
29,984487,3,Wealth,7,Aggressive
50,657210,4,Education,29,Moderate
52,767163,4,Tax,28,Moderate
47,328777,2,Wealth,25,Moderate
29,300000,3,Tax,4,Moderate
21,738151,3,Tax,0,Moderate
47,401897,1,Wealth,19,Conservative
50,443077,1,Retirement,20,Conservative
59,424900,4,Tax,33,Moderate
32,1568454,2,Retirement,3,Moderate
22,1711790,5,Education,0,Aggressive
56,1023545,4,Wealth,32,Aggressive
43,641313,1,Wealth,19,Moderate
52,1016222,5,Income,22,Moderate
37,1738865,2,Wealth,10,Moderate
41,2579298,1,Wealth,11,Moderate
58,474867,4,Retirement,28,Moderate
26,300000,4,Wealth,2,Aggressive
40,1001267,2,Retirement,16,Moderate
57,300000,4,Tax,33,Moderate
32,978586,2,Tax,5,Moderate
32,942156,3,Wealth,2,Moderate
30,734492,1,Tax,0,Conservative
30,2822196,3,Education,3,Aggressive
55,850828,3,Wealth,27,Aggressive
54,1187081,4,Tax,27,Moderate
28,1811552,5,Retirement,2,Aggressive
52,767820,4,Retirement,30,Moderate
59,611676,1,Wealth,30,Moderate
52,625019,4,Wealth,24,Aggressive
45,1083228,1,Education,19,Moderate
49,1009808,5,Wealth,21,Aggressive
48,2672067,5,Retirement,23,Aggressive
52,516932,5,Wealth,28,Aggressive
30,683683,1,Wealth,6,Moderate
30,1572314,5,Retirement,9,Aggressive
30,1276402,3,Wealth,3,Aggressive
30,774640,4,Retirement,0,Moderate
28,703068,4,Retirement,1,Moderate
49,567470,1,Retirement,24,Conservative
49,428026,2,Wealth,19,Moderate
49,792262,2,Wealth,24,Moderate
43,1213211,4,Wealth,20,Aggressive
51,1044157,2,Wealth,26,Moderate
36,760968,2,Income,10,Conservative
46,1007428,2,Wealth,25,Moderate
31,413575,1,Wealth,7,Conservative
49,1198767,3,Tax,20,Moderate
23,300000,5,Education,0,Moderate
57,963645,1,Wealth,35,Moderate
53,1219642,3,Retirement,26,Moderate
36,867520,5,Wealth,8,Aggressive
25,809798,5,Retirement,1,Aggressive
35,384166,1,Retirement,8,Conservative
32,781759,4,Retirement,7,Aggressive
38,3228836,1,Wealth,17,Moderate
40,768724,5,Income,10,Moderate
50,664356,2,Wealth,25,Moderate
29,300000,2,Retirement,0,Moderate
26,1041033,4,Income,0,Moderate
55,1094990,1,Wealth,31,Moderate
58,577746,5,Tax,35,Moderate
33,679237,2,Wealth,5,Moderate
29,317876,3,Wealth,7,Moderate
40,878802,2,Wealth,18,Moderate
49,1141740,4,Retirement,23,Moderate
27,300000,1,Income,2,Conservative
29,785641,1,Tax,6,Moderate
56,2706736,2,Retirement,33,Moderate
21,895719,3,Income,0,Moderate
32,1137465,1,Income,2,Conservative
40,1691435,1,Retirement,11,Moderate
60,1200238,5,Wealth,33,Aggressive
34,627100,4,Income,8,Moderate
23,300000,5,Wealth,0,Aggressive
32,5346662,4,Wealth,9,Aggressive
26,1358855,1,Retirement,0,Conservative
32,1455495,3,Wealth,5,Moderate
31,1669887,3,Wealth,3,Moderate
55,1764533,1,Income,31,Conservative
58,1406807,4,Retirement,36,Aggressive
35,822498,5,Retirement,8,Aggressive
46,644483,5,Retirement,23,Aggressive
34,1345752,5,Retirement,12,Aggressive
58,892331,4,Wealth,33,Aggressive
33,872525,1,Income,4,Conservative
55,1606949,3,Tax,32,Moderate
54,3498270,5,Tax,33,Aggressive
45,417155,4,Income,24,Moderate
28,1128131,4,Tax,1,Moderate
36,398651,5,Wealth,15,Aggressive
32,924286,1,Wealth,7,Conservative
36,300000,3,Retirement,9,Moderate
46,494801,3,Tax,23,Moderate
62,817822,4,Tax,33,Moderate
32,1704631,1,Retirement,10,Moderate
40,300000,2,Retirement,14,Conservative
33,1091906,3,Income,6,Moderate
30,786216,2,Retirement,9,Moderate
36,2245713,4,Income,14,Moderate
28,607417,3,Education,3,Aggressive
23,1092450,1,Retirement,0,Conservative
56,722681,2,Wealth,33,Moderate
35,406856,5,Retirement,6,Moderate
59,540086,2,Wealth,29,Moderate
32,474678,4,Retirement,5,Moderate
61,300000,4,Retirement,34,Moderate
27,2379502,4,Wealth,0,Aggressive
36,627279,1,Wealth,14,Moderate
54,1126354,1,Wealth,33,Moderate
27,371587,4,Wealth,5,Aggressive
37,832713,3,Retirement,15,Moderate
43,1149166,5,Tax,19,Aggressive
55,856791,1,Retirement,33,Conservative
32,450857,3,Wealth,7,Moderate
37,1420086,2,Income,8,Conservative
63,300000,2,Wealth,40,Conservative
40,300000,3,Wealth,10,Moderate
34,743255,5,Wealth,12,Aggressive
46,300000,2,Tax,22,Conservative
27,465363,3,Tax,0,Moderate
30,579572,3,Tax,5,Moderate
45,2337627,4,Wealth,24,Aggressive
36,507854,3,Income,14,Moderate
30,559310,5,Income,3,Aggressive
49,300000,4,Income,22,Conservative
59,850291,5,Tax,38,Moderate
39,811748,5,Income,18,Moderate
28,375161,4,Tax,4,Moderate
29,1528335,4,Education,4,Aggressive
57,1460197,2,Tax,28,Moderate
23,544970,2,Wealth,0,Moderate
55,300000,4,Wealth,28,Moderate
32,380588,5,Retirement,10,Moderate
34,2359806,1,Tax,12,Moderate
47,888676,3,Wealth,19,Moderate
44,471533,4,Wealth,19,Aggressive
54,2097720,3,Wealth,31,Aggressive
21,708085,2,Wealth,0,Moderate
60,813702,3,Wealth,37,Moderate
26,4297656,2,Retirement,0,Moderate
22,1536174,4,Retirement,0,Aggressive
35,660096,2,Wealth,8,Moderate
26,1044399,5,Wealth,0,Aggressive
25,1185510,5,Retirement,0,Aggressive
28,1432697,5,Wealth,0,Aggressive
25,390186,3,Tax,0,Moderate
31,2522430,3,Wealth,5,Aggressive
45,2184783,1,Wealth,17,Moderate
35,420729,3,Income,7,Moderate
60,798027,1,Retirement,32,Conservative
36,849429,4,Education,8,Moderate
29,901873,4,Wealth,1,Aggressive
24,1387242,4,Wealth,0,Aggressive
44,639030,4,Wealth,21,Aggressive
32,1090777,3,Education,8,Aggressive
41,1255636,5,Tax,15,Aggressive
27,1140470,5,Wealth,0,Aggressive
33,1124628,2,Retirement,9,Moderate
27,1188811,4,Tax,2,Aggressive
40,937066,5,Tax,11,Moderate
24,300000,1,Retirement,2,Conservative
24,396405,4,Tax,0,Moderate
47,325998,1,Wealth,24,Conservative
31,380095,3,Retirement,5,Moderate
31,403278,4,Income,10,Conservative
34,1665380,4,Wealth,5,Aggressive
44,2051244,5,Retirement,17,Aggressive
59,1264557,3,Wealth,35,Aggressive
35,402225,2,Wealth,6,Moderate
54,422699,1,Education,25,Conservative
24,512881,4,Retirement,0,Moderate
29,482771,1,Education,5,Conservative
28,2031755,4,Income,2,Aggressive
42,311732,4,Education,14,Moderate
67,1004222,2,Education,40,Moderate
53,330454,5,Income,31,Moderate
41,1140772,1,Tax,19,Moderate
45,616911,1,Tax,23,Conservative
37,367556,3,Education,10,Moderate
38,545436,3,Education,13,Moderate
35,1144313,5,Education,9,Aggressive
37,300000,5,Retirement,8,Moderate
31,519538,3,Income,5,Moderate
57,707195,3,Retirement,28,Moderate
26,307617,3,Retirement,0,Moderate
27,413885,5,Income,0,Moderate
22,2228755,3,Income,0,Moderate
45,319359,2,Income,22,Conservative
30,554080,5,Income,1,Moderate
33,1131584,3,Retirement,12,Moderate
61,764920,5,Retirement,39,Moderate
46,540412,2,Wealth,21,Moderate
63,1396188,1,Retirement,38,Conservative
35,300000,3,Education,14,Conservative
28,1315552,2,Income,5,Moderate
22,414685,4,Retirement,0,Moderate
36,300000,5,Tax,10,Moderate
49,3645099,1,Wealth,28,Moderate
41,827504,4,Wealth,12,Aggressive
41,1380713,3,Retirement,12,Moderate
47,1711635,4,Wealth,22,Aggressive
34,422041,3,Retirement,7,Conservative
52,671928,2,Retirement,30,Moderate
27,786318,2,Wealth,0,Moderate
50,492881,1,Tax,21,Conservative
57,1852027,4,Tax,28,Moderate
54,2047308,5,Income,33,Aggressive
29,736262,2,Tax,8,Moderate
50,1143040,2,Wealth,25,Moderate
53,1466264,3,Tax,31,Moderate
38,981742,1,Education,13,Conservative
31,538552,1,Income,6,Conservative
42,300000,3,Retirement,19,Moderate
35,861228,5,Tax,14,Moderate
50,1406482,2,Wealth,24,Moderate
25,416335,1,Wealth,4,Moderate
34,909035,3,Retirement,10,Moderate
56,1101198,4,Retirement,35,Moderate
47,1105440,1,Income,25,Conservative
40,879780,2,Education,15,Moderate
60,400493,2,Retirement,30,Conservative
24,1875173,2,Retirement,0,Moderate
37,781207,4,Wealth,16,Aggressive
30,553518,4,Wealth,6,Aggressive
33,300000,2,Wealth,10,Moderate
21,1069782,3,Wealth,0,Aggressive
35,4499390,3,Tax,13,Aggressive
28,683656,2,Wealth,1,Moderate
52,573154,3,Income,31,Conservative
38,799055,5,Tax,14,Moderate
41,764636,2,Retirement,16,Moderate
51,623245,1,Retirement,27,Conservative
37,3446452,5,Wealth,14,Aggressive
30,831567,5,Tax,5,Aggressive
39,323800,3,Tax,10,Conservative
63,353498,5,Retirement,37,Moderate
31,1789524,4,Wealth,4,Aggressive
54,983494,3,Retirement,26,Moderate
47,630258,3,Wealth,19,Moderate
51,594591,4,Tax,21,Moderate
31,1313235,5,Tax,6,Aggressive
46,463959,3,Education,23,Moderate
54,725977,3,Retirement,25,Moderate
24,1342598,1,Wealth,0,Moderate
56,479142,3,Income,31,Conservative
64,1963564,3,Wealth,34,Moderate
29,300000,4,Retirement,2,Moderate
41,827960,3,Wealth,18,Moderate
38,850271,3,Retirement,16,Moderate
44,300000,5,Wealth,14,Aggressive
31,479320,3,Tax,9,Moderate
30,1223942,2,Retirement,3,Moderate
28,486729,2,Retirement,3,Moderate
46,669878,1,Tax,21,Conservative
21,606471,2,Wealth,0,Moderate
39,1593951,2,Income,11,Conservative
48,1024633,4,Retirement,23,Moderate
29,588286,4,Tax,3,Aggressive
56,488106,1,Wealth,29,Conservative
27,1478253,4,Education,0,Aggressive
33,891785,3,Retirement,6,Moderate
28,1631830,1,Wealth,0,Moderate
41,1242158,3,Wealth,19,Aggressive
23,300000,5,Wealth,0,Aggressive
30,1707516,4,Tax,7,Aggressive
33,879752,3,Wealth,11,Moderate
37,957666,5,Wealth,7,Aggressive
43,300000,4,Retirement,16,Moderate
29,573181,4,Wealth,3,Aggressive
39,839687,1,Education,10,Conservative
23,328347,2,Retirement,0,Moderate
38,2041221,2,Wealth,15,Moderate
35,1359380,3,Retirement,8,Moderate
25,608595,1,Wealth,0,Moderate
45,2869500,2,Retirement,16,Moderate
54,1044311,3,Education,31,Moderate
33,2106705,3,Wealth,9,Aggressive
52,455343,2,Education,27,Conservative
43,1126512,5,Wealth,15,Aggressive
56,2063183,3,Retirement,31,Moderate
45,1846559,2,Wealth,21,Moderate
34,1633569,5,Income,4,Moderate
47,1926140,2,Tax,26,Moderate
24,2348162,3,Income,2,Moderate
44,300000,5,Tax,19,Aggressive
60,598170,3,Tax,36,Conservative
32,300000,2,Retirement,4,Moderate
37,300000,1,Retirement,14,Conservative
33,559621,1,Tax,11,Conservative
47,597140,2,Retirement,25,Moderate
33,2089643,4,Retirement,7,Aggressive
36,350049,5,Tax,6,Moderate
25,913865,1,Education,0,Conservative
50,2466204,2,Income,21,Moderate
53,724283,4,Wealth,29,Aggressive
61,3160844,3,Retirement,35,Moderate
32,300000,3,Education,3,Moderate
32,444859,3,Wealth,10,Moderate
46,2373913,2,Wealth,22,Aggressive
31,501799,5,Retirement,9,Aggressive
43,681538,2,Retirement,18,Moderate
56,2597229,4,Retirement,35,Aggressive
35,1283490,5,Wealth,11,Aggressive
30,300000,3,Wealth,5,Aggressive
34,1241766,1,Income,5,Conservative
50,491513,1,Retirement,25,Conservative
23,570736,1,Income,0,Conservative
56,755125,4,Retirement,28,Moderate
56,537709,3,Wealth,33,Moderate
27,1135887,1,Education,0,Moderate
41,437943,5,Wealth,17,Aggressive
25,997104,1,Retirement,0,Conservative
56,1369187,4,Income,29,Moderate
54,769575,1,Income,29,Conservative
49,846152,4,Tax,24,Moderate
40,858773,4,Wealth,11,Aggressive
31,882150,5,Wealth,5,Aggressive
24,749969,4,Wealth,0,Aggressive
39,725098,2,Tax,13,Conservative
48,740215,3,Income,18,Moderate
28,918270,4,Wealth,5,Aggressive
56,595612,2,Wealth,30,Moderate
58,727572,2,Retirement,29,Moderate
35,1613923,1,Education,12,Moderate
39,3284451,5,Retirement,18,Aggressive
41,4514256,1,Tax,12,Conservative
43,885275,5,Tax,20,Aggressive
26,391682,1,Income,0,Conservative
52,679785,1,Education,23,Conservative
49,892726,2,Education,27,Conservative
54,1719500,3,Retirement,29,Moderate
45,487856,2,Wealth,21,Moderate
31,739087,1,Tax,6,Conservative
59,397262,3,Tax,35,Conservative
33,2588065,1,Tax,9,Moderate
38,1178643,1,Wealth,15,Moderate
40,628854,3,Retirement,18,Moderate
30,843116,2,Wealth,2,Moderate
26,313350,4,Wealth,3,Aggressive
26,1108236,1,Retirement,0,Moderate
28,1055648,4,Tax,6,Aggressive
54,300000,2,Wealth,26,Moderate
62,483809,4,Wealth,34,Moderate
31,653939,2,Tax,6,Conservative
40,658434,4,Income,18,Moderate
59,565447,4,Income,29,Moderate
53,881347,1,Wealth,25,Conservative
25,2139360,3,Retirement,1,Moderate
29,1127169,3,Tax,4,Moderate
56,1839034,2,Tax,27,Moderate
33,1040389,1,Retirement,7,Moderate
54,644739,4,Retirement,30,Moderate
27,712101,2,Retirement,0,Moderate
40,1414000,3,Tax,12,Moderate
35,1176969,4,Wealth,14,Aggressive
34,2049729,1,Tax,8,Moderate
30,810073,2,Retirement,1,Moderate
28,303521,5,Wealth,0,Aggressive
38,703381,1,Wealth,12,Moderate
38,300000,2,Wealth,10,Conservative
25,733673,4,Retirement,3,Moderate
45,354479,2,Tax,19,Conservative
40,755248,1,Wealth,18,Moderate
64,893753,3,Tax,36,Conservative
44,740637,3,Retirement,16,Moderate
46,664718,1,Wealth,24,Moderate
29,616169,4,Tax,3,Aggressive
32,1782444,3,Tax,3,Moderate
29,982052,5,Wealth,4,Aggressive
27,300000,5,Tax,0,Moderate
23,884729,5,Tax,0,Aggressive
59,2332436,2,Retirement,32,Moderate
38,583598,4,Tax,14,Moderate
28,615799,4,Wealth,0,Aggressive
40,1254548,3,Retirement,15,Moderate
37,443021,1,Wealth,8,Conservative
30,352732,5,Wealth,8,Aggressive
31,300000,5,Wealth,2,Moderate
35,1297369,1,Wealth,14,Moderate
35,1481622,1,Wealth,7,Moderate
40,535150,5,Income,15,Moderate
56,359253,1,Income,29,Conservative
27,1482180,2,Tax,1,Moderate
29,738226,3,Tax,0,Moderate
24,300000,2,Retirement,2,Conservative
48,1045801,5,Retirement,18,Aggressive
26,988501,3,Income,0,Moderate
50,2130646,3,Retirement,29,Moderate
33,1450695,3,Tax,6,Moderate
51,1509184,4,Retirement,21,Moderate
40,436141,4,Wealth,15,Aggressive
28,312700,3,Income,0,Conservative
38,1154062,4,Wealth,14,Aggressive
47,816616,2,Retirement,20,Conservative
27,1267385,5,Wealth,0,Aggressive
25,880248,5,Retirement,3,Aggressive
37,2216065,5,Tax,9,Aggressive
41,596106,1,Retirement,11,Moderate
57,830129,2,Tax,29,Conservative
26,517510,5,Retirement,0,Aggressive
36,436920,5,Retirement,13,Moderate
52,2038006,5,Retirement,24,Aggressive
33,744640,5,Income,11,Moderate
32,4527537,4,Tax,9,Aggressive
28,314752,4,Retirement,6,Moderate
27,862885,2,Tax,4,Moderate
45,902087,2,Income,18,Conservative
30,1929619,5,Retirement,2,Aggressive
31,434833,5,Income,2,Moderate
21,531137,5,Wealth,0,Aggressive
35,300000,1,Retirement,5,Conservative
52,2247959,3,Retirement,22,Aggressive
61,300000,4,Wealth,39,Moderate
38,877420,5,Income,13,Moderate
47,4631224,1,Retirement,20,Moderate
28,1787642,1,Retirement,7,Moderate
43,1908877,1,Retirement,16,Moderate
30,2675266,4,Retirement,9,Aggressive
50,910020,3,Retirement,29,Moderate
28,905939,5,Income,5,Aggressive
21,804477,5,Education,0,Aggressive
48,763767,3,Tax,27,Conservative
35,525056,4,Retirement,9,Moderate
39,2121983,1,Retirement,10,Moderate
61,557535,5,Tax,31,Moderate
67,661533,1,Retirement,38,Conservative
44,318983,3,Wealth,19,Moderate
40,1441467,5,Tax,17,Aggressive
32,2457894,5,Income,9,Aggressive
51,300000,5,Wealth,26,Aggressive
23,2381738,2,Wealth,0,Aggressive
29,1351474,3,Education,4,Aggressive
36,1961639,3,Income,12,Conservative
52,1046937,1,Retirement,31,Conservative
31,1227332,4,Wealth,5,Aggressive
26,1017166,5,Education,3,Aggressive
32,400513,5,Tax,5,Moderate
23,740611,5,Tax,0,Aggressive
31,572176,3,Tax,6,Moderate
24,1723944,5,Tax,0,Aggressive
35,667556,3,Tax,6,Moderate
21,1134849,4,Income,0,Moderate
28,376409,4,Retirement,2,Moderate
37,2928578,3,Retirement,11,Moderate
54,967773,5,Tax,26,Moderate
43,312517,3,Wealth,19,Moderate
52,1635053,5,Tax,24,Aggressive
24,960927,5,Wealth,1,Aggressive
34,1402566,2,Wealth,12,Moderate
28,7307465,3,Wealth,0,Aggressive
23,1797656,1,Wealth,0,Moderate
32,1733752,1,Retirement,8,Conservative
40,628643,4,Wealth,15,Moderate
57,868997,5,Retirement,34,Moderate
57,628107,5,Tax,33,Aggressive
37,322141,2,Tax,11,Conservative
21,596980,5,Tax,0,Aggressive
38,1784518,4,Retirement,15,Aggressive
21,1053269,3,Tax,0,Moderate
31,356249,3,Tax,10,Conservative
43,747508,4,Wealth,16,Aggressive
63,465140,2,Income,39,Conservative
22,1117214,3,Education,0,Moderate
54,499372,4,Tax,25,Moderate
32,546615,5,Education,7,Aggressive
61,327792,3,Wealth,36,Moderate
38,2585002,4,Wealth,17,Aggressive
27,777167,2,Income,0,Conservative
42,744687,3,Wealth,16,Moderate
24,1018224,2,Retirement,2,Moderate
43,1071476,1,Wealth,18,Moderate
31,498960,2,Retirement,6,Moderate
29,951248,4,Retirement,0,Aggressive
30,859829,5,Wealth,5,Aggressive
34,1648149,3,Retirement,9,Moderate
31,1364488,2,Wealth,8,Moderate
34,800845,3,Retirement,11,Moderate
34,819878,3,Tax,9,Moderate
25,694815,4,Tax,0,Moderate
38,869947,4,Tax,13,Moderate
29,787965,1,Retirement,2,Conservative
43,900918,5,Wealth,13,Aggressive
30,300000,1,Retirement,7,Conservative
61,515012,4,Retirement,31,Moderate
46,2203831,1,Wealth,25,Moderate
27,508111,2,Tax,2,Conservative
60,731344,2,Retirement,35,Moderate
52,934506,3,Wealth,31,Moderate
43,714741,1,Wealth,19,Moderate
23,542785,1,Wealth,0,Moderate
26,1535655,4,Income,0,Moderate
47,390056,1,Education,21,Conservative
33,300000,3,Income,9,Conservative
28,1986940,4,Retirement,7,Aggressive
44,326780,3,Education,19,Moderate
52,1338367,2,Retirement,23,Moderate
34,614520,4,Wealth,5,Aggressive
53,2307278,5,Retirement,27,Aggressive
31,677669,3,Wealth,10,Moderate
36,551845,5,Tax,10,Moderate
26,1500514,5,Wealth,0,Aggressive
31,1920010,3,Retirement,6,Moderate
39,2504854,4,Education,11,Aggressive
59,300000,5,Education,31,Moderate
28,300000,4,Retirement,5,Moderate
24,376102,5,Wealth,0,Aggressive
32,368643,3,Retirement,9,Moderate
55,570795,1,Income,34,Conservative
62,835293,4,Wealth,40,Moderate
24,921789,5,Wealth,0,Aggressive
54,1187866,1,Income,27,Conservative
38,494688,1,Retirement,8,Conservative
25,756890,1,Income,0,Conservative
28,771577,3,Tax,0,Moderate
64,815706,3,Wealth,36,Moderate
21,565866,3,Tax,0,Moderate
36,935562,3,Wealth,7,Moderate
44,389994,4,Wealth,22,Aggressive
31,2688220,5,Retirement,3,Aggressive
57,435733,4,Retirement,31,Moderate
26,1063169,1,Wealth,0,Moderate
28,642335,5,Retirement,0,Aggressive
28,571445,5,Tax,3,Aggressive
30,300000,1,Retirement,3,Conservative
30,551701,2,Tax,9,Moderate
28,680372,5,Retirement,0,Aggressive
39,537581,4,Retirement,10,Aggressive
22,1292987,5,Retirement,0,Aggressive
55,2597476,1,Wealth,28,Moderate
32,767169,1,Retirement,4,Conservative
31,1153346,4,Retirement,9,Aggressive
41,1919185,1,Income,16,Conservative
50,381242,5,Retirement,21,Moderate
33,2788563,3,Wealth,11,Aggressive
25,320125,4,Tax,2,Moderate
31,805438,1,Retirement,2,Conservative
32,1292325,2,Retirement,10,Moderate
42,2378277,2,Tax,20,Moderate
54,800366,3,Wealth,24,Moderate
34,866601,5,Tax,9,Moderate
26,2523605,3,Tax,0,Aggressive
34,300000,5,Wealth,8,Aggressive
49,398524,2,Income,28,Conservative
23,342044,1,Wealth,0,Moderate
60,377253,3,Tax,30,Conservative
45,422062,1,Retirement,24,Conservative
55,1910645,2,Tax,30,Moderate
49,2336484,5,Wealth,25,Aggressive
33,1052193,1,Wealth,12,Moderate
50,1601267,2,Retirement,29,Conservative
52,1428642,4,Tax,23,Moderate
27,807126,3,Tax,0,Moderate
52,1542172,5,Education,30,Aggressive
53,1369635,5,Retirement,32,Aggressive
29,1267411,4,Wealth,2,Aggressive
27,858216,3,Retirement,2,Moderate
50,919104,1,Wealth,21,Conservative
21,715900,2,Wealth,0,Moderate
65,300000,2,Retirement,36,Moderate
30,770846,1,Education,1,Conservative
59,837109,1,Wealth,36,Moderate
43,431115,3,Tax,21,Moderate
35,576373,4,Retirement,10,Moderate
27,1316760,2,Wealth,0,Moderate
24,1489121,4,Wealth,1,Aggressive
59,300000,3,Tax,30,Conservative
25,495256,1,Wealth,0,Moderate
25,1407503,2,Income,0,Moderate
27,332567,4,Retirement,2,Moderate
50,735804,5,Wealth,24,Aggressive
47,337178,2,Tax,23,Conservative
51,432538,5,Wealth,30,Aggressive
32,1031932,5,Education,9,Aggressive
30,1250796,5,Wealth,6,Aggressive
47,1678491,5,Income,24,Moderate
53,5709291,2,Retirement,23,Moderate
35,705958,5,Tax,7,Moderate
53,731604,2,Wealth,26,Moderate
32,1975608,1,Wealth,8,Moderate
52,1773263,4,Wealth,29,Aggressive
32,1180247,4,Wealth,7,Aggressive
31,615592,4,Wealth,4,Aggressive
45,1354333,1,Income,20,Conservative
21,533761,4,Tax,0,Moderate
50,508037,1,Wealth,29,Conservative
34,978663,3,Retirement,11,Moderate
62,3430524,2,Tax,32,Moderate
36,660703,3,Income,15,Moderate
54,839929,1,Retirement,25,Conservative
30,300000,5,Tax,8,Aggressive
27,427800,1,Retirement,2,Conservative
55,1039817,2,Education,32,Moderate
44,1127150,3,Tax,17,Moderate
27,3135326,1,Tax,4,Moderate
53,387375,2,Income,28,Conservative
48,887665,5,Wealth,26,Aggressive
29,586819,3,Retirement,7,Moderate
28,983704,3,Retirement,0,Moderate
24,554221,4,Wealth,1,Aggressive
21,300000,3,Retirement,0,Moderate
40,1263267,4,Tax,11,Moderate
32,479517,3,Wealth,8,Moderate
67,684414,3,Retirement,40,Moderate
42,845226,1,Wealth,19,Conservative
26,791767,5,Wealth,0,Aggressive
27,300000,5,Retirement,0,Aggressive
31,300000,3,Tax,10,Conservative
22,663903,3,Retirement,0,Moderate
38,4043001,4,Tax,10,Aggressive
24,419483,5,Retirement,3,Aggressive
27,620430,1,Retirement,0,Moderate
34,2067031,5,Retirement,13,Aggressive
35,1319755,2,Retirement,11,Moderate
46,1084290,5,Wealth,16,Aggressive
32,877564,1,Income,9,Conservative
34,300000,5,Education,7,Moderate
54,300000,1,Retirement,31,Conservative
28,424718,4,Retirement,2,Moderate
59,609622,3,Tax,32,Moderate
62,1876124,4,Wealth,32,Aggressive
25,824603,3,Wealth,0,Moderate
43,516349,4,Wealth,15,Aggressive
43,662322,4,Wealth,13,Aggressive
33,2109888,3,Wealth,11,Aggressive
23,881431,1,Education,1,Moderate
24,1286281,2,Wealth,0,Moderate
31,574427,3,Retirement,2,Moderate
36,300000,1,Retirement,11,Conservative
54,1274181,1,Wealth,31,Moderate
41,1010485,1,Tax,14,Moderate
63,1586829,5,Wealth,40,Aggressive
34,855007,3,Retirement,10,Moderate
35,4385978,3,Retirement,9,Aggressive
45,416912,4,Income,15,Moderate
55,376565,3,Education,25,Moderate
50,708936,1,Retirement,21,Conservative
30,655721,2,Wealth,0,Moderate
21,703219,2,Tax,0,Moderate
51,752562,4,Wealth,24,Aggressive
61,643728,3,Retirement,32,Moderate
23,550411,2,Retirement,2,Moderate
40,402943,3,Education,11,Moderate
31,1189760,4,Retirement,9,Aggressive
47,1856550,3,Retirement,18,Moderate
37,8091608,4,Wealth,7,Aggressive
21,1043658,5,Tax,0,Aggressive
52,1776606,2,Wealth,23,Moderate
54,938327,4,Tax,33,Moderate
43,1321554,4,Wealth,18,Aggressive
55,766462,4,Education,32,Moderate
31,658665,4,Wealth,5,Aggressive
28,682875,4,Education,1,Moderate
28,3040746,4,Retirement,2,Aggressive
57,2807944,3,Education,30,Moderate
58,448486,1,Retirement,32,Conservative
46,1144008,4,Wealth,21,Aggressive
31,671054,1,Wealth,1,Conservative
35,2828389,5,Retirement,14,Aggressive
21,351209,5,Education,0,Moderate
49,1788165,2,Tax,26,Conservative
28,864669,4,Tax,6,Moderate
41,300000,2,Retirement,18,Moderate
28,3094705,2,Retirement,7,Moderate
39,300000,2,Tax,14,Conservative
55,394701,2,Tax,34,Conservative
40,337638,3,Retirement,15,Moderate
44,2004951,4,Tax,19,Aggressive
33,526086,3,Retirement,6,Moderate
38,357166,2,Retirement,9,Conservative
29,1238127,4,Tax,4,Aggressive
45,371006,5,Tax,24,Moderate
37,1116765,3,Retirement,8,Moderate
48,1040631,5,Education,21,Aggressive
36,962344,4,Income,14,Moderate
47,300000,2,Tax,21,Conservative
37,1819372,4,Retirement,10,Moderate
39,2249070,2,Tax,12,Moderate
40,1566176,5,Retirement,19,Aggressive
23,1372195,4,Wealth,0,Aggressive
53,714735,4,Tax,29,Moderate
21,2700297,4,Income,0,Moderate
42,305683,3,Retirement,12,Moderate
33,300000,1,Wealth,8,Conservative
48,1930822,3,Retirement,18,Moderate
55,300000,5,Wealth,29,Aggressive
25,1739775,2,Tax,0,Moderate
33,300000,5,Tax,3,Moderate
36,1262699,4,Tax,13,Aggressive
62,480289,1,Retirement,40,Conservative
59,1061797,4,Retirement,33,Moderate
35,2165004,3,Wealth,8,Aggressive
33,448513,2,Income,3,Conservative
41,2571066,5,Retirement,12,Aggressive
54,816019,3,Retirement,26,Moderate
51,874688,1,Retirement,21,Conservative
53,1849267,3,Tax,24,Moderate
32,2021438,3,Education,6,Aggressive
41,769921,1,Retirement,17,Moderate
37,300000,5,Retirement,8,Moderate
35,834967,2,Tax,14,Conservative
32,300000,3,Wealth,10,Moderate
48,757734,4,Income,26,Moderate
25,630267,5,Wealth,0,Aggressive
60,300000,5,Retirement,35,Moderate
28,434008,1,Retirement,7,Conservative
29,1971402,5,Income,0,Moderate
49,642704,4,Education,22,Moderate
27,584718,5,Wealth,0,Aggressive
27,1174574,2,Wealth,4,Moderate
49,2539425,1,Income,27,Conservative
28,535787,4,Retirement,2,Moderate
51,1828644,2,Tax,30,Moderate
40,805193,1,Retirement,14,Conservative
65,3115966,1,Retirement,39,Moderate
35,1701042,2,Wealth,11,Moderate
33,624478,5,Retirement,11,Aggressive
31,978708,4,Retirement,8,Moderate
68,460063,4,Tax,40,Conservative
54,903454,3,Tax,30,Moderate
33,451649,3,Wealth,8,Moderate
44,497508,1,Wealth,17,Conservative
40,1829200,3,Wealth,17,Aggressive
62,945828,4,Retirement,38,Moderate
43,1039478,4,Wealth,18,Aggressive
33,569315,3,Wealth,11,Moderate
28,649184,3,Tax,6,Moderate
28,628413,1,Tax,0,Conservative
38,533697,4,Tax,11,Moderate
56,519639,5,Wealth,32,Aggressive
28,439972,4,Tax,4,Moderate
40,306513,1,Retirement,15,Conservative
47,764538,2,Wealth,19,Moderate
21,414013,3,Education,0,Moderate
51,2577589,2,Tax,28,Moderate
53,316023,3,Wealth,27,Moderate
33,607542,3,Wealth,11,Moderate
29,1347623,5,Income,3,Aggressive
33,300000,5,Wealth,7,Aggressive
47,1385832,3,Wealth,22,Moderate
38,452614,4,Income,9,Moderate
39,378225,1,Tax,17,Conservative
41,1214048,1,Retirement,19,Moderate
35,1314918,3,Retirement,14,Moderate
31,371670,1,Tax,2,Conservative
35,637517,1,Income,14,Conservative
57,1878079,4,Income,28,Moderate
47,590788,4,Wealth,26,Aggressive
30,399121,3,Tax,5,Moderate
58,738867,1,Tax,34,Conservative
29,755081,3,Income,6,Moderate
31,672575,4,Income,3,Moderate
35,1103729,1,Wealth,10,Moderate
34,513554,4,Wealth,7,Aggressive
47,1253312,2,Wealth,21,Moderate
48,622396,1,Tax,19,Conservative
27,300000,2,Education,1,Moderate
55,2451944,2,Retirement,27,Moderate
42,300000,4,Retirement,12,Moderate
29,1439517,4,Income,3,Moderate
32,720045,5,Education,10,Aggressive
59,817885,1,Education,30,Moderate
22,437822,5,Tax,0,Aggressive
29,573725,3,Education,2,Moderate
21,1407415,3,Tax,0,Aggressive
40,370946,4,Tax,11,Moderate
22,566922,3,Wealth,0,Aggressive
59,1688838,2,Wealth,33,Moderate
55,534848,3,Retirement,32,Moderate
52,822509,5,Tax,25,Aggressive
27,870921,1,Wealth,1,Conservative
25,438347,4,Income,0,Moderate
51,1084374,1,Income,22,Conservative
22,765786,4,Income,0,Moderate
60,460081,3,Retirement,31,Moderate
47,1255291,3,Wealth,19,Moderate
45,892377,4,Income,17,Moderate
49,767773,1,Tax,27,Conservative
51,648653,2,Wealth,23,Moderate
27,300000,4,Retirement,0,Moderate
55,724123,2,Income,27,Conservative
58,300000,5,Retirement,35,Moderate
26,1351396,4,Wealth,5,Aggressive
45,359185,4,Wealth,15,Aggressive
28,1175975,2,Wealth,0,Moderate
28,302071,2,Tax,0,Conservative
22,325403,3,Wealth,0,Moderate
58,479653,1,Wealth,30,Conservative
24,2971889,3,Wealth,0,Aggressive
56,594007,3,Retirement,27,Moderate
61,2604956,2,Retirement,31,Moderate
42,1115106,4,Tax,19,Aggressive
28,672356,4,Retirement,7,Aggressive
44,909894,2,Tax,22,Moderate
24,1018635,4,Wealth,0,Aggressive
39,1099878,1,Retirement,9,Conservative
41,2038376,5,Retirement,19,Aggressive
52,856481,4,Wealth,24,Aggressive
35,1238584,4,Education,10,Aggressive
40,3173095,3,Education,19,Moderate
55,300000,2,Tax,30,Conservative
27,743364,4,Wealth,0,Aggressive
56,1412400,2,Wealth,27,Moderate
25,305511,3,Income,0,Moderate
34,408627,1,Wealth,11,Conservative
47,417372,5,Retirement,18,Aggressive
28,1054037,1,Retirement,0,Moderate
33,1164843,5,Wealth,11,Aggressive
56,434708,1,Tax,28,Conservative
34,1088031,5,Retirement,6,Aggressive
32,511979,1,Income,2,Conservative
28,1941681,2,Wealth,1,Moderate
38,1153065,5,Wealth,13,Aggressive
35,1348179,2,Retirement,9,Conservative
41,2451605,3,Retirement,14,Moderate
40,1308703,4,Education,16,Aggressive
58,541007,3,Retirement,35,Moderate
40,879075,3,Retirement,12,Moderate
38,321926,5,Wealth,17,Aggressive
36,372357,5,Retirement,10,Moderate
33,1223328,3,Retirement,10,Moderate
37,2601527,1,Retirement,12,Moderate
30,1708514,4,Education,5,Aggressive
63,1023954,2,Retirement,37,Conservative
51,300000,2,Wealth,28,Moderate
47,886059,1,Wealth,24,Moderate
51,398678,4,Income,22,Moderate
42,1058831,1,Education,17,Moderate
31,318972,2,Retirement,5,Conservative
31,903792,1,Tax,7,Moderate
29,561217,5,Retirement,2,Aggressive
24,855557,2,Income,3,Moderate
42,556052,5,Wealth,17,Aggressive
58,300000,4,Wealth,32,Moderate
34,1650707,5,Wealth,7,Aggressive
42,654996,1,Income,17,Conservative
55,595426,4,Retirement,27,Moderate
30,731292,3,Education,5,Moderate
37,509215,4,Retirement,15,Aggressive
24,508491,3,Education,0,Moderate
30,2205337,3,Retirement,4,Aggressive
21,853883,4,Tax,0,Aggressive
29,593533,3,Wealth,8,Moderate
51,300000,5,Retirement,21,Moderate
30,563252,5,Wealth,7,Aggressive
39,408542,4,Tax,10,Moderate
60,600393,3,Wealth,36,Moderate
37,2334973,1,Retirement,9,Moderate
44,2197187,4,Tax,19,Aggressive
43,671590,3,Wealth,20,Moderate
26,498200,3,Wealth,4,Aggressive
59,1208055,3,Retirement,33,Moderate
45,1763907,1,Tax,24,Conservative
37,666517,5,Wealth,9,Aggressive
37,3316968,2,Retirement,7,Moderate
38,552211,1,Wealth,13,Moderate
34,627684,2,Tax,11,Conservative
49,721993,5,Income,27,Moderate
52,636637,3,Income,23,Moderate
44,360469,2,Retirement,20,Moderate
43,1384748,2,Retirement,17,Moderate
34,659752,1,Wealth,4,Conservative
38,3639853,5,Tax,12,Aggressive
51,1384523,4,Retirement,30,Aggressive
59,1011390,2,Retirement,29,Moderate
50,3119947,1,Tax,26,Conservative
57,1332794,3,Education,32,Aggressive
29,1301323,5,Wealth,7,Aggressive
57,505330,3,Education,31,Moderate
54,682037,3,Retirement,33,Moderate
43,1619238,4,Income,19,Moderate
55,1422098,2,Education,29,Moderate
39,528969,4,Education,11,Moderate
62,4137406,1,Retirement,36,Moderate
59,698679,4,Retirement,29,Moderate
26,1830578,1,Tax,0,Moderate
41,968078,2,Tax,18,Moderate
34,1109252,2,Wealth,13,Moderate
25,635552,4,Education,0,Aggressive
37,928814,3,Income,8,Moderate
38,300000,4,Wealth,15,Aggressive
29,1746034,5,Education,7,Aggressive
55,1364666,2,Education,25,Moderate
48,2970426,5,Retirement,25,Aggressive
27,850579,5,Income,1,Moderate
46,401956,5,Wealth,25,Aggressive
28,2298024,3,Wealth,0,Aggressive
52,670177,2,Income,29,Conservative
33,300000,2,Retirement,9,Conservative
49,1145190,2,Wealth,23,Moderate
61,1553228,4,Income,31,Moderate
48,1893374,1,Retirement,19,Conservative
30,428898,2,Wealth,6,Moderate
40,1152226,3,Retirement,12,Moderate
32,1209833,3,Retirement,4,Moderate
51,1241842,1,Income,24,Conservative
29,529895,4,Retirement,0,Moderate
59,1033758,3,Tax,35,Moderate
27,1763993,1,Retirement,5,Moderate
60,300000,3,Wealth,33,Moderate
25,798377,1,Wealth,1,Moderate
28,1626019,3,Wealth,3,Aggressive
44,2493486,4,Tax,22,Aggressive
25,2384675,4,Wealth,0,Aggressive
23,1561696,3,Wealth,0,Aggressive
54,2979528,3,Wealth,33,Aggressive
35,1596222,5,Retirement,11,Aggressive
61,300000,2,Tax,36,Conservative
36,588452,4,Retirement,12,Moderate
36,2188513,3,Tax,10,Aggressive
36,564247,2,Education,14,Conservative
51,2002159,3,Retirement,25,Moderate
36,1385741,2,Income,8,Conservative
56,3012245,2,Wealth,26,Moderate
24,595513,4,Tax,0,Moderate
54,300000,5,Tax,26,Moderate
33,695204,1,Income,5,Conservative
47,300000,3,Wealth,19,Aggressive
57,583602,2,Wealth,35,Moderate
59,300000,5,Retirement,31,Aggressive
43,815811,2,Wealth,18,Moderate
38,1092101,3,Retirement,14,Moderate
58,1137051,1,Income,31,Conservative
31,1611248,4,Wealth,1,Aggressive
34,1010003,1,Retirement,8,Moderate
48,512649,4,Tax,23,Moderate
25,1937948,2,Tax,0,Moderate
61,1327834,5,Wealth,33,Aggressive
40,769962,4,Tax,19,Moderate
64,747499,2,Education,39,Conservative
29,521731,3,Tax,1,Moderate
63,1993817,3,Wealth,37,Moderate
36,827863,5,Retirement,7,Moderate
48,1496280,5,Wealth,19,Aggressive
51,300000,3,Retirement,24,Moderate
44,893524,3,Income,18,Moderate
57,984717,4,Wealth,31,Aggressive
31,355997,5,Retirement,7,Moderate
49,479837,3,Tax,21,Moderate
56,1365362,4,Retirement,28,Moderate
29,1231908,2,Tax,7,Moderate
34,994221,5,Wealth,5,Aggressive
36,2006102,5,Income,13,Aggressive
28,1205187,3,Education,3,Moderate
31,2156228,3,Retirement,9,Moderate
54,427766,3,Wealth,25,Moderate
26,953657,3,Education,3,Moderate
30,863480,1,Retirement,0,Conservative
43,345041,3,Retirement,14,Moderate
54,2794784,2,Wealth,30,Aggressive
31,585539,3,Wealth,9,Moderate
39,1060040,3,Wealth,12,Moderate
51,572851,2,Wealth,25,Moderate
42,1789777,4,Education,19,Aggressive
31,674222,2,Tax,8,Moderate
39,671329,5,Retirement,17,Aggressive
64,818377,2,Wealth,34,Moderate
21,855275,5,Wealth,0,Aggressive
47,549115,1,Retirement,17,Conservative
45,469597,2,Income,19,Conservative
22,552708,4,Education,0,Moderate
25,723089,1,Income,0,Conservative
21,974940,3,Wealth,0,Moderate
59,606562,4,Wealth,30,Aggressive
54,363441,2,Wealth,29,Moderate
30,345989,2,Wealth,8,Moderate
43,425312,4,Wealth,20,Aggressive
30,1016491,3,Wealth,3,Aggressive
50,1489134,3,Retirement,28,Moderate
46,372247,1,Wealth,25,Moderate
26,1085540,4,Wealth,5,Aggressive
52,1044887,5,Retirement,24,Aggressive
53,2913091,4,Wealth,28,Aggressive
47,4100073,3,Wealth,23,Aggressive
40,1694844,3,Tax,16,Moderate
49,1319663,1,Wealth,26,Moderate
53,1170285,4,Tax,25,Aggressive
28,483120,2,Income,0,Conservative
44,361872,5,Education,17,Aggressive
38,300000,4,Wealth,12,Moderate
35,900027,5,Tax,6,Aggressive
49,476292,4,Wealth,20,Moderate
29,1405296,3,Retirement,8,Aggressive
43,366935,5,Retirement,22,Aggressive
28,962564,4,Wealth,1,Aggressive
40,472417,2,Tax,12,Conservative
58,307112,3,Income,28,Conservative
42,456165,2,Wealth,19,Moderate
30,512434,1,Wealth,8,Moderate
37,794362,1,Wealth,12,Moderate
49,528004,1,Tax,19,Conservative
40,421474,3,Wealth,16,Moderate
53,459952,2,Wealth,29,Conservative
39,300000,4,Wealth,17,Aggressive
38,618051,3,Retirement,17,Moderate
43,825446,4,Wealth,22,Aggressive
69,600030,3,Education,40,Moderate
34,926051,5,Retirement,12,Aggressive
34,1584285,1,Retirement,4,Conservative
54,1692349,1,Wealth,29,Moderate
42,1598095,5,Tax,20,Aggressive
31,523972,2,Tax,10,Moderate
46,420779,1,Wealth,23,Conservative
27,544239,1,Tax,1,Moderate
35,1229608,2,Wealth,7,Moderate
35,1002609,2,Tax,10,Conservative
57,472839,5,Retirement,28,Moderate
36,1713283,1,Retirement,13,Moderate
42,371005,5,Tax,15,Moderate
21,559199,3,Tax,0,Moderate
56,933179,2,Retirement,31,Moderate
36,1444819,2,Wealth,10,Moderate
34,1813624,1,Income,11,Conservative
40,997761,4,Retirement,12,Moderate
31,339063,5,Retirement,4,Moderate
55,1691587,2,Wealth,32,Moderate
43,388804,2,Education,20,Moderate
38,576298,1,Retirement,10,Conservative
32,404531,1,Retirement,9,Conservative
24,756485,4,Education,0,Aggressive
45,394559,3,Retirement,22,Moderate
40,1121931,3,Wealth,18,Aggressive
54,1078029,1,Wealth,25,Conservative
50,1366352,4,Tax,21,Moderate
25,984204,1,Wealth,3,Moderate
34,942655,3,Wealth,12,Moderate
33,405823,5,Retirement,6,Aggressive
35,501510,2,Retirement,14,Moderate
47,750906,2,Retirement,24,Conservative
30,796283,4,Wealth,1,Aggressive
43,638118,3,Wealth,15,Moderate
61,1190154,4,Tax,31,Moderate
31,4080571,4,Tax,1,Aggressive
43,1070240,4,Wealth,21,Aggressive
31,504139,2,Wealth,6,Conservative
55,1393034,4,Income,25,Moderate
34,521041,3,Wealth,11,Moderate
26,1032876,3,Retirement,0,Moderate
23,1123556,5,Tax,0,Aggressive
27,947629,3,Income,2,Moderate
49,532037,2,Wealth,26,Moderate
37,849518,3,Wealth,15,Aggressive
46,566951,1,Education,20,Conservative
21,565149,4,Retirement,0,Aggressive
21,300000,5,Retirement,0,Aggressive
27,739617,1,Wealth,2,Moderate
24,3669295,3,Wealth,2,Aggressive
32,300000,3,Wealth,4,Moderate
47,300000,4,Tax,25,Moderate
34,839227,4,Wealth,8,Aggressive
55,1363241,2,Wealth,33,Moderate
46,314444,5,Wealth,17,Moderate
31,937801,2,Tax,6,Conservative
35,719955,3,Retirement,8,Moderate
30,528769,5,Wealth,3,Aggressive
42,1052768,5,Retirement,21,Aggressive
39,398219,2,Wealth,17,Moderate
28,1643708,3,Retirement,2,Moderate
30,300000,3,Income,2,Moderate
46,760956,2,Wealth,25,Moderate
28,869098,5,Wealth,7,Aggressive
33,717497,5,Education,7,Aggressive
46,562997,1,Tax,21,Conservative
23,1251956,2,Wealth,0,Moderate
70,605724,3,Wealth,40,Moderate
48,300000,1,Education,22,Conservative
38,499641,2,Wealth,17,Moderate
34,861926,5,Retirement,5,Aggressive
43,549419,4,Wealth,19,Aggressive
36,642200,2,Wealth,9,Moderate
50,1385002,5,Wealth,25,Aggressive
31,530803,4,Wealth,8,Aggressive
39,754215,3,Retirement,10,Moderate
45,703046,4,Education,16,Moderate
33,1710219,3,Retirement,12,Moderate
29,834080,4,Income,2,Moderate
29,1412487,5,Wealth,5,Aggressive
23,487080,1,Wealth,2,Conservative
34,2750002,3,Wealth,7,Aggressive
52,1441856,2,Retirement,30,Conservative
57,2573020,4,Income,33,Moderate
34,926889,2,Wealth,9,Moderate
61,527515,3,Retirement,35,Moderate
53,687258,3,Income,28,Conservative
47,933543,4,Retirement,25,Aggressive
31,924984,2,Retirement,8,Moderate
32,605382,1,Retirement,9,Conservative
55,798260,1,Wealth,25,Moderate
53,963398,1,Retirement,27,Conservative
53,455838,1,Income,24,Conservative
56,622926,1,Retirement,29,Conservative
45,2056164,4,Retirement,24,Aggressive
46,1867750,1,Wealth,17,Moderate
33,462442,3,Retirement,11,Conservative
29,3034782,3,Wealth,4,Aggressive
49,461629,4,Wealth,23,Aggressive
36,1071887,1,Education,14,Moderate
33,2043307,4,Income,4,Moderate
52,461382,4,Tax,30,Moderate
39,366056,5,Tax,14,Moderate
58,1136419,3,Wealth,34,Moderate
25,766817,2,Wealth,2,Moderate
51,632337,4,Retirement,29,Moderate
48,312160,4,Income,18,Moderate
36,2026902,4,Income,11,Moderate
25,961400,1,Retirement,0,Conservative
27,1304492,2,Education,6,Moderate
29,1822182,1,Wealth,4,Moderate
31,300000,1,Tax,4,Conservative
51,913737,2,Wealth,27,Moderate
50,300000,5,Education,24,Moderate
48,1363425,3,Wealth,26,Aggressive
25,2069000,3,Retirement,1,Moderate
38,757266,3,Retirement,8,Moderate
58,768085,1,Wealth,36,Moderate
35,1205062,1,Wealth,5,Moderate
29,1124788,1,Retirement,8,Moderate
39,690536,5,Income,16,Moderate
34,1322662,1,Tax,7,Conservative
31,683546,2,Retirement,2,Moderate
49,998892,1,Wealth,25,Moderate
54,335097,1,Wealth,26,Moderate
53,1804736,4,Income,32,Moderate
43,437762,2,Income,14,Conservative
58,1006224,4,Wealth,32,Aggressive
31,366290,4,Tax,7,Moderate
28,591039,1,Income,5,Conservative
34,561661,5,Tax,4,Aggressive
23,1161906,2,Wealth,0,Moderate
33,2268643,1,Retirement,10,Moderate
46,472339,3,Wealth,18,Moderate
35,425648,3,Retirement,7,Moderate
55,1669185,5,Income,26,Aggressive
43,489174,2,Tax,22,Conservative
57,4091523,2,Retirement,36,Moderate
31,383718,4,Income,7,Conservative
27,1339986,3,Wealth,0,Aggressive
43,300000,3,Wealth,19,Aggressive
40,395578,3,Retirement,10,Moderate
37,406007,2,Retirement,10,Conservative
30,530504,1,Education,6,Moderate
55,1439381,3,Tax,25,Moderate
34,784539,3,Retirement,7,Moderate
58,1792640,5,Tax,28,Aggressive
68,1418113,4,Education,40,Moderate
34,402671,5,Tax,12,Moderate
32,747969,1,Retirement,3,Conservative
30,1898520,5,Tax,2,Aggressive
48,443276,5,Retirement,20,Moderate
23,1204909,3,Retirement,0,Moderate
40,485261,3,Education,15,Conservative
55,413817,4,Retirement,32,Moderate
25,654329,4,Wealth,0,Aggressive
35,370891,5,Tax,12,Aggressive
46,1924123,2,Retirement,19,Moderate
24,300000,2,Retirement,0,Moderate
26,1160267,4,Wealth,4,Aggressive
58,1156408,1,Retirement,36,Conservative
29,585402,4,Wealth,4,Aggressive
34,300000,5,Wealth,11,Aggressive
35,1108476,2,Income,9,Conservative
39,589501,5,Income,9,Moderate
36,521009,1,Retirement,9,Conservative
32,1855513,3,Income,10,Conservative
54,2252014,4,Wealth,24,Aggressive
32,564567,3,Wealth,11,Moderate
25,468721,2,Retirement,1,Conservative
60,300000,1,Tax,34,Conservative
35,300000,5,Wealth,14,Moderate
37,465514,4,Education,11,Moderate
24,1711343,2,Tax,0,Moderate
25,1106071,1,Education,4,Moderate
58,1690672,5,Wealth,30,Aggressive
42,1310608,5,Retirement,16,Aggressive
25,806563,2,Wealth,0,Moderate
37,861615,5,Income,13,Moderate
51,1174734,3,Wealth,26,Aggressive
21,689532,3,Tax,0,Moderate
34,1006515,1,Wealth,7,Moderate
44,1038479,3,Income,16,Moderate
28,955774,2,Retirement,4,Moderate
49,541985,1,Wealth,28,Moderate
61,2057353,4,Income,38,Moderate
34,2037627,5,Retirement,10,Aggressive
31,332862,3,Wealth,5,Moderate
52,300000,4,Wealth,22,Moderate
41,591859,5,Wealth,19,Aggressive
24,460352,2,Tax,0,Moderate
35,300000,4,Retirement,13,Aggressive
49,619480,1,Retirement,20,Conservative
48,2188969,2,Wealth,20,Moderate
60,1110206,3,Tax,35,Moderate
52,1430242,4,Retirement,29,Aggressive
40,2034760,2,Wealth,11,Moderate
35,1383172,2,Retirement,7,Moderate
49,718069,4,Tax,26,Moderate
29,1826273,3,Wealth,6,Aggressive
26,460817,2,Wealth,3,Moderate
31,300000,4,Wealth,10,Moderate
38,2146649,2,Income,15,Moderate
54,2365288,1,Income,24,Conservative
56,605656,4,Tax,28,Moderate
40,554571,4,Wealth,16,Aggressive
35,1191719,2,Tax,12,Moderate
22,374216,4,Income,0,Moderate
41,681364,1,Income,13,Conservative
38,949981,3,Income,11,Conservative
27,496902,1,Retirement,0,Conservative
59,1740287,4,Retirement,29,Moderate
32,965153,4,Retirement,10,Moderate
23,732790,2,Retirement,1,Moderate
35,1603725,5,Retirement,11,Aggressive
36,896330,5,Wealth,13,Aggressive
25,488647,3,Income,0,Moderate
33,1953758,2,Wealth,7,Moderate
34,791686,1,Wealth,7,Moderate
36,300000,2,Wealth,7,Conservative
33,981064,2,Income,10,Conservative
21,300000,1,Education,0,Conservative
59,3477828,2,Wealth,35,Moderate
31,1038835,4,Wealth,1,Aggressive
31,1038836,3,Wealth,5,Aggressive
55,1365053,5,Income,27,Aggressive
28,300000,1,Retirement,7,Moderate
49,1064921,5,Retirement,25,Aggressive
49,396144,4,Retirement,19,Moderate
26,605916,5,Income,0,Moderate
27,1093779,4,Income,1,Moderate
41,546927,5,Income,15,Moderate
52,300000,3,Retirement,23,Moderate
53,1127515,4,Wealth,32,Aggressive
40,1329649,1,Tax,16,Conservative
29,371938,1,Wealth,4,Moderate
37,464513,2,Wealth,16,Moderate
24,702058,2,Education,0,Conservative
54,3094138,3,Income,30,Moderate
33,2708470,5,Retirement,11,Aggressive
24,1727996,5,Wealth,0,Aggressive
45,3446958,4,Retirement,21,Aggressive
30,1713654,3,Tax,9,Moderate
28,975611,4,Wealth,0,Aggressive
30,371660,1,Income,6,Conservative
40,300000,1,Wealth,16,Conservative
47,572258,5,Tax,20,Moderate
53,921512,2,Retirement,26,Moderate
29,4040833,2,Wealth,1,Aggressive
59,688194,1,Retirement,29,Moderate
31,897124,4,Income,10,Moderate
59,1026369,5,Wealth,35,Aggressive
34,931020,4,Income,12,Moderate
64,2798065,2,Wealth,35,Moderate
38,2042163,3,Retirement,16,Aggressive
29,809071,2,Wealth,4,Moderate
27,520768,4,Education,0,Aggressive
21,543633,2,Wealth,0,Moderate
27,824855,2,Wealth,4,Moderate
30,490136,2,Income,6,Moderate
32,1519389,2,Tax,9,Moderate
54,502315,5,Wealth,28,Aggressive
32,2394758,1,Education,11,Moderate
38,1306833,2,Income,9,Conservative
28,323044,2,Wealth,3,Moderate
51,2260058,5,Tax,24,Aggressive
46,319307,5,Retirement,25,Moderate
45,2481051,3,Retirement,18,Aggressive
29,1357280,5,Tax,7,Aggressive
57,3872349,3,Tax,35,Moderate
57,300000,3,Wealth,36,Moderate
26,890341,2,Tax,4,Moderate
24,791697,4,Wealth,0,Aggressive
37,522717,2,Retirement,8,Moderate
30,1611489,1,Retirement,2,Moderate
39,644032,3,Wealth,10,Aggressive
38,2210217,4,Wealth,17,Aggressive
30,420313,5,Tax,5,Aggressive
44,300000,5,Retirement,19,Moderate
43,478242,5,Education,18,Aggressive
34,1204305,4,Education,7,Moderate
53,1625470,5,Wealth,26,Aggressive
24,412719,5,Income,0,Moderate
37,1160779,3,Wealth,16,Aggressive
30,1030953,5,Wealth,9,Aggressive
30,932028,4,Retirement,4,Moderate
46,2740433,5,Wealth,21,Aggressive
35,659552,2,Retirement,8,Moderate
28,418098,3,Tax,1,Moderate
29,850050,1,Wealth,0,Conservative
31,719469,2,Retirement,9,Moderate
28,1517717,1,Tax,0,Moderate
60,810515,4,Tax,33,Moderate
28,962441,1,Education,3,Moderate
32,659606,1,Tax,10,Conservative
32,300000,5,Wealth,11,Aggressive
57,915723,3,Wealth,36,Moderate
26,1842741,1,Retirement,5,Moderate
29,1213122,4,Retirement,7,Aggressive
38,300000,4,Retirement,16,Moderate
36,636049,4,Retirement,9,Aggressive
30,677062,5,Retirement,2,Aggressive
39,1188200,2,Education,9,Moderate
23,891625,5,Tax,2,Aggressive
45,300000,5,Wealth,16,Aggressive
30,392223,1,Wealth,8,Moderate
31,625034,3,Retirement,9,Moderate
26,511295,4,Tax,2,Moderate
30,699422,3,Wealth,3,Moderate
53,578014,2,Retirement,30,Conservative
36,682106,3,Education,9,Moderate
39,1400624,3,Retirement,14,Moderate
26,1820686,2,Income,1,Moderate
27,720827,2,Wealth,5,Moderate
55,1214441,4,Retirement,30,Moderate
41,1081150,4,Retirement,19,Aggressive
57,2103143,2,Wealth,27,Moderate
26,1289649,2,Retirement,0,Moderate
31,3424509,5,Retirement,8,Aggressive
43,1313726,4,Tax,20,Moderate
49,300000,4,Retirement,27,Moderate
54,2064470,5,Retirement,30,Aggressive
25,1535079,5,Wealth,0,Aggressive
40,1512209,4,Retirement,17,Aggressive
34,321852,5,Education,6,Moderate
27,1733591,4,Wealth,5,Aggressive
31,1609399,1,Retirement,10,Moderate
29,302707,4,Income,8,Moderate
41,1323973,5,Retirement,11,Aggressive
36,989508,2,Wealth,15,Moderate
22,811396,3,Retirement,0,Moderate
42,760180,3,Income,14,Moderate
40,300000,3,Tax,19,Moderate
49,768281,3,Tax,27,Moderate
40,1387862,2,Wealth,12,Moderate
62,452806,3,Wealth,38,Moderate
39,774709,1,Retirement,16,Conservative
47,564723,5,Wealth,18,Aggressive
56,597032,4,Tax,33,Moderate
28,300000,2,Wealth,1,Moderate
25,1279943,3,Wealth,3,Aggressive
33,817075,3,Wealth,4,Moderate
47,454970,3,Retirement,19,Moderate
28,1863870,5,Wealth,1,Aggressive
42,1468342,2,Wealth,13,Moderate
26,769297,1,Wealth,4,Moderate
53,1933418,4,Retirement,31,Moderate
30,2441870,1,Wealth,6,Moderate
25,417302,1,Income,0,Conservative
58,369288,3,Wealth,34,Moderate
40,300000,2,Retirement,10,Conservative
32,490871,3,Retirement,6,Moderate
47,614677,4,Retirement,24,Moderate
40,300000,2,Income,16,Conservative
31,448259,1,Tax,2,Conservative
55,1352804,3,Income,33,Conservative
25,969517,1,Wealth,3,Moderate
31,473514,4,Income,10,Moderate
43,1919413,5,Tax,14,Aggressive
43,313948,4,Wealth,13,Aggressive
22,1144333,2,Income,0,Conservative
51,685223,5,Tax,26,Moderate
39,861845,1,Retirement,14,Conservative
33,994991,5,Tax,6,Aggressive
45,1863500,3,Wealth,23,Aggressive
26,1324509,1,Wealth,0,Moderate
37,1733268,5,Tax,14,Aggressive
54,395381,4,Income,30,Moderate
55,658717,5,Income,34,Moderate
47,415649,2,Tax,26,Conservative
39,322886,1,Retirement,14,Conservative
32,1517431,5,Wealth,2,Aggressive
43,300000,1,Wealth,22,Moderate
35,535655,4,Education,10,Moderate
32,549028,2,Wealth,3,Moderate
58,694818,1,Wealth,37,Conservative
50,361961,2,Tax,26,Conservative
55,481164,4,Tax,27,Moderate
46,2974701,1,Retirement,21,Conservative
41,671238,4,Wealth,14,Aggressive
44,434335,4,Retirement,18,Moderate
35,950603,2,Income,6,Conservative
44,849970,4,Income,18,Moderate
36,3101645,4,Tax,12,Aggressive
60,665791,5,Tax,37,Aggressive
55,1133566,1,Wealth,26,Moderate
55,348032,4,Wealth,29,Aggressive
31,487448,3,Tax,8,Moderate
54,521849,3,Retirement,31,Moderate
37,300000,5,Retirement,11,Moderate
25,833329,4,Income,0,Moderate
56,961431,5,Tax,27,Moderate
34,881306,3,Retirement,12,Moderate
46,300000,1,Education,23,Conservative
22,410087,4,Wealth,0,Moderate
33,611559,5,Wealth,12,Aggressive
32,356160,1,Tax,4,Conservative
33,300000,5,Wealth,11,Aggressive
29,1576332,1,Retirement,3,Moderate
47,2320104,1,Tax,26,Moderate
58,1795931,5,Wealth,28,Aggressive
35,988930,3,Wealth,14,Moderate
52,532009,5,Retirement,27,Aggressive
27,3676702,2,Tax,0,Moderate
25,1706947,4,Tax,0,Moderate
49,453471,3,Tax,26,Conservative
35,2319143,3,Tax,12,Moderate
37,904993,5,Wealth,15,Aggressive
29,2031186,4,Tax,6,Aggressive
55,2460345,2,Wealth,28,Moderate
30,507155,5,Tax,8,Aggressive
33,733627,4,Wealth,12,Aggressive
56,958765,5,Tax,33,Moderate
21,860107,4,Income,0,Moderate
32,392459,3,Income,5,Conservative
67,871948,5,Wealth,40,Aggressive
38,656843,2,Education,10,Moderate
28,664310,4,Retirement,7,Aggressive
28,300000,2,Retirement,6,Moderate
55,684870,2,Retirement,33,Conservative
46,3613241,5,Wealth,19,Aggressive
28,1109079,4,Wealth,7,Aggressive
27,646041,1,Wealth,0,Moderate
29,1174967,2,Wealth,1,Moderate
52,2160963,4,Wealth,23,Aggressive
52,487292,3,Income,26,Conservative
26,2624253,2,Retirement,3,Moderate
37,381599,2,Wealth,9,Moderate
39,613490,2,Wealth,16,Moderate
30,577260,3,Education,1,Moderate
42,1890384,3,Tax,17,Moderate
60,371605,5,Retirement,30,Moderate
32,1697170,1,Wealth,8,Moderate
59,708475,5,Retirement,32,Aggressive
24,888084,1,Tax,2,Conservative
50,1848430,2,Income,24,Conservative
33,1129483,4,Retirement,12,Moderate
51,1971087,2,Retirement,24,Conservative
24,1673761,3,Retirement,0,Moderate
39,5043726,1,Education,11,Moderate
39,1807166,2,Wealth,15,Moderate
59,878579,1,Income,29,Conservative
26,841448,5,Retirement,2,Aggressive
38,2716913,3,Tax,15,Aggressive
22,1009561,3,Retirement,1,Moderate
21,1166525,4,Retirement,0,Aggressive
24,1893693,2,Wealth,0,Moderate
62,652519,3,Retirement,34,Moderate
28,445796,4,Retirement,5,Aggressive
56,1245495,3,Tax,32,Moderate
57,593233,5,Retirement,33,Aggressive
42,2419913,2,Income,19,Moderate
36,300000,2,Tax,9,Conservative
40,589874,1,Retirement,10,Conservative
36,1038208,4,Tax,8,Moderate
26,541133,5,Wealth,3,Aggressive
35,2356499,1,Retirement,13,Moderate
32,1022831,5,Retirement,11,Aggressive
62,550710,1,Retirement,38,Conservative
35,1049146,1,Tax,6,Conservative
27,326519,2,Income,0,Conservative
43,1271957,5,Wealth,18,Aggressive
44,2234271,4,Wealth,18,Aggressive
46,796757,4,Wealth,21,Aggressive
36,880008,1,Wealth,13,Conservative
21,400874,1,Education,0,Conservative
32,519179,5,Retirement,6,Aggressive
52,1844426,2,Retirement,24,Moderate
29,813316,2,Education,6,Moderate
57,4204685,5,Tax,27,Aggressive
55,1318992,5,Wealth,30,Aggressive
23,396393,2,Income,0,Conservative
29,4416986,1,Retirement,1,Moderate
60,322468,2,Education,32,Conservative
38,669986,3,Tax,8,Moderate
39,989943,3,Education,12,Moderate
26,1091949,5,Income,2,Aggressive
36,568449,3,Wealth,9,Moderate
56,883275,4,Tax,31,Moderate
37,2230043,3,Retirement,15,Moderate
33,2252198,2,Wealth,3,Moderate
30,3141934,3,Retirement,5,Aggressive
53,477252,1,Wealth,24,Conservative
36,1076847,5,Tax,7,Aggressive
33,1204651,1,Retirement,5,Conservative
27,300000,3,Income,1,Conservative
41,705375,1,Tax,18,Conservative
35,1290175,4,Income,7,Moderate
24,787508,1,Wealth,0,Moderate
35,541083,4,Tax,9,Moderate
30,1135319,2,Income,5,Moderate
21,2039250,1,Wealth,0,Moderate
51,999804,3,Tax,25,Moderate
50,300000,2,Wealth,28,Moderate
28,2012767,5,Income,7,Aggressive
38,353803,5,Retirement,9,Moderate
57,378817,3,Tax,29,Moderate
33,1032678,4,Retirement,5,Aggressive
45,1042463,1,Income,23,Conservative
36,545791,5,Wealth,8,Aggressive
31,1440457,1,Wealth,7,Moderate
66,847765,2,Wealth,40,Moderate
26,300000,1,Education,0,Conservative
36,422497,5,Retirement,6,Moderate
56,690221,4,Retirement,32,Moderate
29,873142,5,Wealth,2,Aggressive
29,580021,3,Retirement,6,Moderate
30,300000,5,Wealth,5,Aggressive
36,516646,1,Education,7,Conservative
55,1339185,1,Wealth,27,Moderate
26,882457,4,Education,5,Aggressive
32,1610363,5,Retirement,3,Aggressive
39,1458168,2,Retirement,13,Moderate
23,300000,2,Income,0,Conservative
37,528923,2,Retirement,10,Moderate
47,1362372,3,Wealth,23,Aggressive
43,1191825,2,Retirement,21,Moderate
28,1187351,3,Retirement,7,Moderate
51,1688627,2,Wealth,22,Moderate
42,2049218,4,Retirement,17,Aggressive
21,300000,5,Wealth,0,Aggressive
23,626034,3,Education,0,Moderate
34,1321656,1,Tax,10,Conservative
58,1451630,3,Wealth,31,Moderate
28,2839239,5,Tax,0,Aggressive
34,2377505,3,Wealth,12,Aggressive
45,1868809,3,Retirement,18,Moderate
34,601358,5,Income,13,Moderate
43,1522664,2,Tax,19,Moderate
25,3365651,5,Wealth,0,Aggressive
34,2404140,4,Retirement,7,Aggressive
27,1095484,2,Tax,0,Moderate
48,2319071,3,Wealth,24,Aggressive
52,985360,5,Wealth,24,Aggressive
36,993394,4,Wealth,6,Moderate
31,721564,4,Education,10,Aggressive
33,320031,1,Income,6,Conservative
32,1648683,4,Income,9,Moderate
28,788623,1,Wealth,3,Moderate
60,936634,4,Retirement,32,Moderate
46,1210529,5,Retirement,22,Aggressive
35,564946,3,Income,13,Conservative
36,1569620,2,Retirement,9,Moderate
41,764124,4,Retirement,17,Moderate
24,785909,4,Retirement,0,Aggressive
51,300000,1,Retirement,29,Conservative
25,943767,3,Wealth,1,Aggressive
38,441658,5,Retirement,14,Moderate
21,660453,5,Retirement,0,Aggressive
28,494621,3,Wealth,0,Moderate
38,517206,5,Retirement,9,Aggressive
36,724771,2,Retirement,8,Conservative
49,1194650,5,Wealth,19,Aggressive
39,2417700,2,Wealth,15,Aggressive
57,947001,4,Education,32,Moderate
33,615245,5,Wealth,5,Aggressive
37,677863,5,Wealth,10,Aggressive
31,1648254,2,Wealth,6,Moderate
39,1143016,4,Tax,17,Aggressive
46,351365,4,Tax,22,Moderate
40,518074,1,Income,15,Conservative
50,855112,4,Retirement,25,Moderate
32,721229,3,Tax,8,Moderate
61,554151,1,Retirement,37,Conservative
36,713954,4,Wealth,7,Moderate
31,993102,2,Income,10,Conservative
31,1068027,3,Retirement,8,Moderate
34,839979,1,Retirement,12,Conservative
58,1555191,5,Income,37,Moderate
51,1118306,2,Education,25,Moderate
32,399772,3,Retirement,2,Conservative
35,643620,2,Wealth,5,Moderate
56,739790,1,Wealth,31,Moderate
32,730732,3,Tax,6,Moderate
26,468650,1,Income,2,Conservative
50,555559,1,Income,24,Conservative
55,1533649,4,Income,31,Moderate
42,408405,2,Income,19,Conservative
62,664004,4,Income,33,Moderate
35,1957155,4,Income,6,Moderate
52,775216,2,Income,28,Conservative
36,4346476,3,Wealth,15,Aggressive
30,2526669,2,Retirement,7,Aggressive
37,300000,5,Wealth,16,Aggressive
29,380071,3,Wealth,5,Moderate
25,851164,4,Wealth,0,Moderate
28,652753,1,Income,4,Conservative
57,1332727,1,Education,33,Moderate
37,1279663,4,Wealth,16,Aggressive
34,300000,3,Tax,13,Conservative
44,1836868,5,Education,20,Aggressive
36,3125631,3,Wealth,11,Aggressive
55,311652,2,Income,32,Conservative
52,620288,5,Wealth,31,Aggressive
59,644635,2,Retirement,33,Conservative
52,1938848,3,Income,28,Moderate
26,2328822,4,Wealth,3,Aggressive
38,596131,4,Retirement,9,Aggressive
38,585111,2,Retirement,10,Moderate
40,1642359,5,Income,10,Moderate
30,696814,2,Retirement,2,Moderate
25,945523,5,Education,0,Aggressive
54,1577963,1,Wealth,29,Moderate
28,1346210,3,Retirement,4,Moderate
53,988438,4,Wealth,30,Aggressive
32,322258,4,Education,6,Moderate
33,1228766,5,Wealth,7,Aggressive
37,1615966,1,Education,14,Moderate
33,1366843,4,Retirement,11,Aggressive
33,308376,2,Wealth,10,Moderate
30,1431700,2,Retirement,1,Moderate
49,491837,4,Wealth,28,Moderate
41,300000,5,Education,17,Aggressive
28,723559,3,Tax,0,Moderate
45,361397,1,Wealth,18,Conservative
29,804991,3,Retirement,0,Moderate
56,336586,1,Tax,32,Conservative
29,695367,4,Retirement,0,Moderate
34,300000,5,Income,10,Moderate
53,502354,2,Wealth,25,Moderate
58,1020117,2,Wealth,32,Moderate
52,2782356,2,Tax,29,Moderate
33,662758,5,Tax,5,Moderate
55,798595,3,Income,32,Moderate
26,1409528,4,Wealth,1,Aggressive
37,1070626,5,Wealth,7,Aggressive
26,1109403,4,Income,0,Moderate
30,1314785,4,Wealth,8,Aggressive
21,617475,3,Tax,0,Moderate
25,464527,2,Wealth,0,Moderate
27,980053,1,Income,5,Conservative
33,300000,5,Education,10,Aggressive
55,300000,5,Education,26,Moderate
56,2296313,5,Retirement,31,Aggressive
46,1784683,4,Wealth,19,Aggressive
38,500944,3,Wealth,10,Moderate
58,340732,5,Wealth,31,Aggressive
41,1178401,4,Tax,13,Moderate
37,1318824,3,Retirement,10,Aggressive
57,431688,1,Retirement,34,Conservative
45,737790,3,Retirement,20,Moderate
60,300000,2,Tax,31,Conservative
28,592824,1,Income,4,Moderate
45,683364,1,Wealth,20,Conservative
39,903323,1,Income,17,Conservative
32,3801712,4,Retirement,7,Aggressive
26,353153,1,Wealth,0,Moderate
36,2307197,4,Education,9,Aggressive
24,536490,2,Wealth,0,Moderate
30,499699,1,Wealth,0,Moderate
54,1674560,5,Income,30,Aggressive
52,494496,4,Retirement,31,Moderate
46,432107,4,Education,21,Moderate
48,1234091,3,Wealth,21,Moderate
43,1122066,1,Retirement,21,Conservative
63,556530,1,Wealth,40,Conservative
46,2835567,3,Retirement,17,Moderate
42,567444,4,Wealth,12,Aggressive
40,300000,4,Wealth,17,Moderate
44,354556,3,Tax,15,Moderate
30,346914,2,Tax,1,Conservative
36,619962,4,Retirement,6,Moderate
34,2194012,1,Wealth,10,Moderate
38,300000,2,Wealth,15,Moderate
43,2650223,5,Wealth,20,Aggressive
26,489958,3,Wealth,0,Moderate
35,533741,4,Wealth,10,Aggressive
36,458167,4,Retirement,13,Moderate
34,552811,3,Wealth,8,Moderate
46,669084,4,Income,16,Moderate
45,724817,4,Wealth,24,Aggressive
38,971825,1,Tax,8,Conservative
30,300000,1,Retirement,5,Conservative
36,719989,4,Tax,6,Moderate
37,1119642,4,Retirement,9,Moderate
34,759597,4,Retirement,9,Moderate
36,658296,4,Tax,13,Moderate
57,557736,2,Wealth,27,Moderate
34,1674453,1,Retirement,10,Moderate
51,1113388,4,Income,22,Moderate
52,686586,4,Wealth,28,Aggressive
26,1149610,1,Wealth,0,Moderate
36,1530002,5,Tax,7,Aggressive
35,306785,4,Education,8,Aggressive
31,1138420,3,Retirement,8,Moderate
60,444306,2,Income,38,Conservative
24,1978607,5,Retirement,0,Aggressive
32,410480,5,Wealth,11,Aggressive
37,786639,1,Retirement,15,Conservative
48,971381,2,Retirement,21,Conservative
57,300000,3,Wealth,36,Moderate
33,300000,2,Retirement,9,Moderate
30,597638,5,Retirement,6,Aggressive
29,2596345,5,Income,0,Aggressive
27,705001,2,Wealth,3,Moderate
56,1122559,1,Education,32,Moderate
39,300000,1,Wealth,9,Conservative
44,1441511,5,Wealth,16,Aggressive
51,1135084,3,Wealth,23,Moderate
30,1275022,5,Tax,3,Aggressive
35,828590,2,Wealth,8,Moderate
27,329114,4,Retirement,6,Moderate
24,474220,4,Tax,3,Moderate
47,425910,3,Retirement,23,Moderate
52,1178714,3,Wealth,27,Aggressive
41,684136,3,Income,11,Conservative
35,1437779,1,Wealth,14,Moderate
41,1245568,5,Wealth,13,Aggressive
37,2753605,2,Tax,10,Moderate
55,868450,5,Wealth,29,Aggressive
27,687825,2,Tax,3,Moderate
42,860554,4,Retirement,12,Moderate
53,300000,5,Retirement,32,Aggressive
38,620378,2,Income,14,Conservative
29,1233541,2,Wealth,3,Aggressive
51,653348,4,Tax,27,Moderate
34,674721,5,Tax,4,Aggressive
38,649644,5,Income,17,Moderate
57,2430646,1,Retirement,33,Conservative
56,969758,5,Wealth,30,Aggressive
36,717846,4,Wealth,6,Aggressive
52,4364982,2,Retirement,25,Moderate
25,319050,4,Tax,0,Moderate
40,496020,4,Wealth,13,Moderate
33,374605,4,Wealth,8,Moderate
58,466296,5,Tax,35,Moderate
34,1912411,3,Wealth,8,Aggressive
56,395066,4,Retirement,30,Moderate
35,815061,2,Tax,7,Moderate
36,1111630,1,Retirement,11,Conservative
25,1294296,5,Tax,4,Aggressive
47,502825,3,Wealth,24,Moderate
24,1181660,3,Education,0,Moderate
28,577770,4,Wealth,0,Aggressive
28,803381,2,Tax,6,Moderate
53,375879,1,Wealth,26,Moderate
43,318604,3,Income,16,Conservative
34,1021252,5,Wealth,10,Aggressive
27,4243628,2,Retirement,2,Moderate
27,634734,5,Wealth,6,Aggressive
43,782516,4,Tax,18,Moderate
26,1229801,1,Wealth,4,Moderate
41,1685735,5,Income,18,Aggressive
62,1746753,1,Tax,37,Conservative
47,1171193,5,Wealth,19,Aggressive
37,713006,3,Retirement,10,Moderate
37,1297113,3,Tax,7,Moderate
42,1059948,4,Tax,18,Aggressive
44,772664,2,Tax,16,Moderate
24,1527000,1,Wealth,2,Moderate
24,1087021,2,Tax,3,Moderate
54,493938,2,Retirement,27,Conservative
31,382476,2,Income,3,Conservative
52,300000,2,Education,30,Conservative
46,416919,2,Wealth,22,Moderate
31,823642,5,Retirement,9,Aggressive
63,1651964,2,Retirement,33,Conservative
28,743100,1,Wealth,7,Moderate
35,991231,3,Wealth,14,Moderate
62,1228143,2,Wealth,34,Moderate
48,344199,4,Tax,26,Moderate
52,595656,1,Retirement,31,Moderate
35,357072,5,Wealth,11,Aggressive
52,636824,3,Wealth,27,Moderate
59,970513,3,Retirement,32,Moderate
50,851628,3,Wealth,25,Aggressive
31,453030,4,Wealth,6,Aggressive
37,1181008,2,Wealth,7,Moderate
40,969034,5,Wealth,10,Aggressive
35,1088215,5,Wealth,9,Aggressive
21,898900,5,Retirement,0,Aggressive
46,476431,2,Retirement,17,Conservative
54,344754,5,Income,24,Moderate
36,1058192,5,Wealth,10,Aggressive
21,1084671,3,Tax,0,Moderate
56,850705,2,Wealth,28,Moderate
23,3516998,1,Retirement,0,Moderate
29,584749,1,Retirement,6,Moderate
46,1025218,1,Retirement,17,Conservative
36,871910,4,Tax,9,Moderate
52,787464,3,Wealth,22,Moderate
41,382595,5,Wealth,12,Aggressive
26,667396,3,Wealth,4,Aggressive
33,1582345,2,Wealth,11,Moderate
54,1218235,2,Wealth,26,Moderate
27,1463931,3,Tax,6,Moderate
21,526525,2,Income,0,Moderate
25,1540612,3,Wealth,4,Aggressive
29,374628,3,Tax,1,Moderate
53,702804,3,Education,27,Moderate
44,395131,1,Wealth,16,Moderate
33,2790358,5,Wealth,12,Aggressive
50,902528,2,Income,29,Conservative
27,1563568,5,Wealth,0,Aggressive
21,1067994,5,Retirement,0,Aggressive
31,1171070,3,Retirement,5,Moderate
52,388035,5,Tax,29,Moderate
34,770988,3,Retirement,4,Moderate
32,378168,2,Retirement,9,Conservative
40,581253,4,Tax,12,Aggressive
39,819942,5,Retirement,11,Aggressive
54,417993,5,Education,24,Moderate
50,324433,5,Tax,29,Moderate
27,342060,3,Income,1,Conservative
43,1240434,1,Retirement,14,Conservative
36,637996,3,Education,7,Moderate
34,322649,3,Retirement,13,Moderate
53,761575,3,Wealth,23,Moderate
55,1306766,2,Education,31,Moderate
27,727014,2,Retirement,4,Moderate
38,300000,4,Retirement,16,Aggressive
55,692741,5,Retirement,31,Aggressive
26,445352,4,Income,3,Moderate
33,929167,1,Wealth,11,Moderate
42,600947,2,Income,18,Conservative
56,904080,3,Wealth,34,Aggressive
32,300000,2,Wealth,6,Conservative
53,815417,2,Retirement,23,Moderate
39,642938,1,Wealth,13,Moderate
51,415995,1,Retirement,26,Conservative
35,807675,5,Wealth,10,Aggressive
32,621330,2,Wealth,7,Moderate
37,735883,1,Education,9,Conservative
29,386637,4,Income,1,Moderate
50,856071,2,Wealth,20,Moderate
60,300000,3,Income,34,Conservative
44,669715,5,Retirement,15,Aggressive
28,747036,2,Income,2,Conservative
32,2476296,5,Wealth,3,Aggressive
41,631459,5,Retirement,11,Aggressive
50,2317065,1,Education,23,Moderate
51,1680070,1,Wealth,24,Moderate
36,695767,2,Income,12,Conservative
36,765892,5,Income,7,Aggressive
25,355887,4,Wealth,0,Moderate
29,502259,1,Wealth,6,Moderate
31,892057,1,Wealth,6,Conservative
23,606422,1,Wealth,0,Conservative
52,1409713,1,Retirement,27,Moderate
27,1201946,5,Education,0,Aggressive
56,933160,4,Retirement,33,Moderate
53,1225185,1,Education,32,Conservative
28,1023060,4,Retirement,1,Aggressive
40,798796,5,Retirement,17,Aggressive
38,469086,3,Education,10,Conservative
41,2865272,3,Tax,16,Moderate
21,1245351,3,Retirement,0,Moderate
36,1014983,2,Retirement,13,Moderate
28,459098,4,Retirement,0,Moderate
39,4294218,5,Wealth,15,Aggressive
41,483446,2,Retirement,19,Moderate
28,822820,3,Retirement,2,Moderate
26,845148,3,Tax,2,Moderate
48,310562,3,Wealth,21,Moderate
53,1094061,5,Income,28,Moderate
50,1016905,3,Wealth,27,Aggressive
31,379490,4,Tax,8,Moderate
52,1340576,3,Tax,30,Moderate
39,407570,2,Income,11,Conservative
29,641614,3,Education,7,Moderate
32,465682,2,Income,9,Conservative
30,1229577,1,Tax,0,Moderate
21,1141981,5,Tax,0,Aggressive
42,364594,4,Tax,19,Moderate
57,530356,3,Retirement,32,Moderate
46,535858,3,Tax,20,Conservative
55,1267154,3,Retirement,31,Moderate
53,488824,3,Income,32,Conservative
55,738561,2,Tax,25,Moderate
49,684002,5,Retirement,27,Aggressive
30,640520,2,Retirement,5,Moderate
29,2688393,3,Tax,0,Moderate
42,501700,2,Wealth,18,Moderate
36,687267,3,Retirement,15,Moderate
31,1039305,1,Income,3,Conservative
34,598692,2,Wealth,12,Moderate
34,534093,5,Tax,6,Moderate
25,1022217,1,Wealth,0,Moderate
35,1394633,4,Wealth,11,Aggressive
37,2006348,2,Income,12,Conservative
43,701835,2,Income,13,Conservative
58,470136,4,Retirement,29,Moderate
57,467762,5,Retirement,29,Aggressive
27,2152054,1,Retirement,0,Moderate
29,1012118,4,Retirement,3,Aggressive
34,454290,5,Income,13,Moderate
45,501041,1,Wealth,17,Conservative
52,370447,5,Retirement,30,Aggressive
32,762746,5,Income,5,Moderate
33,1129905,3,Wealth,6,Aggressive
40,2378553,2,Wealth,10,Moderate
55,1722420,1,Retirement,26,Moderate
25,827015,3,Tax,0,Moderate
21,496608,1,Tax,0,Conservative
35,1111503,3,Wealth,12,Moderate
54,300000,1,Retirement,30,Conservative
43,464375,2,Wealth,14,Moderate
42,1257487,5,Wealth,18,Aggressive
55,1488344,2,Wealth,34,Moderate
30,2014607,1,Wealth,8,Moderate
55,744737,2,Tax,28,Moderate
28,1997536,1,Retirement,0,Conservative
21,616096,4,Tax,0,Moderate
31,582945,4,Income,10,Moderate
39,999666,1,Tax,15,Conservative
58,1793642,4,Education,29,Moderate
57,1555553,5,Wealth,33,Aggressive
56,1661801,1,Wealth,32,Moderate
45,1165553,3,Retirement,17,Moderate
59,1577495,4,Education,33,Moderate
58,822121,5,Wealth,35,Aggressive
64,1005525,1,Retirement,36,Conservative
37,5671687,3,Retirement,12,Aggressive
49,1491190,5,Tax,27,Aggressive
25,817504,4,Retirement,0,Aggressive
58,1414452,1,Education,29,Moderate
31,385046,4,Tax,3,Moderate
29,643662,3,Tax,7,Moderate
47,699383,1,Retirement,26,Conservative
28,487956,5,Tax,0,Moderate
54,2782913,4,Retirement,29,Aggressive
45,1123437,2,Income,24,Moderate
24,1214122,5,Tax,1,Aggressive
28,749449,4,Tax,6,Moderate
35,359699,2,Wealth,5,Moderate
26,771333,3,Retirement,3,Moderate
44,599708,1,Income,22,Conservative
31,395856,3,Tax,2,Moderate
29,1371786,3,Income,1,Moderate
24,669073,1,Retirement,0,Moderate
40,300000,5,Income,18,Moderate
55,806561,4,Retirement,27,Aggressive
34,817089,3,Income,13,Conservative
23,1366546,5,Retirement,0,Aggressive
21,876859,2,Tax,0,Moderate
53,524938,3,Wealth,32,Moderate
21,1142275,5,Retirement,0,Aggressive
58,511868,5,Wealth,36,Aggressive
31,1320771,4,Wealth,6,Aggressive
31,1810342,3,Retirement,5,Moderate
49,300000,1,Retirement,20,Moderate
21,477111,4,Tax,0,Moderate
53,1116071,1,Retirement,23,Conservative
30,859960,1,Education,9,Conservative
27,1998637,5,Wealth,5,Aggressive
29,1935047,1,Retirement,4,Moderate
39,1541548,1,Tax,18,Moderate
29,300000,4,Tax,0,Moderate
24,719178,3,Wealth,0,Moderate
42,1262186,4,Retirement,13,Aggressive
27,791348,5,Wealth,3,Aggressive
31,737966,3,Wealth,8,Moderate
50,1917068,4,Wealth,27,Aggressive
54,1035942,3,Wealth,30,Moderate
47,675586,2,Wealth,20,Moderate
44,351559,4,Income,15,Moderate
50,2687976,3,Tax,20,Moderate
39,996221,1,Tax,18,Moderate
36,581529,2,Income,9,Conservative
59,1547157,1,Tax,30,Conservative
30,300000,2,Tax,9,Moderate
21,2748207,5,Tax,0,Aggressive
46,1236406,3,Tax,19,Moderate
37,3745356,2,Tax,15,Moderate
30,1255586,3,Wealth,8,Aggressive
39,952729,5,Wealth,16,Aggressive
21,528060,2,Wealth,0,Moderate
56,593163,3,Tax,29,Moderate
56,338236,4,Retirement,28,Moderate
62,3217678,3,Retirement,40,Moderate
31,884556,3,Retirement,7,Moderate
56,1482428,3,Income,29,Moderate
33,1657275,1,Tax,12,Moderate
29,689110,2,Wealth,7,Moderate
36,459771,3,Wealth,15,Aggressive
26,488165,5,Retirement,0,Moderate
43,300000,3,Wealth,22,Moderate
58,368374,3,Wealth,32,Moderate
40,1172408,4,Wealth,13,Aggressive
59,1649791,4,Education,31,Aggressive
21,809285,4,Wealth,0,Aggressive
28,1538774,1,Retirement,4,Moderate
54,1564419,5,Tax,32,Aggressive
25,646986,2,Wealth,0,Moderate
26,1725705,5,Income,5,Aggressive
30,719409,4,Retirement,9,Aggressive
47,597108,5,Tax,17,Aggressive
34,856264,1,Wealth,10,Conservative
31,300551,3,Tax,5,Moderate
25,785703,4,Wealth,0,Aggressive
22,300000,2,Wealth,0,Moderate
34,1293384,1,Retirement,10,Conservative
37,325839,5,Wealth,14,Aggressive
28,802482,2,Retirement,7,Moderate
35,2278548,2,Wealth,6,Moderate
57,847409,4,Wealth,28,Aggressive
48,300000,3,Wealth,26,Moderate
53,882484,1,Retirement,25,Conservative
25,674082,5,Wealth,0,Aggressive
54,1547599,5,Retirement,28,Aggressive
32,744704,1,Tax,10,Conservative
21,1759743,1,Tax,0,Conservative
51,1093572,2,Tax,22,Moderate
41,1487215,3,Tax,16,Moderate
31,755170,3,Retirement,7,Moderate
33,1979708,4,Retirement,7,Moderate
30,563458,5,Wealth,8,Aggressive
40,300000,5,Education,12,Moderate
50,374453,1,Income,23,Conservative
30,877179,4,Income,9,Moderate
27,974354,3,Wealth,0,Moderate
32,898755,3,Tax,5,Moderate
56,1891936,3,Education,34,Moderate
36,920164,4,Income,14,Moderate
27,1015270,4,Income,4,Moderate
24,1600857,1,Tax,0,Conservative
59,300000,2,Wealth,35,Moderate
30,1337167,4,Retirement,0,Aggressive
54,2025667,3,Wealth,26,Aggressive
40,1332159,4,Income,18,Moderate
48,1005004,2,Wealth,23,Moderate
35,1414075,4,Wealth,8,Aggressive
21,300000,3,Wealth,0,Moderate
37,736201,1,Retirement,10,Conservative
54,324870,4,Retirement,29,Moderate
28,1054196,3,Retirement,5,Moderate
23,399170,4,Wealth,0,Aggressive
35,1461391,1,Retirement,13,Moderate
32,602460,5,Education,2,Moderate
24,327435,3,Education,0,Moderate
45,416181,3,Retirement,21,Conservative
44,321502,4,Wealth,22,Aggressive
58,786450,5,Education,28,Aggressive
35,1241210,3,Wealth,11,Moderate
48,513247,3,Income,25,Conservative
29,300000,5,Wealth,0,Aggressive
45,798388,4,Income,15,Moderate
21,786230,3,Wealth,0,Moderate
48,568470,3,Wealth,19,Moderate
25,465370,1,Tax,1,Conservative
21,1974443,2,Wealth,0,Moderate
51,532459,3,Retirement,27,Moderate
45,300000,3,Retirement,18,Moderate
40,757837,3,Retirement,10,Moderate
36,1166042,1,Wealth,15,Moderate
39,1112951,5,Tax,12,Aggressive
22,300000,2,Retirement,0,Conservative
35,1890783,1,Wealth,10,Moderate
30,934044,2,Wealth,0,Moderate
55,1202102,4,Tax,34,Moderate
26,5158173,3,Wealth,5,Aggressive
35,1371234,5,Tax,13,Aggressive
63,1203131,2,Wealth,34,Moderate
41,688212,3,Education,11,Moderate
41,803179,5,Wealth,12,Aggressive
58,346998,3,Retirement,34,Moderate
64,855297,3,Tax,38,Moderate
32,2516201,5,Tax,4,Aggressive
62,1086502,3,Income,40,Moderate
40,3840291,4,Education,18,Aggressive
44,1168022,1,Tax,21,Moderate
27,980737,2,Tax,4,Conservative
31,731886,5,Wealth,1,Aggressive
48,3203943,1,Retirement,21,Moderate
63,582337,2,Wealth,34,Moderate
34,484597,5,Retirement,8,Aggressive
57,434869,5,Wealth,30,Aggressive
43,3926850,4,Tax,14,Aggressive
43,893760,5,Retirement,13,Aggressive
27,855020,4,Wealth,5,Aggressive
36,1160448,2,Retirement,9,Conservative
33,675982,3,Wealth,8,Moderate
30,472328,4,Retirement,8,Moderate
34,456687,3,Wealth,4,Moderate
34,446001,3,Tax,5,Moderate
33,300000,5,Wealth,8,Aggressive
51,840020,1,Wealth,30,Moderate
25,300000,3,Retirement,0,Moderate
50,1184170,1,Tax,27,Moderate
51,1447526,4,Wealth,24,Aggressive
36,528700,3,Tax,12,Moderate
42,1020324,3,Wealth,20,Aggressive
33,1340641,3,Wealth,12,Moderate
30,2311159,1,Wealth,7,Aggressive
24,613596,4,Retirement,0,Moderate
65,300000,1,Tax,40,Conservative
38,427641,2,Retirement,14,Conservative
46,300000,2,Income,22,Conservative
23,1125352,5,Retirement,0,Aggressive
55,300000,3,Wealth,34,Moderate
27,399615,2,Income,0,Conservative
31,812914,2,Income,10,Conservative
34,379036,1,Income,10,Conservative
36,441443,4,Wealth,6,Moderate
39,1440346,3,Education,12,Moderate
33,368096,3,Education,3,Moderate
27,585313,5,Income,4,Aggressive
26,1544373,4,Retirement,0,Aggressive
43,621075,3,Wealth,21,Aggressive
40,4337044,1,Wealth,13,Moderate
41,1735450,3,Retirement,20,Aggressive
28,1801391,2,Income,0,Moderate
23,305059,3,Retirement,0,Moderate
31,752651,2,Retirement,5,Moderate
28,660689,4,Retirement,0,Aggressive
53,606154,2,Tax,23,Moderate
30,554016,4,Wealth,4,Aggressive
41,733571,5,Tax,12,Aggressive
34,300000,2,Tax,9,Conservative
55,421314,4,Tax,25,Moderate
55,2618194,1,Tax,29,Moderate
34,554034,4,Retirement,5,Aggressive
57,510104,5,Retirement,29,Aggressive
54,770257,2,Wealth,31,Moderate
25,824347,1,Tax,0,Conservative
51,300000,4,Wealth,27,Aggressive
38,889746,2,Retirement,11,Moderate
42,1183204,5,Tax,14,Aggressive
28,1216596,3,Wealth,0,Aggressive
46,417904,5,Wealth,21,Aggressive
28,2371123,5,Retirement,0,Aggressive
30,2189852,2,Tax,9,Moderate
59,2059143,2,Wealth,36,Moderate
31,1399282,4,Wealth,8,Aggressive
28,631887,1,Wealth,0,Moderate
44,808555,5,Wealth,23,Aggressive
33,2183835,2,Retirement,12,Moderate
28,300000,2,Wealth,0,Conservative
31,483278,5,Education,3,Aggressive
30,1111671,4,Education,4,Aggressive
58,687402,2,Income,33,Conservative
31,609086,3,Income,7,Moderate
31,2516256,3,Retirement,4,Aggressive
38,1446794,1,Wealth,17,Moderate
25,1580193,4,Retirement,1,Aggressive
33,469403,5,Wealth,12,Aggressive
33,546620,5,Wealth,8,Aggressive
57,1067229,5,Retirement,30,Aggressive
39,1091436,3,Education,13,Moderate
28,2943025,5,Education,4,Aggressive
45,1045218,1,Tax,19,Conservative
52,2574711,3,Retirement,26,Aggressive
55,1271194,2,Wealth,33,Moderate
39,686672,4,Retirement,15,Moderate
51,467797,2,Education,27,Moderate
52,1415119,2,Income,26,Conservative
38,623194,4,Retirement,8,Moderate
40,744558,4,Income,15,Moderate
48,452454,5,Tax,27,Moderate
28,808257,5,Retirement,1,Aggressive
32,1221451,1,Retirement,9,Conservative
44,607288,4,Retirement,21,Aggressive
50,489521,4,Wealth,27,Aggressive
61,844785,2,Wealth,40,Moderate
30,1118335,5,Wealth,9,Aggressive
28,800712,1,Income,0,Conservative
43,3032905,5,Retirement,22,Aggressive
26,864986,4,Retirement,2,Aggressive
30,1157393,1,Wealth,6,Moderate
54,1496054,5,Wealth,30,Aggressive
26,1064036,2,Wealth,5,Moderate
28,409596,5,Retirement,3,Aggressive
50,452089,5,Retirement,21,Moderate
31,372060,1,Retirement,9,Conservative
49,320039,1,Retirement,21,Conservative
39,976021,3,Tax,18,Moderate
40,1920732,4,Wealth,16,Aggressive
27,1332508,2,Retirement,0,Moderate
31,1320041,5,Wealth,3,Aggressive
35,393194,1,Tax,8,Conservative
27,1138448,5,Wealth,0,Aggressive
27,1167790,5,Wealth,0,Aggressive
61,2604878,5,Tax,39,Aggressive
33,1020724,5,Tax,5,Aggressive
31,2722559,2,Retirement,2,Moderate
25,879661,2,Wealth,1,Moderate
35,1103056,2,Retirement,10,Moderate
52,1821952,2,Retirement,23,Moderate
23,960558,3,Wealth,0,Moderate
27,300000,1,Retirement,4,Moderate
31,402326,4,Income,8,Moderate
55,5205512,4,Retirement,34,Aggressive
30,864558,1,Wealth,0,Moderate
66,1310988,4,Income,40,Moderate
35,382429,3,Tax,14,Moderate
55,1022844,1,Retirement,32,Moderate
23,2045452,4,Wealth,1,Aggressive
29,300000,5,Wealth,0,Aggressive
35,933083,3,Tax,10,Moderate
39,927854,4,Tax,13,Aggressive
31,1010873,3,Income,6,Moderate
35,3547540,1,Tax,5,Moderate
27,670924,1,Wealth,4,Moderate
29,579716,1,Retirement,1,Moderate
36,713415,4,Wealth,8,Aggressive
27,4228733,2,Income,0,Moderate
46,900775,3,Wealth,23,Moderate
40,1208779,4,Retirement,17,Aggressive
29,300000,3,Retirement,4,Moderate
45,872188,5,Tax,22,Aggressive
33,714294,1,Tax,4,Conservative
54,860120,1,Tax,31,Conservative
32,643502,2,Retirement,7,Moderate
58,326090,1,Retirement,32,Conservative
49,666111,5,Wealth,20,Aggressive
49,2318148,3,Retirement,20,Moderate
31,879125,4,Tax,1,Moderate
39,300000,1,Tax,14,Conservative
21,354308,4,Wealth,0,Aggressive
29,981263,2,Tax,0,Moderate
40,383377,1,Wealth,12,Conservative
55,949460,2,Retirement,27,Moderate
40,1933970,3,Retirement,14,Moderate
39,1122060,3,Wealth,12,Moderate
37,405589,5,Wealth,14,Aggressive
38,908539,1,Wealth,10,Moderate
33,1355219,4,Education,5,Moderate
58,484815,1,Wealth,30,Conservative
49,378552,3,Tax,28,Moderate
62,757204,2,Wealth,33,Moderate
61,2386208,5,Tax,37,Aggressive
38,404564,4,Income,14,Moderate
28,593755,2,Retirement,6,Moderate
36,350275,4,Tax,7,Moderate
23,475766,5,Tax,0,Aggressive
34,735725,5,Tax,9,Moderate
50,726956,4,Wealth,27,Aggressive
48,300000,3,Income,21,Conservative
35,685807,2,Retirement,6,Moderate
35,2772738,2,Wealth,10,Aggressive
27,890638,1,Retirement,6,Moderate
32,679228,2,Tax,2,Conservative
38,541497,3,Tax,8,Moderate
33,422243,3,Wealth,6,Moderate
26,868768,4,Tax,0,Moderate
40,1105852,1,Retirement,19,Moderate
28,2722715,2,Tax,5,Moderate
21,479698,2,Tax,0,Conservative
35,1998102,5,Wealth,12,Aggressive
36,1944958,4,Retirement,11,Aggressive
36,607303,1,Retirement,7,Conservative
32,483420,3,Tax,9,Moderate
38,300000,2,Tax,17,Conservative
51,824790,2,Wealth,22,Moderate
33,659172,5,Education,3,Aggressive
29,1706839,5,Wealth,0,Aggressive
54,1032092,2,Income,31,Conservative
52,300000,2,Income,28,Conservative
56,770638,5,Wealth,30,Aggressive
32,999125,3,Tax,5,Moderate
26,686021,2,Retirement,0,Moderate
36,1503726,4,Retirement,15,Aggressive
32,543021,2,Wealth,9,Moderate
43,1666410,4,Retirement,20,Aggressive
33,546752,5,Tax,9,Moderate
28,639772,3,Retirement,3,Aggressive
38,3152683,1,Wealth,13,Moderate
53,320426,1,Retirement,23,Conservative
26,860848,1,Income,1,Conservative
51,1028530,5,Income,29,Moderate
55,523666,5,Wealth,25,Aggressive
26,1119359,2,Retirement,0,Moderate
47,1349839,3,Tax,18,Moderate
60,980254,3,Retirement,36,Moderate
54,924169,2,Tax,31,Conservative
37,1162648,3,Tax,11,Moderate
62,476042,3,Retirement,40,Moderate
62,518299,2,Wealth,38,Moderate
47,1114385,5,Retirement,25,Aggressive
42,622671,1,Wealth,13,Moderate
41,778178,2,Tax,14,Conservative
56,300000,2,Tax,27,Moderate
35,1289475,1,Education,8,Conservative
49,2038446,1,Income,27,Conservative
49,1237339,4,Wealth,27,Aggressive
44,1377826,4,Retirement,16,Aggressive
55,1540821,4,Tax,26,Aggressive
31,708372,5,Income,5,Aggressive
32,432188,2,Wealth,9,Moderate
46,1160703,4,Education,17,Moderate
47,1700510,5,Retirement,20,Aggressive
52,377499,1,Retirement,31,Conservative
41,1333005,4,Retirement,12,Aggressive
40,986320,2,Wealth,18,Moderate
26,746069,3,Retirement,1,Moderate
40,670293,5,Wealth,13,Aggressive
52,975839,5,Income,22,Moderate
45,514047,1,Wealth,22,Moderate
21,6704750,1,Income,0,Moderate
54,318089,1,Income,31,Conservative
36,300000,4,Wealth,14,Moderate
34,988647,1,Wealth,4,Moderate
58,858057,3,Income,35,Moderate
40,1171306,5,Income,10,Moderate
33,300000,5,Tax,7,Moderate
32,300000,1,Wealth,11,Moderate
21,590278,2,Retirement,0,Moderate
35,1491057,5,Education,11,Aggressive
33,300000,4,Wealth,8,Moderate
42,1103521,2,Retirement,12,Moderate
40,678718,2,Income,18,Conservative
28,900932,3,Tax,7,Moderate
57,791388,1,Retirement,28,Moderate
63,796112,4,Income,40,Moderate
26,793617,2,Retirement,0,Moderate
43,1746364,2,Income,20,Conservative
28,825981,1,Tax,0,Conservative
28,1643349,4,Wealth,6,Aggressive
48,592294,1,Income,25,Conservative
49,1762975,4,Income,25,Aggressive
43,683336,1,Wealth,13,Conservative
31,688976,1,Wealth,1,Moderate
32,300000,1,Education,3,Conservative
49,428511,3,Retirement,26,Moderate
61,493361,1,Education,37,Conservative
52,300000,2,Wealth,28,Moderate
47,440597,3,Wealth,17,Moderate
28,1303890,1,Wealth,5,Aggressive
50,1407858,4,Wealth,21,Aggressive
35,300000,5,Retirement,5,Moderate
33,2581180,3,Wealth,9,Aggressive
29,1450378,4,Retirement,1,Moderate
31,3458020,3,Wealth,6,Aggressive
35,1748998,4,Education,9,Moderate
32,3030901,2,Wealth,9,Moderate
28,1080678,4,Education,0,Aggressive
50,468137,2,Retirement,26,Moderate
28,967929,4,Retirement,2,Moderate
51,300000,3,Wealth,25,Moderate
49,720267,5,Wealth,21,Aggressive
28,781012,3,Retirement,0,Moderate
38,1584559,2,Wealth,10,Moderate
26,931869,4,Wealth,0,Aggressive
32,591901,4,Wealth,11,Aggressive
35,303040,4,Retirement,7,Moderate
27,476035,5,Wealth,0,Aggressive
55,689148,3,Income,30,Moderate
38,492618,3,Wealth,10,Moderate
37,300000,4,Wealth,11,Moderate
30,799569,4,Education,9,Moderate
55,581708,4,Wealth,31,Aggressive
29,574133,3,Income,5,Moderate
53,904273,5,Income,32,Moderate
39,585868,4,Education,9,Moderate
29,1713682,4,Retirement,8,Aggressive
26,481078,5,Tax,0,Moderate
54,453346,5,Retirement,33,Aggressive
23,474179,4,Education,0,Aggressive
35,912481,2,Tax,13,Moderate
21,902782,5,Tax,0,Aggressive
32,544785,5,Retirement,9,Aggressive
29,798777,3,Wealth,5,Aggressive
30,1052243,1,Retirement,2,Moderate
37,1226256,4,Wealth,14,Aggressive
57,743154,1,Retirement,36,Conservative
62,464200,1,Retirement,39,Conservative
42,464645,4,Tax,13,Moderate
44,969014,3,Retirement,15,Moderate
26,1338977,5,Retirement,0,Aggressive
34,895838,3,Wealth,10,Moderate
32,614997,3,Tax,2,Moderate
35,540998,4,Tax,6,Moderate
49,1417848,2,Income,27,Moderate
55,341379,5,Wealth,29,Aggressive
32,577904,5,Retirement,9,Aggressive
34,2208858,4,Retirement,12,Aggressive
52,1827771,2,Tax,24,Conservative
51,927390,2,Retirement,23,Conservative
37,573645,1,Tax,13,Conservative
51,675159,1,Wealth,24,Conservative
27,856348,3,Wealth,0,Aggressive
29,3525115,5,Wealth,2,Aggressive
30,1651185,5,Retirement,6,Aggressive
41,1505134,5,Tax,16,Aggressive
48,723121,3,Retirement,19,Moderate
27,569542,2,Tax,5,Conservative
54,702385,2,Income,33,Conservative
49,1618320,5,Retirement,27,Aggressive
33,2516109,2,Education,10,Moderate
32,443647,5,Wealth,6,Aggressive
30,300000,2,Wealth,5,Moderate
49,676361,4,Education,26,Moderate
50,1694174,1,Wealth,26,Moderate
21,540674,4,Income,0,Moderate
30,1106671,1,Education,6,Moderate
55,366819,2,Tax,29,Conservative
34,656133,4,Wealth,10,Aggressive
34,464140,5,Retirement,5,Moderate
32,724365,4,Wealth,8,Aggressive
58,929236,2,Wealth,37,Moderate
56,1307546,2,Wealth,34,Moderate
48,601032,1,Wealth,25,Moderate
21,363839,4,Tax,0,Moderate
25,300000,2,Education,0,Conservative
26,1719814,4,Tax,0,Moderate
29,455667,3,Retirement,0,Moderate
33,1156543,2,Wealth,10,Moderate
31,300000,1,Education,6,Conservative
36,2419217,1,Wealth,15,Moderate
56,5658145,5,Wealth,33,Aggressive
58,1015219,2,Wealth,33,Moderate
23,658304,5,Wealth,0,Aggressive
29,2207015,1,Retirement,0,Moderate
35,569635,2,Tax,13,Conservative
25,835062,3,Tax,0,Moderate
38,300000,4,Tax,15,Moderate
47,763797,2,Income,19,Conservative
21,1811382,5,Retirement,0,Aggressive
31,584064,2,Wealth,5,Moderate
32,590735,1,Retirement,5,Conservative
52,593929,1,Tax,31,Conservative
42,3184984,1,Retirement,21,Moderate
53,945200,4,Retirement,27,Moderate
46,828354,2,Wealth,22,Moderate
42,607236,1,Wealth,15,Conservative
45,1655724,1,Retirement,23,Moderate
31,458621,3,Wealth,10,Moderate
51,1944328,1,Retirement,26,Conservative
38,742638,5,Retirement,14,Aggressive
36,1830285,1,Wealth,9,Moderate
51,622642,5,Wealth,23,Aggressive
26,1429446,4,Wealth,5,Aggressive
59,1176197,4,Retirement,31,Aggressive
48,773113,2,Retirement,19,Conservative
21,2101519,3,Wealth,0,Aggressive
26,1996963,2,Income,0,Conservative
34,513344,1,Retirement,5,Conservative
31,488031,4,Retirement,10,Moderate
58,680611,5,Wealth,37,Aggressive
25,654452,2,Wealth,4,Moderate
22,1668794,4,Retirement,1,Aggressive
29,1036152,5,Tax,4,Aggressive
23,429498,5,Income,0,Moderate
63,443685,1,Retirement,36,Conservative
34,872332,2,Retirement,6,Moderate
26,1478226,5,Tax,0,Aggressive
29,2410633,4,Wealth,5,Aggressive
61,909093,2,Education,39,Moderate
58,738971,1,Education,32,Conservative
45,689221,1,Tax,24,Moderate
31,484034,4,Retirement,6,Moderate
56,763400,5,Income,29,Moderate
25,573284,1,Wealth,0,Moderate
53,605564,1,Tax,26,Conservative
51,1222364,5,Tax,28,Aggressive
32,300000,5,Wealth,9,Aggressive
23,300000,5,Retirement,1,Moderate
51,414192,3,Wealth,23,Moderate
28,1403003,3,Tax,0,Moderate
21,1030030,5,Education,0,Aggressive
38,1557377,5,Wealth,9,Aggressive
32,300000,4,Wealth,3,Moderate
59,1153842,1,Education,34,Moderate
34,300000,2,Retirement,8,Conservative
32,378174,3,Wealth,10,Moderate
43,325146,3,Wealth,16,Moderate
52,365612,5,Education,25,Moderate
42,5124216,5,Retirement,12,Aggressive
30,1168849,5,Education,5,Aggressive
51,300000,2,Retirement,25,Conservative
38,300000,3,Tax,16,Moderate
53,852971,2,Wealth,29,Moderate
26,906828,1,Wealth,0,Moderate
55,516487,2,Tax,29,Moderate
33,2629655,4,Wealth,6,Aggressive
49,432344,3,Tax,20,Conservative
59,1544829,2,Wealth,30,Moderate
32,1424075,3,Retirement,10,Moderate
61,4335162,5,Tax,38,Aggressive
22,4466816,2,Wealth,0,Aggressive
29,1310368,3,Retirement,6,Aggressive
24,826767,2,Retirement,0,Moderate
53,1035208,2,Tax,31,Moderate
33,1239514,2,Wealth,3,Moderate
35,300000,4,Income,6,Moderate
53,300000,4,Tax,30,Moderate
50,1594944,2,Wealth,27,Moderate
39,2098215,2,Wealth,17,Moderate
56,2283318,3,Tax,27,Moderate
56,694498,5,Tax,31,Moderate
32,1013776,1,Tax,4,Conservative
41,584903,5,Retirement,18,Aggressive
38,2921068,3,Wealth,11,Aggressive
52,614208,4,Retirement,27,Moderate
62,466287,3,Tax,36,Conservative
25,720882,3,Wealth,3,Aggressive
34,612994,1,Wealth,11,Moderate
63,766604,5,Income,38,Moderate
60,1515941,4,Wealth,31,Aggressive
30,881120,3,Wealth,5,Aggressive
56,532725,1,Tax,29,Conservative
45,510178,3,Wealth,20,Moderate
37,553897,3,Retirement,15,Moderate
44,300000,5,Retirement,21,Aggressive
45,1517815,5,Education,18,Aggressive
37,1241670,1,Wealth,11,Conservative
59,2399033,3,Wealth,34,Aggressive
52,1052310,3,Wealth,27,Moderate
34,300000,3,Wealth,4,Moderate
56,896586,2,Tax,26,Moderate
32,917201,2,Education,9,Moderate
51,1354912,3,Wealth,27,Moderate
58,2837746,5,Wealth,36,Aggressive
40,339591,1,Income,15,Conservative
56,1198787,5,Income,27,Moderate
35,716523,1,Wealth,13,Moderate
36,4867277,4,Income,11,Aggressive
44,1494611,3,Retirement,23,Moderate
38,670639,3,Education,14,Moderate
23,2087585,2,Wealth,0,Moderate
35,678747,4,Tax,8,Moderate
45,1297792,2,Wealth,23,Aggressive
21,615223,5,Tax,0,Aggressive
50,849373,2,Education,26,Moderate
31,1965872,1,Wealth,2,Conservative
37,623575,3,Wealth,11,Moderate
32,300000,5,Wealth,5,Aggressive
52,474862,4,Retirement,27,Moderate
29,2276616,3,Retirement,2,Aggressive
38,2445180,5,Retirement,10,Aggressive
30,488281,4,Tax,8,Aggressive
44,300000,1,Tax,16,Conservative
30,581154,1,Wealth,8,Moderate
29,1585318,4,Tax,1,Aggressive
22,691476,3,Wealth,0,Moderate
30,300000,1,Retirement,8,Conservative
30,1199096,5,Retirement,6,Aggressive
35,1660310,3,Retirement,8,Moderate
36,2441277,4,Retirement,7,Aggressive
56,300000,1,Retirement,29,Conservative
51,1796692,1,Wealth,23,Moderate
44,918427,2,Income,21,Moderate
29,507816,2,Retirement,7,Moderate
43,300000,3,Retirement,19,Moderate
24,300000,3,Wealth,0,Moderate
40,470839,4,Retirement,18,Moderate
56,455592,4,Retirement,30,Moderate
27,748327,4,Retirement,5,Aggressive
42,2272740,2,Retirement,15,Moderate
26,767393,1,Wealth,0,Conservative
54,300000,1,Tax,29,Conservative
31,395183,4,Wealth,3,Aggressive
33,1019255,2,Retirement,11,Moderate
50,476043,4,Wealth,22,Moderate
44,743033,5,Tax,15,Aggressive
34,1807410,3,Tax,9,Moderate
38,1270339,2,Tax,13,Moderate
47,549001,1,Income,23,Conservative
22,405488,5,Tax,0,Moderate
55,3199617,3,Wealth,25,Aggressive
60,493702,3,Retirement,35,Moderate
28,4299208,3,Income,3,Moderate
53,2504232,2,Income,28,Conservative
48,757094,2,Education,24,Moderate
22,343212,2,Income,0,Conservative
28,828140,1,Wealth,1,Moderate
45,2026807,1,Wealth,21,Aggressive
38,617855,1,Wealth,13,Moderate
32,320549,5,Retirement,4,Moderate
41,545079,5,Wealth,15,Aggressive
38,1059356,4,Tax,17,Aggressive
52,1121105,4,Tax,28,Aggressive
26,853443,3,Wealth,0,Moderate
38,581688,3,Wealth,12,Moderate
41,740005,2,Wealth,14,Moderate
28,584115,3,Wealth,4,Moderate
53,886181,3,Tax,30,Moderate
21,968889,5,Retirement,0,Aggressive
64,679661,1,Retirement,40,Conservative
53,446994,3,Wealth,32,Moderate
30,1935183,4,Retirement,8,Aggressive
24,993121,4,Retirement,0,Moderate
24,1331137,3,Tax,0,Aggressive
52,479528,2,Wealth,26,Moderate
31,757002,4,Tax,2,Moderate
26,472534,3,Tax,3,Moderate
36,2169601,4,Tax,15,Aggressive
53,377829,3,Retirement,27,Conservative
50,398035,5,Wealth,29,Aggressive
54,845388,4,Wealth,25,Aggressive
55,356126,3,Education,27,Moderate
29,2166702,5,Income,8,Aggressive
45,300467,3,Wealth,24,Moderate
55,682574,3,Wealth,27,Moderate
53,601992,2,Wealth,31,Moderate
39,995003,3,Wealth,17,Moderate
27,459739,4,Income,6,Moderate
60,965395,1,Retirement,37,Conservative
57,441228,3,Income,31,Conservative
48,397702,4,Education,24,Moderate
57,688163,3,Wealth,31,Moderate
62,749267,1,Retirement,40,Conservative
35,662327,1,Tax,10,Conservative
52,614540,3,Tax,22,Moderate
34,2095204,4,Wealth,12,Aggressive
48,995699,5,Education,25,Moderate
30,956400,2,Tax,8,Moderate
44,1709591,3,Wealth,17,Aggressive
48,311099,4,Retirement,22,Moderate
58,3454252,1,Wealth,35,Moderate
28,300000,4,Tax,2,Moderate
33,1908811,3,Wealth,10,Moderate
55,300000,4,Wealth,28,Aggressive
25,770547,4,Wealth,1,Aggressive
58,522958,3,Income,31,Conservative
45,2348068,3,Income,15,Moderate
29,1382936,5,Income,5,Aggressive
55,659294,3,Tax,26,Moderate
43,1169573,1,Education,18,Moderate
50,981933,4,Wealth,20,Aggressive
55,1317455,1,Income,27,Conservative
55,702439,2,Tax,27,Moderate
27,495861,2,Tax,0,Moderate
28,300000,3,Retirement,0,Moderate
23,633395,4,Tax,0,Moderate
27,885657,3,Wealth,0,Aggressive
28,400114,5,Retirement,3,Moderate
27,764580,1,Education,6,Moderate
60,1758293,3,Tax,36,Moderate
65,858069,5,Tax,35,Moderate
38,480701,1,Wealth,14,Conservative
40,1538369,3,Income,15,Moderate
49,939833,3,Education,24,Moderate
32,921095,3,Wealth,8,Moderate
31,597112,5,Retirement,3,Aggressive
31,333671,1,Tax,5,Conservative
48,955835,4,Income,25,Moderate
35,1042713,5,Retirement,6,Aggressive
25,488018,5,Retirement,0,Aggressive
51,899092,5,Wealth,27,Aggressive
32,1550895,1,Retirement,11,Conservative
35,395784,2,Wealth,11,Moderate
58,1083356,4,Education,28,Aggressive
37,751606,4,Retirement,10,Moderate
45,1578385,4,Wealth,21,Aggressive
21,1713504,2,Education,0,Moderate
27,841679,5,Retirement,1,Moderate
58,804685,2,Tax,35,Moderate
41,689276,4,Education,20,Aggressive
33,384288,5,Tax,5,Moderate
51,1061997,1,Education,28,Conservative
28,841375,4,Retirement,0,Aggressive
28,475050,5,Wealth,2,Aggressive
55,300000,1,Education,26,Conservative
29,1185200,2,Retirement,5,Moderate
47,628277,5,Tax,23,Moderate
54,1301433,5,Retirement,33,Aggressive
30,310365,2,Tax,6,Moderate
40,847637,1,Wealth,16,Moderate
40,788414,2,Wealth,19,Moderate
58,696035,4,Income,34,Conservative
29,2437093,3,Retirement,7,Aggressive
28,902243,2,Wealth,6,Moderate
28,300000,4,Income,5,Moderate
33,608947,5,Education,12,Aggressive
43,300000,4,Tax,14,Moderate
36,2171106,5,Retirement,11,Aggressive
54,957801,3,Income,33,Moderate
46,720720,3,Wealth,24,Moderate
50,300295,2,Tax,26,Conservative
41,909784,3,Income,11,Conservative
34,1679951,2,Tax,13,Moderate
38,1219647,1,Tax,14,Conservative
29,1186512,5,Income,6,Aggressive
31,2199963,2,Wealth,10,Moderate
39,2349893,3,Retirement,13,Moderate
53,869521,3,Wealth,24,Aggressive
38,1217087,5,Wealth,9,Aggressive
39,2675239,5,Income,13,Aggressive
48,399115,1,Income,22,Conservative
38,1126466,1,Wealth,9,Moderate
35,394167,3,Retirement,7,Moderate
46,620576,5,Wealth,22,Aggressive
64,2056800,2,Retirement,36,Moderate
31,446555,2,Wealth,1,Conservative
30,1729445,5,Retirement,9,Aggressive
41,526968,4,Retirement,11,Moderate
37,1740272,1,Income,15,Conservative
32,2245268,4,Retirement,2,Aggressive
41,427406,2,Education,14,Conservative
32,1259920,5,Wealth,3,Aggressive
40,1752701,2,Retirement,13,Moderate
39,595505,1,Income,9,Conservative
35,1200305,2,Wealth,8,Moderate
29,349138,5,Tax,7,Aggressive
28,3737885,5,Wealth,2,Aggressive
43,478554,5,Education,13,Aggressive
28,658707,1,Tax,0,Conservative
53,734435,2,Tax,32,Moderate
56,853566,1,Income,29,Conservative
52,1102999,1,Retirement,29,Moderate
37,1090464,2,Wealth,11,Moderate
56,370655,4,Wealth,31,Moderate
54,336333,2,Retirement,31,Conservative
35,2646709,1,Retirement,7,Moderate
32,1812929,3,Income,4,Moderate
45,323954,4,Retirement,22,Moderate
51,1063685,4,Retirement,30,Aggressive
32,1423766,3,Retirement,5,Moderate
26,3417323,4,Wealth,0,Aggressive
29,578159,2,Wealth,8,Moderate
50,1648059,3,Tax,27,Moderate
51,1340669,3,Retirement,27,Moderate
43,497879,3,Retirement,17,Moderate
32,633392,2,Education,2,Conservative
31,476436,4,Tax,3,Moderate
35,1037617,4,Retirement,9,Moderate
57,300000,5,Tax,27,Moderate
22,692049,2,Education,0,Moderate
33,627667,4,Wealth,10,Aggressive
30,300000,5,Income,8,Moderate
29,1000439,5,Retirement,0,Aggressive
34,1295212,1,Tax,5,Moderate
48,300000,2,Tax,26,Conservative
41,807632,5,Tax,11,Aggressive
29,307666,3,Income,1,Conservative
49,878095,3,Tax,22,Moderate
46,1827460,1,Wealth,20,Moderate
30,565005,5,Tax,5,Aggressive
35,656211,3,Wealth,12,Moderate
53,3539866,5,Education,28,Aggressive
28,478557,3,Wealth,1,Moderate
50,418787,2,Wealth,26,Moderate
51,803178,4,Wealth,26,Aggressive
22,4375687,3,Income,0,Moderate
64,962576,2,Income,39,Conservative
47,508630,4,Wealth,25,Aggressive
33,1223319,1,Retirement,11,Conservative
60,1358002,4,Retirement,39,Aggressive
38,1232682,2,Income,17,Moderate
38,1394277,3,Wealth,16,Aggressive
29,1552226,1,Wealth,2,Moderate
44,736753,5,Wealth,19,Aggressive
30,736753,1,Retirement,5,Moderate
39,1452393,4,Tax,18,Moderate
48,300000,2,Education,20,Moderate
55,300000,1,Retirement,34,Conservative
41,530544,1,Retirement,11,Conservative
31,633994,3,Wealth,6,Moderate
27,1310598,4,Wealth,0,Aggressive
56,575982,3,Education,34,Moderate
36,1831093,3,Wealth,10,Moderate
29,891686,4,Wealth,5,Aggressive
32,466919,1,Wealth,6,Moderate
34,1951996,2,Retirement,12,Moderate
47,978866,2,Retirement,20,Moderate
26,324841,4,Retirement,5,Moderate
21,1376897,4,Education,0,Aggressive
29,1375953,2,Wealth,3,Aggressive
28,329749,2,Wealth,3,Aggressive
55,868976,5,Retirement,29,Aggressive
54,1231003,4,Wealth,33,Aggressive
51,300000,3,Tax,30,Conservative
55,1687664,1,Income,29,Conservative
44,497870,1,Tax,21,Conservative
57,439936,5,Wealth,30,Aggressive
26,660754,4,Income,2,Moderate
26,1315150,1,Retirement,0,Moderate
23,1620100,1,Tax,0,Moderate
24,2585881,1,Education,0,Moderate
39,431365,2,Retirement,12,Conservative
31,1042170,5,Retirement,1,Aggressive
43,1299325,3,Wealth,20,Aggressive
26,1131808,2,Wealth,0,Moderate
45,406080,4,Tax,18,Moderate
58,964774,5,Tax,33,Aggressive
26,1009581,2,Retirement,3,Moderate
24,519329,2,Tax,0,Moderate
37,1130715,5,Wealth,7,Aggressive
39,932885,4,Wealth,14,Aggressive
29,312745,5,Wealth,8,Aggressive
55,1255919,5,Retirement,27,Aggressive
62,873358,4,Wealth,36,Moderate
24,300000,2,Income,0,Conservative
49,653494,4,Tax,25,Moderate
47,879018,3,Income,17,Moderate
53,487269,4,Tax,32,Moderate
50,1003199,3,Wealth,29,Moderate
37,659103,5,Wealth,9,Aggressive
57,1652473,1,Retirement,31,Conservative
36,974591,5,Retirement,12,Aggressive
33,3056186,3,Education,10,Moderate
40,300000,4,Tax,19,Moderate
53,1008415,3,Wealth,24,Moderate
42,815615,1,Wealth,12,Moderate
38,1082099,5,Income,15,Moderate
30,2014769,3,Retirement,3,Aggressive
49,300000,2,Wealth,25,Moderate
27,1233729,5,Income,0,Aggressive
35,1020574,5,Tax,7,Aggressive
49,426426,3,Income,24,Moderate
27,1852642,3,Tax,0,Moderate
64,841097,1,Retirement,40,Conservative
33,479281,2,Retirement,8,Conservative
29,1088219,3,Retirement,7,Moderate
21,1573923,1,Wealth,0,Moderate
43,1006805,3,Education,17,Aggressive
46,597734,5,Education,19,Aggressive
37,462343,5,Wealth,11,Aggressive
40,456072,5,Income,11,Moderate
59,1406209,5,Education,34,Aggressive
52,1560076,4,Wealth,24,Aggressive
57,675977,5,Wealth,28,Aggressive
27,4132723,2,Retirement,0,Aggressive
55,682281,5,Retirement,29,Aggressive
41,764948,4,Education,16,Aggressive
29,611138,3,Wealth,5,Aggressive
54,742593,3,Retirement,31,Moderate
34,784640,4,Tax,7,Moderate
34,1210290,5,Tax,4,Aggressive
54,703518,1,Wealth,32,Moderate
27,1232472,2,Wealth,4,Aggressive
35,300000,5,Wealth,5,Aggressive
29,520826,4,Retirement,6,Aggressive
28,644203,5,Retirement,0,Aggressive
33,674368,4,Tax,11,Moderate
52,300000,5,Income,30,Moderate
29,1508291,1,Wealth,4,Moderate
53,300000,1,Retirement,25,Conservative
60,518050,2,Retirement,38,Conservative
36,790457,2,Income,10,Conservative
35,3366749,4,Retirement,9,Aggressive
48,776784,1,Wealth,18,Moderate
60,1103371,2,Education,38,Moderate
33,300000,4,Education,12,Moderate
56,449315,2,Wealth,31,Moderate
34,495325,1,Income,11,Conservative
42,554848,5,Income,19,Aggressive
41,1642635,3,Retirement,16,Moderate
30,549060,1,Retirement,1,Conservative
30,1234207,2,Wealth,4,Aggressive
56,470034,3,Wealth,33,Moderate
40,662860,1,Wealth,12,Conservative
38,300000,2,Wealth,10,Moderate
56,767095,1,Tax,26,Moderate
34,798377,4,Wealth,12,Aggressive
26,703743,2,Wealth,4,Moderate
50,3190802,3,Wealth,22,Aggressive
37,770153,1,Tax,14,Moderate
24,300000,2,Wealth,2,Moderate
36,343290,5,Wealth,11,Aggressive
24,782176,2,Education,0,Moderate
41,762460,1,Wealth,11,Moderate
33,456322,5,Tax,9,Moderate
40,394398,3,Education,10,Moderate
44,2126475,5,Wealth,21,Aggressive
33,1611765,1,Retirement,10,Conservative
24,1772007,5,Retirement,0,Aggressive
52,519303,1,Tax,24,Conservative
48,1316041,5,Education,18,Aggressive
38,300000,4,Wealth,15,Moderate
25,602672,3,Retirement,0,Moderate
38,547990,3,Retirement,16,Moderate
27,676091,3,Education,0,Moderate
31,873931,4,Tax,2,Moderate
38,715086,3,Education,14,Moderate
40,366118,5,Wealth,15,Aggressive
48,478748,2,Wealth,26,Moderate
32,1158643,4,Education,7,Aggressive
34,1033232,4,Wealth,12,Aggressive
23,2458250,1,Tax,0,Moderate
50,1003168,4,Wealth,27,Aggressive
25,2284370,3,Retirement,2,Moderate
38,300000,4,Education,15,Moderate
53,1218940,4,Tax,26,Aggressive
27,1369945,5,Retirement,0,Aggressive
25,1131904,5,Education,0,Aggressive
40,347856,4,Wealth,16,Moderate
39,1006725,3,Retirement,14,Moderate
32,626095,5,Retirement,5,Aggressive
45,1208538,2,Wealth,22,Aggressive
28,758562,5,Wealth,5,Aggressive
32,541302,1,Tax,5,Conservative
61,3981379,1,Tax,40,Conservative
31,479103,4,Education,9,Moderate
25,980268,4,Wealth,0,Aggressive
21,1186229,3,Wealth,0,Aggressive
29,656498,2,Retirement,0,Moderate
29,1789454,3,Tax,4,Aggressive
25,1475127,3,Retirement,0,Moderate
51,300000,1,Tax,21,Conservative
39,1243262,2,Wealth,11,Moderate
58,2788514,2,Tax,30,Moderate
25,472872,5,Retirement,0,Aggressive
43,307375,4,Retirement,22,Moderate
35,652450,4,Tax,14,Moderate
27,788190,1,Wealth,0,Moderate
30,824077,1,Retirement,5,Conservative
34,1677890,5,Education,6,Aggressive
52,495934,5,Wealth,31,Aggressive
49,1169046,3,Wealth,20,Moderate
39,1382581,4,Wealth,15,Aggressive
50,866059,5,Wealth,20,Aggressive
39,520827,2,Income,12,Conservative
37,358718,3,Income,15,Conservative
49,300000,3,Retirement,23,Moderate
38,300000,4,Tax,9,Moderate
36,300000,4,Wealth,6,Moderate
31,2343689,4,Retirement,8,Aggressive
29,710101,1,Retirement,1,Conservative
57,3368103,4,Wealth,32,Aggressive
30,1043333,1,Retirement,1,Conservative
33,300000,5,Income,6,Moderate
38,701745,2,Education,9,Moderate
45,1249386,2,Wealth,24,Aggressive
36,1002177,3,Education,12,Aggressive
27,593860,3,Tax,5,Moderate
41,1501486,3,Tax,16,Moderate
34,385738,2,Wealth,12,Moderate
22,908923,3,Tax,0,Moderate
38,1400222,1,Wealth,13,Moderate
30,619698,3,Retirement,5,Moderate
30,1138303,5,Wealth,0,Aggressive
30,735799,3,Wealth,6,Aggressive
27,924550,1,Tax,1,Moderate
57,1076906,2,Tax,28,Moderate
25,654061,2,Retirement,0,Moderate
28,2126455,2,Tax,0,Moderate
56,963036,1,Income,30,Conservative
63,1185041,2,Wealth,35,Moderate
28,1781620,4,Wealth,7,Aggressive
31,1217041,3,Wealth,6,Moderate
51,413841,1,Retirement,22,Conservative
28,1335278,3,Tax,0,Moderate
57,962075,5,Retirement,31,Aggressive
46,492729,3,Tax,16,Moderate
34,1791042,1,Retirement,6,Moderate
34,392104,4,Tax,10,Moderate
43,547579,4,Wealth,14,Aggressive
62,600632,2,Tax,40,Moderate
58,330053,4,Wealth,30,Aggressive
62,795954,5,Wealth,34,Aggressive
33,506612,5,Wealth,11,Aggressive
27,944558,3,Retirement,1,Aggressive
34,2699530,5,Wealth,5,Aggressive
30,784271,1,Wealth,8,Moderate
28,1129607,2,Tax,3,Moderate
21,795272,5,Wealth,0,Aggressive
27,646337,2,Retirement,6,Moderate
56,1344272,2,Income,29,Conservative
55,417819,3,Tax,30,Conservative
28,1619807,1,Tax,4,Conservative
28,468974,3,Wealth,0,Moderate
40,2071526,5,Tax,16,Aggressive
47,623325,5,Wealth,17,Aggressive
33,452525,2,Wealth,7,Moderate
35,865674,4,Education,10,Moderate
55,300000,2,Wealth,31,Conservative
47,380118,1,Tax,20,Conservative
54,1123383,4,Retirement,26,Moderate
39,1837690,4,Income,17,Moderate
21,534248,4,Retirement,0,Aggressive
31,1968128,5,Income,1,Moderate
35,603742,1,Retirement,11,Conservative
42,915750,5,Wealth,18,Aggressive
28,921217,2,Education,6,Moderate
25,2353754,2,Retirement,0,Moderate
40,1497093,2,Income,14,Moderate
43,699202,2,Income,17,Conservative
54,4433640,5,Retirement,31,Aggressive
48,774779,4,Retirement,20,Moderate
49,814823,1,Wealth,20,Moderate
33,1017360,3,Retirement,5,Moderate
47,600485,3,Retirement,22,Moderate
31,2124158,2,Wealth,3,Moderate
27,753948,5,Income,1,Aggressive
37,1268351,2,Wealth,8,Aggressive
54,300000,5,Tax,26,Moderate
58,883826,4,Education,29,Moderate
48,637068,1,Education,18,Conservative
37,847444,2,Income,16,Conservative
57,358417,1,Income,28,Conservative
51,709323,4,Income,24,Moderate
29,916702,3,Tax,4,Moderate
30,628018,2,Wealth,9,Moderate
33,1224349,3,Wealth,10,Aggressive
49,843216,1,Retirement,25,Conservative
36,1258955,1,Tax,13,Conservative
49,1597036,3,Retirement,26,Moderate
33,1688876,4,Education,4,Moderate
33,616923,1,Wealth,3,Conservative
25,610519,5,Wealth,4,Aggressive
48,2478422,1,Income,21,Conservative
55,423982,1,Retirement,31,Conservative
41,600744,5,Wealth,11,Aggressive
25,720141,1,Wealth,0,Moderate
23,442476,4,Retirement,0,Moderate
61,872362,5,Wealth,37,Aggressive
25,1887138,1,Retirement,1,Moderate
45,300000,5,Tax,24,Aggressive
44,561613,1,Retirement,22,Conservative
37,876406,1,Retirement,11,Conservative
28,2410254,2,Wealth,7,Aggressive
50,300000,1,Wealth,29,Conservative
28,1481102,2,Retirement,6,Moderate
28,719054,1,Wealth,7,Moderate
32,903193,4,Retirement,5,Moderate
52,1903863,3,Retirement,25,Moderate
36,735140,2,Wealth,11,Moderate
55,787920,3,Wealth,29,Moderate
63,886018,3,Income,40,Conservative
53,928145,4,Tax,29,Moderate
36,376213,4,Tax,9,Moderate
58,902880,4,Retirement,37,Moderate
24,1092381,3,Tax,0,Moderate
29,300000,1,Retirement,0,Conservative
60,1476330,5,Wealth,32,Aggressive
46,1529750,4,Retirement,23,Moderate
31,962308,2,Tax,10,Conservative
27,314526,1,Wealth,6,Moderate
27,511870,4,Tax,0,Moderate
50,300000,4,Wealth,25,Aggressive
27,627575,4,Wealth,0,Aggressive
36,425306,5,Tax,6,Moderate
56,768681,1,Wealth,30,Moderate
30,1625036,4,Tax,4,Aggressive
33,567145,1,Tax,5,Conservative
32,1074945,1,Wealth,10,Moderate
53,758192,3,Retirement,28,Moderate
56,428163,1,Education,35,Conservative
46,2161730,5,Retirement,19,Aggressive
61,1438658,5,Wealth,33,Aggressive
44,371023,5,Wealth,18,Aggressive
54,1103426,5,Income,33,Aggressive
29,697126,4,Retirement,1,Moderate
28,1154048,1,Wealth,0,Moderate
37,315280,3,Retirement,16,Moderate
48,631693,4,Tax,25,Moderate
26,1032613,2,Tax,3,Moderate
28,376476,4,Retirement,3,Moderate
57,966346,4,Tax,36,Moderate
51,637674,4,Retirement,25,Moderate
48,831293,4,Retirement,21,Moderate
25,1645696,3,Retirement,0,Moderate
35,5360407,5,Wealth,5,Aggressive
41,851351,1,Tax,14,Moderate
60,706635,5,Tax,33,Moderate
33,3115290,3,Income,5,Moderate
58,1782427,3,Wealth,29,Aggressive
37,2795286,4,Tax,12,Aggressive
46,952429,4,Wealth,19,Aggressive
50,1427569,1,Income,22,Conservative
56,833875,4,Wealth,28,Aggressive
31,838637,1,Tax,6,Conservative
32,870960,3,Income,10,Conservative
30,1078933,1,Retirement,7,Moderate
38,849238,1,Wealth,8,Moderate
37,2130834,2,Wealth,14,Moderate
35,1206073,4,Income,7,Moderate
49,928213,5,Tax,23,Aggressive
32,902496,2,Income,10,Conservative
33,598622,2,Tax,3,Moderate
51,377271,2,Wealth,26,Moderate
22,1624319,5,Wealth,0,Aggressive
24,1618749,5,Wealth,0,Aggressive
29,371425,2,Retirement,1,Moderate
42,377101,3,Wealth,14,Moderate
36,1315862,2,Tax,9,Moderate
43,644253,1,Wealth,21,Moderate
24,403130,1,Retirement,0,Conservative
27,300000,5,Wealth,2,Aggressive
48,583281,1,Tax,24,Conservative
30,883300,4,Retirement,9,Aggressive
27,661438,4,Income,2,Moderate
29,318556,2,Wealth,5,Moderate
24,534008,4,Education,0,Moderate
47,1188917,4,Income,17,Moderate
33,2441491,2,Wealth,12,Moderate
36,832832,4,Income,15,Moderate
49,1661064,3,Wealth,24,Aggressive
36,1335336,4,Wealth,13,Aggressive
42,536824,5,Income,18,Moderate
45,1553990,3,Tax,24,Moderate
56,1770930,2,Retirement,27,Moderate
40,574401,2,Wealth,16,Moderate
36,816184,3,Retirement,14,Moderate
35,542720,2,Income,14,Conservative
33,334398,5,Retirement,5,Moderate
55,1649836,1,Wealth,29,Moderate
37,2475475,1,Retirement,10,Moderate
53,772176,2,Tax,24,Moderate
51,554525,5,Income,25,Moderate
27,1702461,2,Education,4,Moderate
58,1836329,1,Income,31,Conservative
24,439637,5,Income,0,Moderate
33,889241,2,Wealth,7,Moderate
62,3222284,4,Income,40,Moderate
34,2884709,1,Education,12,Moderate
30,422153,1,Tax,0,Conservative
32,304364,5,Retirement,3,Aggressive
59,1030661,4,Income,32,Moderate
23,1327887,4,Tax,0,Moderate
41,1333788,3,Income,13,Moderate
33,1180725,1,Retirement,6,Moderate
30,983169,3,Wealth,1,Moderate
30,598922,4,Income,7,Moderate
30,517501,5,Education,4,Aggressive
23,1415303,2,Education,0,Moderate
58,492025,2,Education,36,Conservative
31,300000,1,Retirement,8,Conservative
53,891559,4,Tax,30,Moderate
38,984534,3,Income,17,Moderate
31,3098979,5,Wealth,2,Aggressive
50,825259,2,Wealth,22,Moderate
21,318545,2,Wealth,0,Moderate
57,1892769,2,Wealth,36,Moderate
33,778781,3,Retirement,9,Moderate
33,720798,1,Retirement,7,Conservative
48,357063,1,Retirement,22,Conservative
36,1151652,5,Income,8,Moderate
37,899313,3,Wealth,15,Moderate
30,852259,1,Tax,3,Conservative
38,1554078,4,Education,13,Moderate
46,1691549,3,Tax,16,Moderate
45,1008980,2,Wealth,19,Moderate
55,1175231,2,Wealth,29,Moderate
38,1027735,3,Income,10,Moderate
36,2598326,3,Retirement,6,Aggressive
35,427327,3,Retirement,11,Moderate
32,377001,2,Income,2,Conservative
26,350839,5,Tax,1,Aggressive
30,1157904,1,Tax,4,Moderate
56,744622,3,Tax,28,Moderate
58,371617,1,Tax,34,Conservative
36,704025,4,Tax,15,Moderate
35,3649747,1,Tax,7,Moderate
48,1087328,1,Wealth,24,Moderate
39,2263593,4,Wealth,14,Aggressive
31,323739,4,Wealth,7,Moderate
63,988968,3,Income,33,Conservative
29,1154183,4,Retirement,1,Aggressive
52,1308511,4,Education,26,Moderate
25,675254,2,Tax,3,Moderate
59,1608225,1,Retirement,34,Moderate
55,1137426,5,Education,29,Aggressive
63,857423,1,Education,36,Conservative
27,597268,5,Tax,6,Aggressive
22,300000,4,Tax,0,Moderate
34,300000,2,Retirement,11,Conservative
45,503227,1,Wealth,23,Moderate
50,723576,1,Tax,25,Conservative
26,502277,5,Income,0,Moderate
56,1025927,3,Retirement,32,Moderate
33,1434130,1,Wealth,4,Moderate
32,335903,4,Income,8,Conservative
30,1184014,5,Income,7,Aggressive
41,791201,1,Income,20,Conservative
23,300000,3,Wealth,0,Moderate
34,1522598,1,Wealth,13,Moderate
38,418786,5,Retirement,8,Moderate
49,4872680,3,Wealth,25,Aggressive
61,1825490,2,Tax,33,Moderate
59,729621,1,Tax,33,Conservative
57,805200,3,Education,27,Moderate
45,304385,4,Retirement,16,Moderate
29,2757330,5,Tax,2,Aggressive
25,444879,3,Retirement,0,Moderate
56,830178,5,Wealth,30,Aggressive
58,514275,2,Income,35,Conservative
25,1113216,5,Wealth,4,Aggressive
36,794425,2,Wealth,9,Moderate
43,520023,1,Wealth,22,Moderate
26,1115749,1,Education,0,Moderate
42,2309953,1,Wealth,15,Moderate
55,834166,4,Retirement,25,Moderate
56,300000,1,Retirement,33,Conservative
28,1048569,4,Wealth,7,Aggressive
49,300000,4,Tax,23,Moderate
34,309085,2,Retirement,4,Conservative
55,300000,1,Tax,28,Conservative
41,1321621,4,Wealth,17,Aggressive
55,300000,5,Wealth,33,Aggressive
34,1608939,2,Retirement,7,Moderate
30,1422097,1,Retirement,8,Moderate
25,440626,4,Wealth,1,Moderate
46,1127354,4,Retirement,25,Moderate
33,1838919,2,Retirement,10,Moderate
28,536250,2,Retirement,7,Moderate
33,1909735,2,Tax,8,Moderate
27,907257,1,Wealth,0,Moderate
26,497586,4,Wealth,0,Aggressive
32,1437088,5,Retirement,10,Aggressive
47,484840,5,Retirement,24,Aggressive
34,2126900,5,Wealth,4,Aggressive
40,359843,2,Tax,17,Conservative
31,2015878,2,Education,1,Moderate
46,939048,2,Tax,20,Conservative
69,1327256,1,Wealth,40,Conservative
24,612035,4,Wealth,3,Aggressive
30,1060502,5,Retirement,2,Aggressive
49,300000,4,Wealth,26,Aggressive
23,939365,5,Retirement,0,Aggressive
22,321475,4,Retirement,1,Moderate
43,1360874,2,Tax,19,Moderate
58,554391,1,Wealth,34,Moderate
62,550752,5,Retirement,34,Moderate
56,356884,3,Retirement,26,Moderate
43,916971,5,Wealth,17,Aggressive
28,445552,1,Tax,0,Conservative
31,776893,4,Tax,7,Moderate
25,641255,5,Income,0,Moderate
40,393479,4,Wealth,17,Aggressive
26,614146,2,Retirement,1,Moderate
39,533187,1,Education,9,Conservative
41,1589979,1,Tax,18,Moderate
21,1786476,5,Retirement,0,Aggressive
29,320146,4,Wealth,1,Aggressive
43,923067,3,Wealth,20,Aggressive
22,662585,4,Wealth,1,Aggressive
31,435643,4,Tax,6,Moderate
51,892719,4,Retirement,25,Moderate
62,1119439,4,Wealth,37,Aggressive
40,300000,4,Income,13,Moderate
26,1628729,5,Income,0,Moderate
30,1325941,5,Tax,8,Aggressive
25,791416,3,Tax,0,Moderate
40,436048,1,Wealth,18,Moderate
64,1135516,1,Income,34,Conservative
53,509698,3,Wealth,23,Aggressive
31,1960981,4,Income,7,Moderate
35,1511359,2,Income,8,Conservative
58,817244,5,Tax,32,Aggressive
34,458773,3,Tax,4,Moderate
48,1140934,1,Wealth,26,Moderate
48,1403565,4,Wealth,24,Aggressive
44,637966,4,Retirement,21,Moderate
48,1075154,4,Retirement,22,Moderate
28,576069,2,Wealth,2,Moderate
49,300000,3,Income,21,Conservative
60,300000,5,Wealth,32,Aggressive
46,899179,5,Retirement,21,Aggressive
50,2341393,5,Wealth,26,Aggressive
32,409618,4,Education,9,Moderate
51,458932,1,Wealth,22,Conservative
32,994756,4,Retirement,7,Moderate
39,827222,4,Wealth,15,Aggressive
45,984548,2,Tax,23,Moderate
24,1158355,4,Tax,0,Aggressive
31,795914,4,Income,6,Moderate
50,887156,2,Wealth,28,Moderate
22,366311,4,Retirement,0,Moderate
61,601534,3,Education,33,Moderate
34,1950239,3,Wealth,10,Moderate
38,1121252,3,Income,17,Moderate
31,980026,2,Education,3,Moderate
40,437708,5,Retirement,13,Moderate
29,459091,3,Wealth,0,Moderate
34,380008,1,Wealth,6,Conservative
44,300000,1,Income,17,Conservative
49,667715,4,Tax,22,Moderate
40,613734,5,Wealth,10,Aggressive
51,917458,4,Income,30,Moderate
22,1664521,3,Wealth,0,Aggressive
47,519953,1,Retirement,18,Conservative
33,1932588,2,Wealth,6,Moderate
41,1155660,5,Tax,16,Aggressive
62,2181173,4,Tax,40,Aggressive
28,363124,1,Retirement,0,Conservative
38,1832197,3,Wealth,12,Moderate
59,502683,3,Retirement,35,Moderate
43,461955,5,Education,20,Aggressive
49,773494,4,Tax,24,Moderate
28,445090,3,Retirement,7,Moderate
52,1088668,1,Wealth,25,Moderate
33,1452437,4,Tax,10,Aggressive
38,1139063,1,Wealth,12,Moderate
36,774966,3,Tax,9,Moderate
42,1840689,1,Wealth,18,Moderate
36,1088017,3,Retirement,9,Moderate
36,728231,2,Retirement,6,Moderate
57,737235,4,Wealth,29,Moderate
31,434102,1,Retirement,1,Conservative
37,410507,4,Wealth,8,Moderate
46,586277,1,Wealth,17,Conservative
49,385795,3,Tax,22,Moderate
29,360382,3,Education,8,Moderate
29,424263,2,Tax,4,Conservative
53,1710558,1,Income,23,Conservative
39,457715,2,Wealth,18,Moderate
56,1436037,1,Wealth,35,Moderate
43,514925,2,Tax,21,Moderate
29,920408,4,Wealth,6,Aggressive
47,456016,3,Retirement,18,Moderate
45,924774,1,Retirement,22,Moderate
36,3970138,5,Tax,12,Aggressive
56,494614,5,Education,33,Moderate
26,656334,3,Tax,4,Aggressive
32,351060,5,Education,8,Moderate
58,1740422,5,Wealth,28,Aggressive
41,1946106,5,Retirement,12,Aggressive
35,419808,2,Wealth,9,Conservative
37,722149,2,Tax,16,Moderate
46,1082199,1,Wealth,20,Moderate
33,844940,2,Income,8,Conservative
47,421850,4,Tax,19,Moderate
33,409782,1,Tax,4,Conservative
55,340361,5,Tax,31,Moderate
61,1651365,5,Tax,33,Moderate
31,1282648,3,Tax,3,Moderate
39,2591793,1,Education,15,Moderate
36,398061,5,Wealth,15,Aggressive
34,994218,2,Wealth,10,Moderate
47,886713,5,Tax,17,Moderate
55,1045440,5,Wealth,28,Aggressive
59,1235180,3,Retirement,36,Moderate
52,7557368,5,Tax,26,Aggressive
34,7354062,4,Tax,12,Aggressive
23,1036581,4,Wealth,0,Aggressive
35,2496519,5,Tax,8,Aggressive
25,441034,5,Wealth,0,Aggressive
56,751957,4,Income,27,Moderate
33,461321,2,Income,12,Conservative
29,961721,1,Tax,0,Conservative
30,1164795,4,Tax,7,Aggressive
33,4030991,3,Wealth,6,Aggressive
34,420016,4,Retirement,8,Moderate
51,2039687,1,Wealth,22,Moderate
58,603568,4,Tax,29,Moderate
52,545417,1,Tax,28,Conservative
57,683611,2,Wealth,32,Aggressive
54,3225111,2,Income,30,Moderate
28,300000,5,Education,0,Aggressive
21,1106328,2,Wealth,0,Moderate
22,1773121,4,Wealth,0,Aggressive
50,409622,3,Income,22,Moderate
35,1170843,4,Retirement,13,Aggressive
36,485844,2,Wealth,10,Moderate
35,3185069,3,Income,8,Moderate
55,327020,2,Retirement,32,Conservative
55,1209178,1,Wealth,26,Moderate
44,595653,4,Retirement,20,Moderate
52,731073,3,Income,28,Moderate
28,658523,5,Retirement,4,Aggressive
36,1753411,3,Wealth,13,Aggressive
32,923984,3,Wealth,6,Moderate
23,301301,3,Tax,0,Moderate
33,1052856,5,Retirement,7,Aggressive
33,981899,3,Wealth,11,Moderate
53,1683585,4,Income,26,Moderate
27,1028810,3,Wealth,0,Aggressive
28,300000,2,Wealth,0,Moderate
26,1852906,3,Retirement,3,Moderate
32,1808780,3,Wealth,3,Moderate
35,1173262,5,Income,9,Moderate
56,996929,1,Retirement,26,Conservative
28,1057383,5,Retirement,1,Aggressive
38,1827179,5,Wealth,17,Aggressive
42,2110952,3,Income,13,Moderate
28,1182362,1,Education,5,Moderate
46,1270098,5,Income,24,Moderate
25,936252,2,Tax,0,Moderate
51,4383318,1,Tax,28,Moderate
57,300000,5,Income,30,Moderate
40,512720,3,Wealth,17,Aggressive
51,466604,2,Wealth,29,Moderate
36,3550445,1,Wealth,7,Moderate
26,699403,2,Income,3,Moderate
26,300000,4,Wealth,5,Aggressive
28,462272,5,Wealth,0,Aggressive
32,1205580,3,Education,9,Moderate
40,835014,4,Wealth,16,Aggressive
35,760451,3,Wealth,12,Aggressive
34,942891,5,Income,12,Aggressive
60,1817147,4,Income,31,Moderate
55,1559461,1,Retirement,34,Moderate
60,461812,4,Wealth,33,Aggressive
36,1005353,1,Wealth,15,Moderate
42,2419955,1,Wealth,20,Moderate
53,950590,3,Income,29,Moderate
38,540304,2,Wealth,15,Moderate
34,366352,2,Tax,9,Moderate
29,963578,1,Education,0,Conservative
42,703220,5,Tax,14,Aggressive
38,694490,2,Retirement,13,Moderate
51,947483,2,Wealth,29,Moderate
33,502693,5,Wealth,5,Aggressive
38,1991917,3,Wealth,9,Moderate
22,767180,1,Tax,1,Moderate
31,3237156,4,Retirement,3,Aggressive
55,1661629,4,Tax,31,Moderate
40,764397,1,Wealth,13,Moderate
36,329306,3,Income,9,Conservative
32,1282156,4,Tax,2,Moderate
21,1122487,2,Tax,0,Moderate
28,493747,3,Wealth,2,Moderate
28,361312,5,Retirement,4,Aggressive
57,798704,1,Wealth,29,Moderate
48,949657,4,Education,19,Moderate
48,901732,1,Retirement,18,Conservative
27,807969,5,Wealth,6,Aggressive
28,1860966,4,Education,5,Aggressive
30,516650,1,Wealth,5,Moderate
45,3038436,5,Retirement,16,Aggressive
21,300000,2,Wealth,0,Moderate
48,484089,5,Wealth,21,Aggressive
56,349609,3,Wealth,30,Moderate
57,940847,3,Wealth,29,Aggressive
37,1065852,5,Tax,16,Aggressive
50,2750757,2,Retirement,28,Moderate
34,936400,1,Education,6,Moderate
50,1458290,1,Tax,24,Moderate
30,376288,2,Income,3,Conservative
33,306535,4,Wealth,8,Moderate
51,2014383,5,Wealth,24,Aggressive
31,1558206,3,Retirement,2,Moderate
53,952962,3,Income,28,Conservative
29,436579,3,Retirement,2,Moderate
41,4419503,1,Retirement,17,Moderate
27,1440013,1,Retirement,2,Conservative
51,496857,2,Retirement,21,Moderate
37,836482,4,Retirement,12,Moderate
21,300000,5,Retirement,0,Aggressive
29,877867,3,Retirement,6,Moderate
35,582369,2,Retirement,10,Conservative
56,4287189,4,Tax,30,Aggressive
31,1374151,1,Wealth,4,Moderate
39,300000,3,Retirement,15,Moderate
21,2923939,5,Tax,0,Aggressive
34,1069386,3,Retirement,6,Aggressive
22,2369119,3,Retirement,0,Aggressive
33,979143,5,Retirement,6,Aggressive
40,896628,2,Retirement,12,Moderate
24,449433,5,Retirement,0,Aggressive
44,1273618,5,Wealth,18,Aggressive
57,1727745,1,Retirement,27,Moderate
42,300000,2,Tax,12,Conservative
34,454114,2,Wealth,7,Moderate
25,340407,4,Tax,0,Moderate
33,2812128,4,Education,7,Aggressive
65,1766551,1,Retirement,39,Moderate
34,626795,1,Retirement,12,Conservative
31,1711557,4,Wealth,1,Aggressive
47,309367,4,Tax,22,Moderate
34,997716,2,Retirement,11,Moderate
37,1550187,4,Tax,15,Moderate
30,552121,5,Wealth,5,Aggressive
32,801408,3,Wealth,6,Moderate
39,1146391,5,Wealth,16,Aggressive
21,1807933,4,Wealth,0,Aggressive
37,300000,3,Income,14,Conservative
39,715309,1,Tax,16,Conservative
31,423552,4,Education,5,Moderate
34,1182486,4,Wealth,5,Aggressive
34,650093,1,Wealth,12,Conservative
38,1425828,4,Education,12,Aggressive
32,314854,3,Wealth,2,Moderate
30,578529,1,Retirement,5,Moderate
26,3277324,1,Tax,2,Moderate
40,699048,2,Wealth,10,Moderate
49,1719117,4,Tax,19,Moderate
27,384616,2,Income,5,Conservative
38,300000,3,Retirement,10,Moderate
49,2155774,3,Tax,26,Moderate
45,1417091,1,Retirement,21,Moderate
42,601838,2,Tax,13,Conservative
38,2530411,4,Retirement,9,Aggressive
27,521882,3,Wealth,1,Moderate
36,442636,2,Wealth,6,Moderate
33,814902,1,Wealth,10,Conservative
26,667066,5,Education,0,Aggressive
36,357943,1,Retirement,14,Conservative
29,742534,1,Income,2,Conservative
36,961806,2,Wealth,12,Moderate
35,1441160,5,Tax,9,Aggressive
26,5182741,4,Retirement,0,Aggressive
24,1899630,1,Wealth,0,Moderate
38,384015,1,Retirement,10,Conservative
32,5421917,5,Retirement,3,Aggressive
32,835346,4,Wealth,7,Aggressive
26,1016949,1,Wealth,5,Moderate
21,501074,1,Tax,0,Conservative
42,801157,2,Tax,18,Moderate
54,792163,2,Retirement,28,Conservative
56,1298170,3,Income,29,Conservative
24,1522043,2,Wealth,0,Moderate
40,618131,4,Retirement,11,Moderate
28,1857216,3,Education,7,Moderate
55,550278,2,Retirement,27,Moderate
29,1761266,5,Retirement,2,Aggressive
35,508768,2,Wealth,12,Moderate
27,364615,2,Tax,6,Moderate
53,654524,2,Tax,32,Moderate
36,678318,1,Wealth,15,Moderate
21,404606,5,Tax,0,Moderate
47,618162,3,Retirement,23,Moderate
34,551608,1,Retirement,9,Conservative
29,807664,5,Tax,3,Aggressive
29,1182589,3,Wealth,8,Aggressive
31,761116,2,Wealth,3,Conservative
29,419157,1,Income,8,Conservative
33,624832,3,Wealth,3,Aggressive
46,1613390,2,Tax,20,Moderate
28,506845,1,Income,4,Conservative
40,411300,3,Tax,18,Moderate
55,300000,3,Tax,29,Moderate
28,499333,1,Retirement,6,Moderate
48,1436448,1,Income,20,Conservative
35,483341,3,Tax,9,Conservative
35,785895,4,Wealth,9,Aggressive
40,572095,2,Retirement,18,Moderate
35,548699,3,Tax,6,Moderate
58,2021615,1,Tax,33,Conservative
45,726275,3,Wealth,18,Moderate
28,334965,1,Education,5,Conservative
34,300000,2,Wealth,5,Moderate
47,384408,1,Retirement,23,Conservative
41,354716,1,Wealth,12,Conservative
26,1473114,4,Retirement,5,Aggressive
29,696861,1,Wealth,0,Moderate
22,844061,5,Wealth,0,Aggressive
42,676347,5,Retirement,12,Moderate
42,699952,4,Retirement,20,Moderate
26,1558696,2,Wealth,0,Moderate
58,1641667,2,Education,36,Moderate
28,2819912,1,Retirement,1,Moderate
45,435939,4,Tax,17,Moderate
54,613175,4,Education,33,Moderate
29,924011,4,Income,3,Moderate
42,2424846,5,Tax,17,Aggressive
43,495733,2,Wealth,16,Moderate
30,1562720,5,Tax,0,Aggressive
54,526069,2,Wealth,29,Moderate
32,1593676,3,Retirement,8,Moderate
50,860416,1,Income,28,Conservative
21,388518,3,Wealth,0,Moderate
46,742201,1,Tax,25,Conservative
47,1238958,1,Wealth,24,Moderate
33,300000,4,Wealth,6,Moderate
42,1524195,5,Wealth,16,Aggressive
22,300000,5,Retirement,0,Moderate
34,691853,2,Income,6,Conservative
61,746880,4,Retirement,33,Moderate
53,300000,5,Retirement,23,Moderate
58,524287,2,Wealth,34,Moderate
31,1080001,2,Wealth,7,Moderate
54,2969923,2,Education,33,Moderate
42,1433718,5,Wealth,17,Aggressive
45,1519311,1,Wealth,24,Moderate
36,300000,4,Retirement,10,Moderate
26,652829,4,Retirement,2,Moderate
39,2881231,2,Wealth,11,Moderate
30,1621432,2,Wealth,5,Moderate
34,563172,2,Income,7,Conservative
32,873282,2,Wealth,6,Moderate
27,1600522,2,Tax,1,Moderate
28,1572283,2,Wealth,0,Aggressive
27,737863,4,Income,0,Moderate
28,679192,2,Retirement,6,Conservative
21,1098279,1,Wealth,0,Moderate
44,1595171,3,Retirement,19,Moderate
30,612521,5,Income,7,Aggressive
26,300000,5,Wealth,3,Aggressive
49,762184,4,Retirement,24,Moderate
43,332979,5,Tax,21,Moderate
49,3120093,2,Wealth,22,Moderate
31,413626,1,Wealth,5,Conservative
48,742313,4,Wealth,18,Aggressive
36,490317,4,Retirement,12,Moderate
39,560953,1,Income,11,Conservative
57,1445379,2,Retirement,32,Moderate
24,1684653,4,Wealth,0,Aggressive
40,1275805,1,Retirement,12,Conservative
48,1587381,2,Income,20,Conservative
55,557736,1,Retirement,29,Conservative
32,374289,2,Wealth,3,Moderate
30,477148,5,Wealth,2,Aggressive
23,1090053,1,Wealth,0,Moderate
38,1889587,2,Wealth,16,Moderate
37,339686,3,Retirement,8,Moderate
62,628604,5,Education,32,Moderate
53,665893,4,Income,23,Moderate
25,469238,1,Retirement,0,Conservative
27,1224208,2,Education,2,Moderate
42,1621741,4,Retirement,14,Moderate
54,4488657,4,Tax,33,Aggressive
22,3212144,4,Wealth,0,Aggressive
50,1401476,4,Wealth,22,Aggressive
59,584309,2,Income,37,Conservative
32,1322289,2,Wealth,10,Moderate
40,300000,3,Retirement,16,Moderate
40,1280672,3,Wealth,17,Aggressive
41,1041279,2,Tax,12,Moderate
27,850727,2,Retirement,0,Moderate
52,466443,3,Income,29,Moderate
43,1405245,2,Tax,14,Conservative
35,403222,1,Wealth,10,Moderate
35,1687329,1,Retirement,7,Conservative
39,1227705,1,Education,12,Moderate
49,1088835,1,Retirement,21,Conservative
54,404823,4,Retirement,25,Moderate
37,510635,1,Wealth,15,Moderate
50,300000,3,Retirement,21,Moderate
51,1451565,4,Education,30,Aggressive
33,826875,3,Income,5,Conservative
49,553363,5,Tax,25,Moderate
41,732753,5,Wealth,17,Aggressive
47,1680912,2,Tax,23,Moderate
48,363090,4,Retirement,22,Moderate
21,593087,1,Retirement,0,Conservative
31,300000,5,Income,1,Moderate
51,385953,4,Wealth,26,Moderate
31,676310,1,Retirement,5,Conservative
21,1721961,5,Tax,0,Aggressive
30,1263328,2,Education,5,Moderate
51,1611514,3,Wealth,26,Aggressive
39,1282452,2,Retirement,17,Moderate
27,411456,5,Wealth,0,Aggressive
42,2640086,3,Income,17,Moderate
37,1355093,5,Wealth,14,Aggressive
28,2835445,5,Wealth,0,Aggressive
40,2601732,1,Tax,10,Moderate
44,756178,4,Wealth,14,Aggressive
37,572449,3,Retirement,11,Moderate
50,300000,2,Wealth,29,Moderate
40,905613,3,Retirement,11,Moderate
28,784253,4,Tax,0,Moderate
50,515371,4,Retirement,20,Moderate
54,568494,4,Wealth,25,Aggressive
40,1159388,1,Income,14,Conservative
40,300000,5,Wealth,18,Aggressive
29,1975923,2,Income,6,Conservative
29,1487172,2,Income,0,Moderate
61,628048,2,Wealth,33,Moderate
31,764360,3,Income,2,Conservative
25,1006791,1,Wealth,0,Moderate
31,1426092,1,Retirement,10,Conservative
49,3335540,2,Wealth,20,Moderate
44,557769,2,Wealth,15,Moderate
49,2094369,4,Wealth,27,Aggressive
32,690309,3,Wealth,11,Moderate
60,610130,4,Tax,39,Moderate
24,672937,5,Wealth,1,Aggressive
51,1720378,4,Wealth,30,Aggressive
57,540115,5,Wealth,33,Aggressive
35,868657,5,Wealth,5,Aggressive
36,562906,4,Wealth,12,Moderate
43,597234,2,Tax,15,Conservative
32,2075060,4,Wealth,6,Aggressive
38,800139,5,Income,16,Aggressive
41,505722,1,Wealth,16,Moderate
46,594912,5,Education,17,Moderate
28,980229,3,Tax,5,Moderate
55,777182,1,Wealth,33,Moderate
58,807509,4,Wealth,36,Aggressive
21,653957,5,Wealth,0,Aggressive
35,1674181,1,Wealth,8,Moderate
31,1206892,2,Wealth,3,Aggressive
38,688834,4,Tax,17,Moderate
36,882897,5,Tax,13,Moderate
30,455749,3,Wealth,0,Moderate
37,765572,2,Income,13,Conservative
33,497222,3,Tax,5,Moderate
28,924422,1,Retirement,0,Conservative
28,749806,3,Wealth,0,Moderate
52,681041,5,Retirement,30,Moderate
35,890928,5,Retirement,5,Moderate
34,993523,3,Income,8,Moderate
34,1729360,1,Income,10,Conservative
40,1390257,5,Wealth,12,Aggressive
25,1568702,5,Wealth,4,Aggressive
22,630069,3,Tax,1,Moderate
53,985984,3,Wealth,23,Moderate
29,2715319,1,Wealth,0,Moderate
34,753285,2,Education,10,Conservative
44,882515,4,Retirement,22,Aggressive
34,890819,4,Income,10,Conservative
24,749550,4,Wealth,0,Aggressive
29,1986150,3,Tax,6,Aggressive
46,591561,5,Tax,25,Aggressive
32,1716778,5,Tax,3,Aggressive
57,1381463,2,Wealth,30,Moderate
51,772553,5,Wealth,29,Aggressive
56,604561,3,Wealth,27,Moderate
43,787884,1,Tax,19,Conservative
48,1814736,1,Tax,22,Moderate
47,1713102,4,Wealth,19,Aggressive
45,1411230,4,Retirement,21,Aggressive
35,758805,1,Wealth,10,Moderate
21,831095,4,Wealth,0,Aggressive
42,1249713,4,Retirement,17,Aggressive
42,682967,2,Wealth,18,Moderate
30,1448889,1,Retirement,1,Conservative
29,896457,2,Tax,2,Moderate
25,1639291,4,Education,3,Aggressive
53,300000,5,Wealth,32,Moderate
27,527015,4,Retirement,0,Moderate
59,638531,4,Wealth,36,Aggressive
40,1076000,2,Tax,10,Moderate
31,619651,3,Income,2,Conservative
41,3708470,3,Tax,15,Moderate
29,343487,5,Retirement,7,Aggressive
48,1645847,4,Retirement,23,Aggressive
44,1907159,3,Wealth,18,Aggressive
28,1142576,5,Tax,1,Aggressive
41,646355,4,Tax,17,Moderate
29,795378,1,Education,7,Moderate
42,1428222,5,Retirement,13,Aggressive
37,300000,3,Tax,7,Moderate
48,517099,4,Retirement,24,Moderate
44,553319,5,Income,17,Aggressive
39,1180246,2,Retirement,18,Moderate
31,1727674,5,Retirement,8,Aggressive
53,3225787,3,Wealth,25,Aggressive
29,300000,4,Income,1,Moderate
51,392607,1,Income,27,Conservative
33,634446,1,Wealth,4,Conservative
32,1189793,5,Retirement,6,Aggressive
35,1376544,2,Retirement,6,Moderate
40,353217,1,Wealth,17,Moderate
34,1049119,2,Retirement,7,Moderate
29,300000,5,Retirement,3,Aggressive
40,988896,4,Wealth,15,Moderate
33,791514,4,Wealth,7,Aggressive
37,751818,1,Wealth,16,Moderate
24,612751,1,Tax,0,Conservative
54,757079,1,Tax,27,Conservative
44,1009664,1,Wealth,14,Moderate
24,2577899,5,Retirement,0,Aggressive
55,327854,2,Retirement,34,Conservative
44,665960,3,Wealth,17,Moderate
33,1177143,5,Tax,8,Aggressive
23,772806,1,Tax,0,Conservative
57,879320,1,Wealth,27,Moderate
30,534649,1,Retirement,3,Conservative
29,1436556,3,Wealth,2,Aggressive
57,300000,2,Wealth,35,Conservative
47,402367,1,Wealth,26,Conservative
48,3168678,4,Income,22,Moderate
34,341055,1,Tax,11,Conservative
31,437823,3,Wealth,6,Moderate
35,464460,3,Wealth,14,Moderate
61,551948,3,Income,32,Moderate
50,795313,3,Tax,27,Moderate
49,1715635,5,Wealth,24,Aggressive
56,1126015,1,Tax,30,Moderate
43,683326,4,Retirement,22,Aggressive
30,2742518,5,Wealth,1,Aggressive
30,601956,2,Wealth,7,Moderate
61,839285,5,Income,37,Moderate
34,876318,1,Wealth,11,Moderate
25,1458476,5,Retirement,0,Aggressive
33,360133,3,Wealth,12,Moderate
51,393696,5,Tax,22,Moderate
25,1559522,3,Wealth,3,Aggressive
32,2811855,5,Income,10,Aggressive
36,624767,2,Retirement,12,Conservative
33,333306,1,Wealth,12,Conservative
27,350436,1,Retirement,4,Moderate
44,1665017,5,Retirement,14,Aggressive
39,300000,3,Wealth,13,Moderate
47,842963,2,Tax,26,Conservative
64,712575,3,Income,39,Conservative
39,502427,1,Wealth,14,Conservative
36,442036,3,Wealth,12,Moderate
33,1312325,2,Wealth,11,Moderate
42,1389124,2,Retirement,18,Moderate
26,1825066,3,Wealth,4,Aggressive
31,1131481,4,Tax,1,Moderate
28,810413,2,Wealth,5,Aggressive
49,903727,2,Wealth,28,Moderate
35,1612954,4,Income,12,Moderate
49,300000,1,Income,28,Conservative
33,1099948,5,Tax,5,Aggressive
56,537787,5,Tax,35,Moderate
24,1048954,5,Retirement,3,Aggressive
27,391839,5,Retirement,0,Aggressive
29,1461607,1,Wealth,2,Moderate
27,1216271,4,Income,5,Moderate
60,491994,2,Income,36,Conservative
53,581317,1,Income,32,Conservative
43,545088,5,Income,17,Moderate
39,839079,3,Tax,16,Moderate
31,3337856,5,Income,8,Aggressive
26,300000,1,Income,0,Conservative
30,1012548,1,Wealth,3,Moderate
26,1089844,2,Income,0,Conservative
57,555892,3,Retirement,28,Moderate
47,300000,5,Retirement,18,Aggressive
54,700314,3,Wealth,27,Moderate
47,343761,4,Income,23,Moderate
24,1190056,4,Wealth,0,Aggressive
58,306391,2,Wealth,32,Moderate
24,778364,3,Income,0,Conservative
40,469972,1,Wealth,10,Conservative
43,1761856,5,Wealth,15,Aggressive
46,2419008,1,Retirement,24,Moderate
38,626965,4,Income,11,Moderate
41,386249,3,Retirement,16,Moderate
31,2599349,2,Wealth,6,Moderate
53,732741,3,Retirement,26,Moderate
52,1004406,4,Tax,31,Moderate
39,740509,1,Income,18,Conservative
63,698067,3,Income,34,Moderate
29,570921,3,Tax,5,Moderate
44,300000,5,Retirement,14,Moderate
28,2778010,2,Income,0,Moderate
61,925956,2,Income,31,Conservative
27,761425,5,Tax,0,Aggressive
24,1543697,5,Tax,0,Aggressive
26,544896,4,Income,0,Moderate
47,1044220,1,Wealth,26,Moderate
38,470374,5,Education,14,Moderate
59,633168,4,Wealth,34,Aggressive
33,1213588,1,Income,4,Conservative
39,977175,3,Wealth,15,Moderate
31,641627,5,Retirement,3,Moderate
31,1344653,2,Retirement,1,Moderate
30,467866,2,Education,6,Moderate
31,425079,3,Wealth,5,Moderate
52,587216,3,Retirement,26,Moderate
54,686046,3,Wealth,26,Moderate
29,638765,4,Retirement,2,Moderate
25,597888,3,Retirement,2,Moderate
25,1517478,4,Retirement,4,Aggressive
60,2309536,5,Wealth,31,Aggressive
39,735731,5,Income,11,Moderate
52,1219927,4,Retirement,24,Aggressive
31,481859,1,Tax,5,Conservative
42,754438,1,Tax,20,Conservative
47,1115053,5,Tax,25,Aggressive
50,447405,5,Wealth,22,Aggressive
24,1362652,1,Wealth,0,Moderate
47,484577,1,Wealth,26,Conservative
49,1647763,4,Retirement,28,Moderate
51,1461098,1,Wealth,27,Moderate
39,1760156,2,Retirement,12,Moderate
30,1650656,1,Income,0,Conservative
52,3118470,1,Wealth,24,Moderate
31,1149936,2,Tax,1,Moderate
54,300000,3,Retirement,30,Conservative
40,882224,2,Income,14,Conservative
51,585155,5,Tax,25,Aggressive
41,310099,5,Wealth,20,Aggressive
54,1973152,5,Wealth,24,Aggressive
49,650596,3,Tax,25,Moderate
30,300000,3,Wealth,7,Moderate
38,513324,5,Income,12,Moderate
35,3935449,1,Wealth,12,Moderate
56,2099404,4,Income,29,Moderate
41,1343304,4,Wealth,18,Aggressive
44,1253613,3,Wealth,15,Aggressive
36,428316,3,Education,12,Moderate
36,406319,4,Tax,11,Moderate
39,1191370,1,Retirement,11,Moderate
30,2450791,1,Wealth,1,Moderate
42,395731,3,Wealth,20,Moderate
56,753445,1,Wealth,33,Moderate
32,949770,4,Wealth,3,Aggressive
48,575489,3,Wealth,21,Moderate
47,712750,2,Wealth,25,Moderate
24,392387,3,Income,0,Conservative
25,1000614,5,Wealth,0,Aggressive
35,909443,1,Income,11,Conservative
49,1240952,1,Retirement,28,Conservative
29,698786,4,Wealth,0,Aggressive
36,1327694,3,Retirement,8,Moderate
29,1021831,4,Income,8,Aggressive
45,1914047,3,Income,16,Moderate
22,669663,3,Retirement,0,Moderate
49,1559620,2,Tax,25,Moderate
33,689048,1,Wealth,12,Moderate
29,1263108,5,Retirement,6,Aggressive
34,2043198,5,Wealth,11,Aggressive
33,1834762,1,Wealth,5,Moderate
58,698920,4,Retirement,31,Moderate
29,557963,5,Income,3,Moderate
40,1590874,2,Income,14,Conservative
43,586864,2,Retirement,15,Conservative
32,1611863,2,Retirement,8,Conservative
22,349223,5,Income,0,Moderate
25,1123124,2,Wealth,1,Moderate
26,622959,2,Tax,1,Conservative
31,300000,4,Wealth,5,Moderate
32,468896,1,Wealth,9,Moderate
26,614832,5,Wealth,0,Aggressive
49,3101106,1,Retirement,24,Moderate
57,300000,2,Wealth,27,Moderate
32,638538,4,Retirement,6,Moderate
44,631446,1,Wealth,18,Moderate
39,408787,3,Wealth,18,Moderate
39,614351,5,Tax,9,Aggressive
46,726838,2,Retirement,24,Conservative
44,504355,2,Income,14,Conservative
37,1035249,3,Retirement,15,Moderate
26,2439295,2,Income,0,Moderate
29,778639,1,Retirement,4,Moderate
47,498516,2,Retirement,24,Conservative
31,746431,1,Wealth,10,Conservative
56,631874,1,Retirement,31,Conservative
30,1737113,5,Income,4,Aggressive
30,582468,5,Tax,8,Aggressive
24,1133927,5,Wealth,0,Aggressive
26,986819,5,Education,0,Aggressive
28,868652,3,Retirement,3,Moderate
55,363924,3,Wealth,32,Moderate
35,524388,4,Education,13,Moderate
21,705591,1,Retirement,0,Conservative
57,350304,4,Wealth,36,Aggressive
28,406032,3,Income,0,Moderate
41,576161,4,Retirement,16,Aggressive
62,1024037,1,Wealth,40,Moderate
48,2160273,5,Tax,19,Aggressive
33,971949,2,Education,6,Conservative
31,881031,3,Wealth,10,Moderate
46,846465,1,Retirement,19,Conservative
54,634942,2,Retirement,31,Conservative
53,754109,3,Tax,31,Moderate
25,1195814,1,Wealth,0,Moderate
61,1563350,3,Wealth,31,Moderate
42,300000,1,Tax,19,Conservative
28,1335843,3,Tax,0,Moderate
45,655919,3,Wealth,22,Aggressive
30,1139591,5,Wealth,1,Aggressive
38,1037483,1,Income,14,Conservative
36,735105,4,Tax,6,Moderate
32,1164668,2,Income,2,Conservative
54,984258,3,Wealth,30,Moderate
52,785154,5,Retirement,22,Aggressive
31,746732,4,Wealth,1,Aggressive
49,403897,3,Tax,27,Moderate
24,814260,1,Wealth,0,Moderate
29,300000,2,Wealth,4,Moderate
27,986123,4,Tax,6,Moderate
65,1361856,2,Income,36,Conservative
24,300000,3,Income,0,Moderate
48,664112,5,Wealth,19,Aggressive
35,2177350,4,Income,13,Moderate
31,3715328,3,Education,5,Moderate
41,753421,3,Wealth,17,Aggressive
33,842150,2,Income,12,Conservative
43,766864,5,Education,15,Aggressive
41,895705,4,Wealth,14,Aggressive
27,1914410,2,Wealth,0,Aggressive
62,808023,2,Wealth,34,Moderate
37,308665,3,Education,9,Moderate
50,965109,3,Wealth,27,Aggressive
26,615753,3,Retirement,0,Moderate
57,368072,1,Retirement,27,Conservative
39,368163,4,Tax,10,Moderate
26,746360,4,Wealth,4,Aggressive
42,1250119,5,Retirement,19,Aggressive
38,1202337,1,Retirement,14,Conservative
58,1874785,5,Retirement,32,Aggressive
67,474579,5,Wealth,38,Aggressive
48,622264,1,Education,19,Conservative
31,1257738,1,Tax,2,Conservative
38,1335130,1,Tax,12,Conservative
26,559795,5,Wealth,0,Aggressive
26,498377,4,Wealth,0,Moderate
32,1121112,5,Education,4,Aggressive
44,1491799,2,Income,19,Moderate
35,682650,3,Retirement,14,Moderate
29,1111928,4,Retirement,8,Aggressive
22,807732,2,Retirement,0,Moderate
26,510879,4,Wealth,0,Aggressive
41,1348698,2,Tax,12,Moderate
49,687526,3,Education,24,Moderate
28,300000,3,Wealth,6,Moderate
31,508574,4,Tax,1,Moderate
29,300000,5,Wealth,0,Aggressive
57,5350966,2,Income,32,Moderate
49,2001488,3,Wealth,22,Aggressive
38,320086,2,Retirement,15,Moderate
26,533454,1,Retirement,3,Moderate
48,943644,5,Tax,22,Aggressive
31,2469886,5,Tax,10,Aggressive
34,1338368,4,Tax,8,Aggressive
34,940863,2,Income,9,Conservative
24,533965,2,Wealth,2,Moderate
28,1126683,3,Tax,0,Moderate
33,1095347,1,Wealth,5,Moderate
45,825731,1,Tax,16,Moderate
49,762394,2,Tax,26,Conservative
38,589504,3,Wealth,8,Aggressive
36,1984354,5,Wealth,7,Aggressive
34,300000,4,Wealth,4,Moderate
55,1000458,5,Wealth,26,Aggressive
22,815666,1,Retirement,0,Conservative
44,300000,1,Retirement,22,Conservative
30,618609,2,Wealth,5,Moderate
52,394998,1,Tax,26,Conservative
21,391290,3,Retirement,0,Moderate
33,465881,5,Wealth,12,Aggressive
57,1927150,2,Wealth,31,Moderate
56,773390,3,Education,30,Moderate
40,1358052,3,Tax,14,Moderate
36,347463,4,Education,8,Moderate
43,522551,1,Retirement,20,Moderate
28,598552,1,Wealth,6,Moderate
25,901547,3,Tax,1,Moderate
23,1169661,2,Wealth,0,Aggressive
25,974453,3,Education,4,Moderate
29,458043,3,Wealth,3,Moderate
51,1353392,1,Tax,23,Moderate
33,526246,5,Income,11,Moderate
27,971292,1,Retirement,3,Conservative
32,308099,4,Retirement,2,Moderate
50,673881,4,Wealth,26,Aggressive
33,1157980,2,Tax,9,Moderate
51,866247,5,Wealth,29,Aggressive
47,454753,3,Tax,20,Conservative
59,1178097,5,Wealth,33,Aggressive
24,467686,1,Tax,0,Conservative
35,300000,1,Tax,6,Conservative
51,1661377,3,Wealth,28,Moderate
30,399331,3,Wealth,6,Moderate
31,1400716,4,Wealth,5,Aggressive
33,682901,1,Wealth,10,Moderate
60,1266604,1,Wealth,37,Moderate
42,465306,4,Wealth,13,Moderate
29,1466588,2,Tax,6,Moderate
32,550396,2,Retirement,4,Moderate
56,665522,4,Wealth,33,Aggressive
30,300000,1,Wealth,8,Moderate
29,300000,1,Wealth,6,Moderate
23,1370461,2,Retirement,0,Moderate
47,505555,3,Wealth,24,Aggressive
46,300000,3,Tax,23,Moderate
23,520822,4,Tax,0,Moderate
36,1174995,3,Income,8,Conservative
52,348884,2,Education,23,Conservative
58,1664995,5,Wealth,33,Aggressive
25,548242,4,Wealth,2,Moderate
24,615677,1,Wealth,0,Conservative
45,468598,5,Wealth,24,Aggressive
29,300000,2,Retirement,0,Conservative
40,648586,1,Wealth,16,Moderate
42,752995,3,Wealth,12,Moderate
28,1035859,4,Retirement,6,Aggressive
62,465397,3,Wealth,35,Moderate
38,300000,4,Education,13,Moderate
34,2637072,2,Education,13,Moderate
32,901694,2,Wealth,11,Moderate
33,751965,1,Wealth,6,Moderate
33,1655999,4,Retirement,7,Aggressive
40,400660,5,Wealth,16,Aggressive
51,357314,3,Wealth,25,Moderate
28,1233255,4,Wealth,0,Aggressive
40,2784192,5,Tax,18,Aggressive
28,300000,3,Wealth,5,Moderate
27,770052,2,Retirement,2,Moderate
22,996813,2,Wealth,0,Moderate
35,1070533,1,Retirement,12,Moderate
26,627699,2,Education,2,Conservative
37,409229,2,Tax,11,Conservative
56,300000,2,Wealth,29,Moderate
24,3175568,4,Education,0,Aggressive
34,2378628,1,Wealth,12,Moderate
35,486329,4,Wealth,6,Aggressive
28,782157,5,Retirement,0,Aggressive
27,503628,2,Wealth,5,Moderate
50,625405,5,Tax,23,Aggressive
40,697087,5,Wealth,19,Aggressive
42,329161,4,Wealth,16,Aggressive
52,732558,2,Income,29,Conservative
59,834484,4,Retirement,33,Aggressive
25,300000,3,Wealth,2,Moderate
31,465536,3,Retirement,4,Moderate
48,300000,2,Retirement,23,Conservative
36,370193,5,Wealth,15,Aggressive
61,652846,4,Income,40,Moderate
28,692023,5,Income,1,Moderate
41,695716,3,Retirement,12,Moderate
33,3339860,4,Tax,10,Moderate
46,962018,4,Tax,23,Moderate
60,1013804,4,Tax,34,Moderate
38,841991,2,Wealth,15,Moderate
37,300000,2,Tax,14,Conservative
56,712045,2,Income,33,Conservative
46,779218,4,Wealth,19,Aggressive
52,1302140,5,Wealth,29,Aggressive
21,357677,1,Income,0,Conservative
57,522590,5,Tax,35,Aggressive
23,363383,3,Wealth,0,Moderate
32,487140,3,Tax,3,Moderate
52,632104,2,Wealth,24,Moderate
33,336521,1,Income,4,Conservative
41,1387745,2,Retirement,14,Moderate
24,390063,5,Wealth,1,Aggressive
42,1261091,2,Tax,19,Moderate
52,569663,3,Wealth,31,Moderate
35,560496,3,Retirement,10,Moderate
50,1419730,2,Retirement,23,Moderate
54,1220034,5,Wealth,33,Aggressive
28,1081488,4,Tax,4,Aggressive
27,300000,5,Retirement,5,Aggressive
30,1853735,2,Income,6,Moderate
35,2201755,5,Wealth,6,Aggressive
45,655251,3,Tax,19,Moderate
36,401212,1,Retirement,9,Conservative
35,337329,3,Wealth,7,Moderate
43,637473,3,Education,21,Moderate
31,366306,4,Wealth,10,Moderate
26,673707,2,Retirement,1,Moderate
38,532531,4,Retirement,17,Moderate
39,308511,4,Wealth,18,Aggressive
32,490422,2,Wealth,7,Moderate
51,835718,5,Income,21,Moderate
33,415317,1,Income,6,Conservative
58,614818,4,Tax,35,Moderate
61,1471492,4,Wealth,35,Aggressive
41,464942,5,Tax,12,Aggressive
24,410929,2,Education,0,Moderate
44,856583,3,Income,16,Moderate
42,1776296,5,Wealth,16,Aggressive
49,1066105,3,Income,26,Moderate
44,492244,1,Tax,18,Conservative
40,491070,4,Income,11,Conservative
24,559697,1,Wealth,0,Conservative
30,625635,3,Tax,9,Moderate
34,4521919,3,Retirement,5,Aggressive
36,859953,3,Retirement,8,Moderate
39,2818119,4,Wealth,14,Aggressive
36,1430732,2,Tax,8,Moderate
21,300000,2,Retirement,0,Conservative
26,562859,4,Retirement,3,Aggressive
46,766172,2,Education,25,Moderate
56,903338,2,Retirement,26,Moderate
29,842827,4,Tax,3,Moderate
39,300000,2,Wealth,17,Moderate
30,300000,2,Tax,2,Moderate
31,779708,5,Tax,10,Aggressive
54,605479,1,Retirement,29,Conservative
23,1961571,1,Wealth,0,Moderate
52,807469,1,Wealth,23,Moderate
51,1378322,5,Tax,25,Aggressive
55,1267935,1,Income,33,Conservative
28,766694,3,Retirement,6,Moderate
22,1743045,1,Retirement,0,Conservative
52,581414,4,Retirement,30,Aggressive
38,775631,1,Wealth,9,Moderate
40,844522,3,Wealth,16,Moderate
40,445378,1,Income,12,Conservative
32,357419,2,Income,9,Conservative
37,326707,3,Tax,12,Moderate
56,387103,4,Tax,28,Moderate
38,732007,2,Wealth,15,Moderate
21,998238,2,Wealth,0,Moderate
32,333720,5,Wealth,4,Aggressive
34,836733,2,Tax,8,Moderate
29,673554,1,Retirement,0,Conservative
53,1542678,2,Wealth,27,Moderate
21,565926,2,Education,0,Moderate
28,2444189,5,Wealth,3,Aggressive
28,1373787,1,Wealth,1,Moderate
32,638497,1,Retirement,7,Moderate
27,549129,2,Wealth,5,Moderate
24,1498641,4,Retirement,0,Aggressive
42,637887,4,Education,13,Moderate
41,827898,1,Tax,19,Conservative
26,563665,4,Tax,3,Moderate
30,545995,1,Income,0,Conservative
25,342406,1,Wealth,4,Moderate
37,2101529,3,Wealth,10,Aggressive
50,611329,1,Income,25,Conservative
41,885763,3,Wealth,13,Aggressive
45,1136843,2,Tax,24,Moderate
55,2083972,5,Wealth,26,Aggressive
37,545113,1,Retirement,14,Conservative
23,300000,2,Retirement,2,Moderate
26,859082,1,Wealth,0,Moderate
60,1143280,1,Tax,31,Conservative
47,552025,5,Income,26,Moderate
29,1183254,3,Wealth,2,Aggressive
27,806413,1,Retirement,4,Moderate
29,630367,1,Wealth,5,Moderate
51,2039757,3,Wealth,27,Aggressive
25,644062,4,Wealth,4,Aggressive
34,2571104,5,Income,7,Aggressive
56,824983,5,Tax,30,Aggressive
35,450331,1,Income,13,Conservative
31,300000,5,Wealth,8,Aggressive
48,1855327,4,Wealth,26,Aggressive
26,1572576,1,Wealth,0,Moderate
37,1406906,3,Tax,13,Moderate
30,1981101,3,Wealth,3,Aggressive
53,2835985,1,Wealth,28,Moderate
57,300000,3,Retirement,32,Moderate
36,300000,3,Wealth,6,Moderate
22,662119,1,Wealth,1,Moderate
24,1599175,2,Wealth,2,Moderate
29,986664,5,Wealth,8,Aggressive
42,988175,5,Retirement,18,Aggressive
46,590195,2,Tax,25,Moderate
45,445811,3,Wealth,23,Moderate
51,753053,5,Tax,24,Moderate
30,674588,4,Income,5,Moderate
41,588559,2,Wealth,18,Moderate
46,1252103,3,Wealth,17,Moderate
30,800540,4,Tax,0,Moderate
34,1098665,2,Tax,12,Moderate
30,745497,3,Retirement,9,Aggressive
33,1303343,1,Retirement,8,Moderate
40,372111,3,Tax,16,Moderate
45,300000,4,Retirement,20,Aggressive
30,636807,5,Wealth,0,Aggressive
49,1376653,2,Income,20,Moderate
21,625591,1,Wealth,0,Moderate
27,3347671,2,Tax,5,Moderate
35,395025,3,Retirement,6,Moderate
32,703926,1,Retirement,4,Conservative
56,300000,5,Wealth,33,Aggressive
60,2268229,2,Tax,35,Moderate
29,740948,2,Wealth,0,Moderate
58,300000,4,Education,33,Moderate
27,646297,3,Retirement,6,Moderate
48,300000,4,Tax,20,Moderate
33,1892747,1,Tax,4,Conservative
47,426059,2,Education,25,Moderate
32,829338,1,Retirement,2,Conservative
42,480044,5,Wealth,15,Aggressive
30,700832,5,Wealth,0,Aggressive
31,1414598,4,Retirement,8,Aggressive
34,606988,4,Retirement,12,Moderate
35,1190729,4,Wealth,5,Aggressive
57,300000,2,Education,35,Conservative
32,330666,5,Retirement,10,Moderate
26,836152,5,Income,0,Moderate
43,487470,4,Wealth,22,Aggressive
46,1833419,5,Wealth,16,Aggressive
40,1448242,2,Retirement,13,Moderate
24,2093532,3,Wealth,2,Aggressive
33,863695,2,Tax,4,Moderate
21,479058,1,Wealth,0,Conservative
36,1237634,1,Wealth,9,Moderate
32,385275,4,Education,7,Moderate
50,657859,1,Education,24,Conservative
25,1072690,4,Wealth,0,Aggressive
39,492040,3,Wealth,11,Moderate
30,4291450,2,Retirement,7,Aggressive
58,1335112,5,Wealth,34,Aggressive
31,423582,1,Tax,10,Conservative
43,1576479,3,Retirement,15,Moderate
42,2528320,2,Retirement,13,Moderate
35,300000,3,Education,5,Moderate
34,1974525,2,Wealth,5,Moderate
60,333230,1,Income,33,Conservative
37,801235,4,Tax,14,Moderate
30,911185,2,Wealth,8,Moderate
27,508266,2,Wealth,0,Moderate
38,507122,3,Retirement,16,Moderate
32,442773,1,Wealth,3,Conservative
42,552277,3,Retirement,21,Moderate
37,401961,4,Wealth,9,Aggressive
29,1757031,5,Income,1,Aggressive
33,300000,3,Retirement,8,Moderate
29,2837705,5,Tax,0,Aggressive
25,734202,3,Wealth,4,Aggressive
28,300000,2,Wealth,6,Moderate
24,1384660,4,Retirement,0,Aggressive
60,614256,5,Education,34,Aggressive
57,349767,5,Retirement,36,Moderate
40,634818,3,Wealth,15,Moderate
46,468858,4,Education,21,Moderate
59,1985149,3,Income,36,Moderate
29,466744,5,Income,3,Moderate
51,318989,4,Retirement,21,Moderate
32,490802,3,Income,10,Conservative
25,402416,2,Wealth,4,Moderate
58,1713518,4,Income,37,Moderate
49,928035,2,Tax,21,Moderate
37,300000,4,Education,8,Moderate
52,384909,5,Wealth,31,Moderate
54,590255,4,Wealth,24,Aggressive
40,300000,2,Tax,15,Conservative
25,371230,3,Education,0,Moderate
58,1011500,5,Wealth,36,Aggressive
42,2871094,2,Wealth,12,Aggressive
28,300000,1,Retirement,4,Moderate
54,5436456,4,Tax,25,Aggressive
29,1048037,1,Retirement,4,Moderate
51,364359,2,Education,22,Moderate
32,2348027,1,Income,9,Conservative
24,1080437,2,Retirement,0,Conservative
59,1457380,5,Retirement,29,Aggressive
24,1436538,3,Income,3,Moderate
50,1711244,3,Retirement,21,Moderate
53,335824,4,Income,31,Moderate
33,1418253,5,Tax,3,Aggressive
21,836838,1,Tax,0,Conservative
35,1210598,5,Wealth,8,Aggressive
29,502437,1,Education,7,Moderate
23,512564,5,Tax,0,Aggressive
23,537372,3,Retirement,0,Moderate
23,1344933,4,Retirement,0,Aggressive
57,760005,3,Retirement,27,Moderate
34,552704,3,Wealth,10,Moderate
39,636635,5,Retirement,14,Aggressive
29,1934810,1,Wealth,4,Moderate
56,1139231,5,Wealth,30,Aggressive
38,1111090,1,Wealth,11,Moderate
37,971367,2,Tax,14,Moderate
57,1707019,4,Education,33,Moderate
55,384449,1,Education,33,Conservative
38,1498832,2,Tax,16,Moderate
22,850413,4,Wealth,0,Aggressive
29,419555,1,Wealth,8,Moderate
30,795353,3,Wealth,8,Moderate
50,665148,4,Income,22,Moderate
24,1023678,4,Tax,1,Moderate
34,1514226,5,Wealth,11,Aggressive
24,365579,4,Retirement,0,Moderate
63,2682546,5,Tax,35,Aggressive
34,300000,2,Wealth,13,Moderate
36,480062,4,Retirement,10,Moderate
52,3203288,1,Education,28,Conservative
53,300000,4,Wealth,29,Aggressive
26,532730,4,Wealth,0,Aggressive
21,467543,1,Wealth,0,Conservative
33,300000,4,Retirement,9,Moderate
46,746298,5,Retirement,25,Aggressive
58,1099941,1,Education,32,Moderate
37,1097605,3,Income,12,Moderate
56,531544,4,Tax,32,Moderate
57,300000,4,Tax,29,Moderate
35,492863,5,Tax,14,Moderate
49,426529,1,Wealth,27,Conservative
27,958304,4,Retirement,6,Aggressive
42,537649,5,Tax,14,Aggressive
56,1058440,3,Wealth,35,Moderate
60,300000,3,Retirement,33,Conservative
47,1233404,5,Income,21,Moderate
39,1131848,1,Retirement,9,Moderate
33,365421,4,Income,3,Conservative
53,476461,5,Tax,28,Moderate
43,627996,5,Retirement,21,Aggressive
40,1677876,5,Retirement,19,Aggressive
21,640660,2,Tax,0,Moderate
53,995719,3,Retirement,30,Moderate
50,786090,2,Education,25,Moderate
38,1490281,5,Tax,16,Aggressive
21,886291,3,Wealth,0,Aggressive
25,330466,4,Education,1,Moderate
36,657457,4,Wealth,14,Aggressive
33,1593711,2,Income,12,Moderate
37,992597,2,Retirement,12,Moderate
30,336034,3,Tax,6,Moderate
27,2746570,4,Wealth,0,Aggressive
36,518055,2,Retirement,9,Conservative
49,1518417,5,Wealth,27,Aggressive
37,2136623,5,Wealth,16,Aggressive
29,1669682,2,Wealth,0,Moderate
29,429784,1,Retirement,7,Conservative
36,1713908,2,Retirement,9,Moderate
34,945753,1,Wealth,5,Moderate
40,317719,4,Tax,12,Moderate
66,756134,2,Wealth,40,Moderate
32,399124,4,Retirement,4,Moderate
32,1057117,2,Tax,10,Moderate
36,1396582,2,Wealth,12,Moderate
59,1768677,5,Income,33,Aggressive
36,762568,5,Retirement,10,Moderate
26,423251,1,Retirement,0,Conservative
38,346486,4,Retirement,16,Moderate
29,1292916,3,Education,7,Moderate
22,1590444,1,Wealth,0,Moderate
46,1180337,2,Tax,20,Moderate
28,442439,2,Income,0,Conservative
23,514267,5,Retirement,0,Aggressive
37,539211,1,Wealth,8,Moderate
38,300000,2,Wealth,9,Moderate
63,1145536,4,Tax,39,Aggressive
42,728585,3,Tax,12,Moderate
37,2192988,3,Wealth,9,Aggressive
45,407628,4,Tax,15,Moderate
53,726988,1,Wealth,24,Moderate
50,336591,1,Retirement,21,Conservative
34,616799,3,Wealth,11,Moderate
42,1400232,3,Wealth,21,Aggressive
32,838144,4,Education,6,Moderate
24,409645,3,Tax,0,Conservative
28,300000,4,Tax,0,Moderate
36,637532,4,Retirement,12,Aggressive
38,930916,5,Tax,9,Aggressive
33,1431307,5,Tax,6,Aggressive
43,477988,2,Wealth,20,Moderate
39,469545,4,Wealth,17,Aggressive
53,3563840,4,Income,23,Moderate
49,792646,2,Wealth,22,Moderate
41,1571533,5,Tax,19,Aggressive
57,332388,4,Income,36,Moderate
49,1009815,1,Education,25,Conservative
25,1351592,3,Wealth,3,Aggressive
29,839406,3,Education,0,Moderate
33,300000,2,Wealth,3,Moderate
56,426979,5,Wealth,33,Aggressive
56,1042557,3,Retirement,30,Aggressive
32,300000,2,Tax,6,Moderate
33,4747163,2,Wealth,4,Aggressive
57,1790153,5,Wealth,30,Aggressive
52,300000,5,Retirement,28,Moderate
29,968748,1,Wealth,5,Moderate
47,850085,2,Retirement,17,Conservative
29,1727639,2,Tax,5,Moderate
37,300000,1,Tax,10,Conservative
34,907837,4,Retirement,9,Aggressive
25,347500,5,Retirement,0,Moderate
31,1096002,1,Wealth,2,Moderate
28,376486,3,Retirement,2,Moderate
45,2101995,2,Retirement,18,Moderate
31,1000889,2,Retirement,1,Moderate
28,300000,5,Wealth,6,Aggressive
27,300000,4,Tax,0,Moderate
48,1142595,4,Education,18,Aggressive
60,495630,5,Wealth,32,Aggressive
33,1204510,5,Wealth,8,Aggressive
50,507960,4,Wealth,22,Aggressive
44,1871888,5,Tax,20,Aggressive
38,1633875,4,Retirement,11,Aggressive
54,1090751,1,Wealth,27,Moderate
37,429568,2,Retirement,12,Conservative
21,534845,5,Income,0,Moderate
52,672448,3,Retirement,23,Moderate
35,386612,3,Tax,7,Moderate
41,1280800,3,Wealth,17,Aggressive
46,641745,4,Retirement,20,Aggressive
21,709786,1,Income,0,Conservative
45,560071,1,Tax,21,Conservative
33,796013,5,Wealth,10,Aggressive
49,911489,1,Income,20,Conservative
43,549354,3,Wealth,13,Aggressive
58,683084,1,Tax,30,Conservative
47,581880,5,Wealth,23,Aggressive
34,582917,2,Retirement,13,Moderate
31,817828,3,Wealth,4,Moderate
48,300000,4,Education,24,Moderate
48,2151777,3,Income,24,Moderate
47,1375126,5,Retirement,24,Aggressive
32,901969,3,Income,5,Conservative
46,1448623,1,Wealth,24,Moderate
56,311854,5,Retirement,33,Moderate
34,300000,5,Income,7,Moderate
58,300000,2,Tax,37,Moderate
24,1091361,3,Retirement,1,Moderate
61,889885,3,Retirement,31,Moderate
32,1036894,3,Wealth,2,Moderate
22,1551942,5,Retirement,0,Aggressive
21,300000,1,Wealth,0,Moderate
29,347694,2,Tax,3,Conservative
33,510311,2,Education,9,Moderate
53,1284539,4,Wealth,30,Aggressive
51,894634,2,Tax,29,Conservative
30,5093657,3,Income,6,Aggressive
30,375048,4,Wealth,8,Aggressive
54,1161956,4,Retirement,28,Aggressive
37,1567786,1,Income,7,Conservative
43,2247433,2,Retirement,18,Moderate
32,698312,2,Retirement,8,Moderate
50,323972,3,Education,27,Moderate
36,1276005,1,Income,13,Conservative
30,988808,5,Tax,8,Aggressive
39,1206075,5,Retirement,12,Aggressive
56,2074799,5,Wealth,27,Aggressive
38,682614,4,Income,17,Moderate
32,389645,5,Wealth,3,Aggressive
29,1198582,3,Wealth,1,Aggressive
36,1000144,5,Wealth,6,Aggressive
40,645549,2,Wealth,19,Moderate
34,397189,1,Income,13,Conservative
52,1024203,1,Education,26,Moderate
42,1468181,2,Tax,15,Moderate
53,300000,1,Wealth,24,Conservative
40,831282,1,Income,10,Conservative
31,1218311,2,Income,5,Conservative
32,2842482,3,Income,7,Moderate
38,844719,4,Wealth,16,Aggressive
26,2393794,5,Retirement,0,Aggressive
34,1449724,2,Tax,13,Moderate
24,1470573,2,Tax,0,Moderate
56,458648,1,Tax,31,Conservative
41,4565110,5,Wealth,15,Aggressive
30,842180,4,Education,9,Moderate
27,929572,4,Retirement,0,Moderate
41,817326,2,Wealth,12,Moderate
61,1920296,3,Tax,37,Moderate
44,3175676,3,Wealth,23,Aggressive
39,1279188,2,Wealth,11,Moderate
36,616220,3,Retirement,8,Moderate
30,2646810,5,Retirement,3,Aggressive
31,333307,3,Retirement,1,Moderate
39,495345,5,Wealth,16,Aggressive
41,305129,3,Tax,19,Moderate
59,623505,4,Wealth,32,Aggressive
30,1628022,2,Tax,0,Moderate
30,689582,5,Education,3,Aggressive
28,840051,4,Wealth,3,Aggressive
41,1040317,2,Income,12,Conservative
34,686957,4,Wealth,7,Aggressive
28,368910,5,Retirement,0,Aggressive
28,300000,3,Education,2,Moderate
50,2011753,2,Tax,29,Moderate
36,516814,4,Retirement,7,Moderate
41,498907,3,Wealth,14,Moderate
49,300000,1,Wealth,19,Conservative
33,732217,5,Retirement,5,Aggressive
23,1178555,5,Education,1,Aggressive
30,624692,3,Wealth,3,Aggressive
21,1030600,3,Retirement,0,Moderate
21,300000,2,Wealth,0,Moderate
51,908333,4,Tax,28,Moderate
39,605410,1,Income,15,Conservative
65,300000,2,Wealth,35,Moderate
28,300000,2,Wealth,0,Conservative
32,441695,1,Retirement,3,Conservative
43,344501,5,Tax,18,Moderate
32,1027931,2,Retirement,2,Moderate
38,1093191,5,Wealth,8,Aggressive
53,909173,4,Wealth,30,Aggressive
25,1049073,3,Wealth,0,Moderate
53,300000,4,Income,28,Moderate
50,1150372,3,Retirement,24,Moderate
59,1285574,2,Retirement,35,Moderate
54,976503,3,Wealth,27,Moderate
31,752624,1,Tax,10,Conservative
43,479383,1,Income,15,Conservative
46,1021789,4,Wealth,21,Aggressive
41,616854,1,Wealth,12,Moderate
50,1537959,4,Tax,20,Moderate
34,978852,5,Income,11,Moderate
57,716597,5,Tax,31,Moderate
34,634185,4,Retirement,11,Moderate
55,721420,4,Tax,28,Moderate
45,723859,4,Education,24,Aggressive
31,763381,3,Tax,5,Conservative
50,326328,1,Retirement,26,Conservative
42,952643,3,Retirement,20,Moderate
56,908210,3,Retirement,30,Moderate
32,353347,3,Tax,11,Moderate
59,947108,5,Income,35,Moderate
54,799621,5,Tax,33,Moderate
42,450844,3,Wealth,14,Moderate
47,1232341,2,Retirement,24,Moderate
61,2058242,3,Retirement,39,Moderate
24,539866,2,Education,0,Moderate
54,867570,2,Wealth,28,Moderate
30,1932223,1,Wealth,3,Moderate
25,300000,4,Tax,0,Moderate
28,3032815,3,Wealth,3,Aggressive
42,852766,3,Tax,21,Moderate
37,1369949,3,Education,9,Moderate
38,300000,4,Tax,13,Moderate
46,310058,2,Retirement,20,Conservative
34,410263,3,Income,12,Conservative
53,384745,3,Tax,27,Moderate
53,300000,4,Tax,27,Moderate
27,350194,5,Wealth,0,Aggressive
25,450576,4,Tax,0,Moderate
47,300000,4,Wealth,19,Aggressive
30,2284891,5,Wealth,7,Aggressive
37,1259491,1,Wealth,13,Moderate
32,481679,4,Wealth,2,Moderate
31,1210100,4,Retirement,3,Aggressive
47,1019641,3,Education,17,Moderate
33,300000,2,Wealth,3,Moderate
47,1089071,2,Tax,24,Moderate
33,601992,4,Retirement,5,Moderate
42,1307202,2,Wealth,19,Moderate
29,377944,3,Wealth,1,Moderate
29,1179615,4,Wealth,7,Aggressive
37,1682807,4,Tax,16,Aggressive
53,1065454,4,Wealth,30,Aggressive
53,300000,3,Wealth,25,Moderate
27,4506776,2,Retirement,1,Moderate
34,1222597,4,Retirement,10,Moderate
41,681860,5,Tax,19,Aggressive
53,1247130,4,Tax,30,Moderate
28,3536155,2,Retirement,3,Moderate
35,300000,1,Tax,10,Conservative
43,1732550,1,Wealth,22,Moderate
46,717497,1,Wealth,19,Moderate
43,645552,5,Education,20,Aggressive
58,673135,1,Retirement,31,Conservative
46,300000,3,Wealth,17,Moderate
30,1128453,3,Income,5,Moderate
53,300000,1,Tax,28,Conservative
54,559130,1,Retirement,33,Conservative
38,566976,2,Wealth,8,Moderate
52,616818,3,Tax,25,Moderate
55,300000,2,Wealth,33,Moderate
56,1503440,2,Wealth,26,Moderate
49,300000,1,Wealth,19,Conservative
27,421519,2,Tax,5,Moderate
41,550407,1,Tax,20,Moderate
32,646876,1,Wealth,4,Moderate
44,1052539,4,Wealth,21,Aggressive
35,817285,3,Wealth,12,Moderate
50,3115017,5,Retirement,28,Aggressive
26,1028475,3,Wealth,0,Aggressive
42,977563,5,Education,13,Aggressive
40,538730,4,Tax,16,Moderate
26,996759,4,Retirement,2,Moderate
38,572656,3,Tax,12,Moderate
32,576378,4,Wealth,8,Aggressive
62,7418719,4,Tax,35,Aggressive
22,2373629,1,Wealth,0,Moderate
36,438828,4,Retirement,7,Moderate
37,1269731,2,Income,12,Conservative
53,973992,4,Education,29,Aggressive
27,506908,5,Tax,4,Aggressive
25,3467615,3,Tax,0,Moderate
28,700549,5,Tax,0,Aggressive
29,2125541,1,Tax,1,Moderate
21,508367,4,Wealth,0,Aggressive
34,1740870,2,Retirement,11,Moderate
64,2053574,1,Wealth,34,Moderate
24,408850,3,Wealth,0,Moderate
31,640563,4,Income,10,Moderate
33,758774,3,Retirement,4,Moderate
33,2530789,1,Wealth,6,Moderate
59,2390849,2,Wealth,35,Moderate
38,611065,3,Tax,16,Moderate
50,616232,4,Education,27,Moderate
29,957054,5,Income,2,Moderate
32,300000,5,Retirement,11,Moderate
40,1964015,3,Wealth,16,Aggressive
27,440579,2,Wealth,0,Moderate
40,862968,1,Tax,11,Conservative
52,2150017,4,Income,28,Moderate
33,1100958,3,Retirement,6,Moderate
21,610254,4,Tax,0,Moderate
26,393994,2,Tax,4,Moderate
32,775735,5,Income,10,Moderate
54,658344,1,Tax,27,Conservative
43,5062166,5,Income,19,Aggressive
26,458758,1,Wealth,0,Conservative
40,555493,5,Tax,14,Aggressive
57,399670,3,Retirement,35,Moderate
45,672346,2,Education,16,Moderate
59,1161756,5,Wealth,29,Aggressive
29,415648,2,Tax,5,Moderate
51,1031968,5,Education,30,Aggressive
27,345037,4,Tax,0,Moderate
30,1548313,5,Tax,6,Aggressive
52,585344,1,Income,24,Conservative
23,641237,4,Wealth,2,Aggressive
43,2158340,3,Wealth,15,Aggressive
40,593964,3,Education,14,Moderate
34,1064492,3,Wealth,4,Aggressive
57,1321494,2,Retirement,34,Moderate
45,2004247,3,Wealth,22,Aggressive
24,1014371,5,Retirement,0,Aggressive
35,645721,4,Education,7,Moderate
23,559378,1,Wealth,0,Moderate
36,1004886,3,Tax,14,Moderate
36,473876,1,Wealth,7,Moderate
41,1176633,2,Wealth,13,Moderate
31,927956,2,Tax,1,Conservative
41,356180,1,Wealth,15,Moderate
46,341130,5,Tax,21,Moderate
56,854180,1,Education,34,Conservative
25,659318,4,Income,0,Moderate
34,1426871,3,Income,10,Moderate
40,424163,5,Wealth,14,Aggressive
46,1345369,1,Wealth,25,Moderate
46,1372392,4,Tax,17,Aggressive
34,352394,1,Tax,13,Conservative
34,689729,3,Wealth,12,Moderate
52,2097753,2,Retirement,26,Moderate
50,1067117,1,Tax,28,Conservative
50,752369,4,Retirement,26,Aggressive
38,1469947,1,Retirement,9,Moderate
28,571513,3,Wealth,0,Aggressive
51,640823,4,Retirement,25,Moderate
53,907068,2,Education,25,Moderate
60,2179615,3,Wealth,38,Aggressive
22,423126,1,Tax,0,Conservative
54,1120720,5,Retirement,28,Aggressive
33,609427,1,Tax,12,Conservative
29,1923893,2,Tax,1,Moderate
51,1377788,1,Education,27,Moderate
45,764111,5,Tax,17,Aggressive
32,1224355,2,Education,7,Moderate
57,538496,2,Wealth,35,Moderate
51,517319,1,Retirement,24,Conservative
37,4715381,3,Tax,15,Moderate
61,620968,2,Retirement,35,Conservative
43,913115,4,Education,17,Aggressive
31,612407,2,Wealth,5,Moderate
23,327870,4,Retirement,0,Moderate
41,394571,3,Income,11,Conservative
29,1021626,5,Tax,4,Aggressive
30,300141,4,Tax,3,Moderate
35,489951,4,Retirement,8,Moderate
42,1272576,5,Wealth,19,Aggressive
27,944594,2,Retirement,5,Moderate
54,603989,4,Wealth,27,Aggressive
35,591065,4,Tax,10,Moderate
40,392060,5,Tax,15,Moderate
36,3837986,2,Wealth,14,Aggressive
55,405157,1,Retirement,27,Conservative
27,1635395,4,Retirement,3,Aggressive
37,300000,3,Wealth,11,Moderate
25,1487683,5,Education,0,Aggressive
33,1597717,4,Retirement,11,Aggressive
34,419752,2,Income,11,Conservative
33,523256,3,Wealth,3,Moderate
51,1702496,1,Tax,25,Moderate
42,362504,3,Wealth,14,Moderate
37,1094467,4,Wealth,11,Aggressive
44,501842,3,Wealth,15,Aggressive
41,1514251,1,Tax,16,Moderate
30,2969007,2,Education,2,Moderate
52,398613,1,Income,25,Conservative
40,1217408,1,Retirement,11,Conservative
47,1598842,5,Tax,22,Aggressive
29,300000,5,Retirement,6,Aggressive
57,1628363,1,Wealth,34,Moderate
26,1030248,3,Tax,0,Moderate
51,1262742,3,Retirement,27,Moderate
53,300000,1,Retirement,23,Conservative
37,1356919,3,Wealth,14,Moderate
37,709250,2,Wealth,15,Moderate
21,363191,3,Retirement,0,Moderate
27,1317003,3,Retirement,0,Moderate
43,1422332,1,Retirement,13,Moderate
30,763952,3,Retirement,9,Aggressive
57,1039243,3,Tax,29,Moderate
30,719834,5,Wealth,6,Aggressive
48,307834,5,Education,24,Moderate
40,728686,3,Retirement,12,Moderate
60,1867092,3,Wealth,31,Moderate
25,1885784,1,Wealth,1,Moderate
27,452329,2,Retirement,1,Moderate
46,953258,5,Tax,21,Aggressive
54,850602,4,Tax,27,Moderate
28,1139350,3,Tax,6,Moderate
23,836060,4,Retirement,2,Moderate
49,1336458,1,Retirement,25,Moderate
26,603379,4,Retirement,0,Moderate
30,1745133,2,Education,6,Moderate
29,555821,2,Education,0,Moderate
51,922417,1,Income,24,Conservative
51,1284611,5,Wealth,29,Aggressive
55,938581,3,Education,27,Moderate
59,300000,4,Tax,35,Moderate
31,993888,1,Retirement,7,Conservative
33,1306107,2,Retirement,7,Moderate
33,993080,2,Retirement,12,Moderate
34,1557988,1,Retirement,5,Moderate
30,1830916,1,Retirement,9,Moderate
28,495659,1,Income,5,Conservative
60,300000,4,Retirement,34,Moderate
45,348115,2,Wealth,16,Moderate
50,847401,1,Wealth,21,Moderate
55,1238049,3,Wealth,30,Aggressive
27,738640,1,Retirement,0,Conservative
61,306179,1,Wealth,39,Conservative
34,992329,4,Retirement,9,Moderate
50,812555,5,Education,22,Aggressive
37,902232,2,Education,9,Conservative
44,2861185,1,Wealth,19,Moderate
27,1429533,4,Wealth,0,Aggressive
34,733977,5,Wealth,9,Aggressive
36,318607,5,Wealth,11,Aggressive
39,2066499,5,Retirement,17,Aggressive
48,300000,1,Tax,20,Conservative
42,661906,1,Wealth,19,Conservative
37,347986,4,Wealth,8,Moderate
38,605850,2,Wealth,9,Moderate
50,756565,4,Tax,27,Moderate
55,320999,5,Wealth,34,Aggressive
62,300000,3,Retirement,40,Conservative
59,409893,2,Retirement,34,Conservative
28,312498,4,Retirement,7,Aggressive
38,412573,2,Tax,10,Moderate
34,661340,3,Retirement,11,Moderate
59,2338687,5,Wealth,36,Aggressive
31,530084,4,Retirement,1,Aggressive
53,556219,2,Income,24,Conservative
24,749221,2,Retirement,0,Moderate
36,1281217,1,Education,11,Moderate
36,1194256,5,Tax,10,Aggressive
37,300000,4,Income,7,Moderate
59,387945,5,Tax,31,Moderate
27,1750495,1,Retirement,0,Moderate
25,559650,3,Income,3,Moderate
28,1581967,5,Tax,3,Aggressive
53,1331814,1,Wealth,25,Moderate
30,300000,3,Wealth,3,Aggressive
52,300000,5,Retirement,28,Moderate
50,638415,3,Retirement,29,Moderate
45,1066993,4,Wealth,17,Aggressive
35,668506,2,Tax,14,Moderate
25,703285,3,Wealth,4,Aggressive
43,825981,2,Income,21,Moderate
31,751183,4,Retirement,7,Aggressive
53,787878,3,Tax,31,Moderate
23,300000,2,Income,2,Conservative
47,648166,3,Wealth,23,Moderate
27,644039,1,Retirement,1,Moderate
50,381832,3,Wealth,28,Moderate
41,471533,3,Wealth,15,Moderate
35,300000,5,Wealth,6,Aggressive
30,1056160,5,Education,1,Aggressive
58,359727,4,Wealth,36,Moderate
51,740758,4,Tax,27,Moderate
54,571750,4,Wealth,29,Aggressive
49,708123,2,Tax,25,Conservative
29,1524557,4,Retirement,0,Aggressive
26,482429,4,Wealth,2,Aggressive
36,751611,5,Tax,7,Moderate
29,1260027,3,Wealth,0,Aggressive
48,897920,4,Wealth,19,Aggressive
55,462331,4,Tax,32,Moderate
31,300000,3,Retirement,8,Moderate
52,448697,5,Retirement,22,Aggressive
25,915269,5,Wealth,1,Aggressive
49,780651,3,Retirement,20,Moderate
53,1259587,5,Retirement,26,Aggressive
38,639147,5,Tax,17,Aggressive
43,468737,1,Retirement,17,Conservative
25,300000,2,Income,0,Conservative
51,345155,3,Wealth,21,Moderate
54,387184,2,Tax,31,Conservative
39,2017301,3,Wealth,9,Aggressive
48,352417,1,Income,19,Conservative
41,355323,3,Retirement,15,Moderate
43,489790,3,Tax,15,Conservative
64,1660273,3,Income,40,Conservative
46,1121561,1,Wealth,18,Moderate
63,673978,5,Income,40,Moderate
26,300000,4,Wealth,2,Aggressive
39,735153,2,Retirement,15,Conservative
32,1316424,2,Retirement,4,Moderate
59,1909879,2,Retirement,37,Moderate
56,300000,4,Tax,27,Moderate
21,417382,5,Income,0,Moderate
51,766394,1,Wealth,27,Moderate
39,1715843,3,Wealth,15,Moderate
52,300000,3,Wealth,24,Moderate
35,330804,5,Tax,7,Moderate
42,514578,1,Retirement,13,Conservative
56,300000,3,Wealth,26,Moderate
50,300000,1,Retirement,27,Conservative
31,3140803,5,Education,7,Aggressive
39,596495,5,Retirement,15,Aggressive
50,450666,5,Income,23,Moderate
33,310340,3,Wealth,9,Moderate
54,693132,1,Income,25,Conservative
44,484002,2,Retirement,19,Conservative
29,1233334,2,Retirement,2,Moderate
37,335054,3,Wealth,16,Moderate
26,701436,4,Retirement,0,Moderate
38,680604,4,Retirement,16,Moderate
38,1033387,5,Wealth,14,Aggressive
24,624883,1,Wealth,0,Moderate
52,1062056,2,Income,25,Conservative
33,873386,5,Wealth,4,Aggressive
44,1293819,3,Retirement,17,Aggressive
34,1072634,4,Tax,9,Moderate
42,623524,3,Education,21,Moderate
54,2264580,1,Tax,24,Moderate
28,496098,1,Wealth,5,Moderate
51,2077560,1,Tax,24,Moderate
35,1519191,4,Tax,8,Moderate
36,1145005,4,Retirement,9,Moderate
31,711422,5,Retirement,5,Aggressive
54,464119,3,Retirement,24,Moderate
48,871675,2,Education,19,Conservative
49,865721,2,Income,20,Conservative
48,708067,2,Wealth,22,Moderate
29,1111089,4,Wealth,0,Aggressive
33,1432627,5,Tax,5,Aggressive
33,424540,1,Retirement,10,Conservative
29,479003,1,Tax,2,Conservative
26,313157,5,Education,4,Aggressive
32,988607,4,Education,7,Moderate
27,2282987,2,Income,0,Conservative
37,303163,3,Wealth,11,Moderate
31,448397,4,Income,5,Moderate
30,300000,2,Income,8,Conservative
41,527429,1,Wealth,13,Moderate
27,300000,5,Retirement,0,Aggressive
30,1728327,5,Wealth,7,Aggressive
53,1291055,2,Income,31,Conservative
49,916912,4,Wealth,28,Aggressive
53,1512688,2,Tax,28,Conservative
21,1457632,4,Retirement,0,Aggressive
35,770086,1,Education,11,Conservative
29,313577,5,Retirement,1,Aggressive
42,474287,4,Wealth,13,Moderate
27,758070,1,Income,1,Conservative
38,467857,3,Tax,15,Conservative
31,2703317,2,Tax,7,Moderate
34,899833,4,Tax,5,Moderate
22,866547,2,Income,0,Moderate
22,1564334,2,Tax,0,Moderate
39,978562,5,Wealth,18,Aggressive
50,669639,2,Education,23,Moderate
24,2326097,3,Wealth,0,Aggressive
33,1092584,5,Retirement,4,Aggressive
31,570499,2,Retirement,5,Conservative
56,913299,3,Wealth,28,Moderate
38,556285,4,Wealth,11,Aggressive
37,453953,1,Wealth,16,Conservative
59,1401228,3,Income,32,Moderate
51,567555,4,Tax,28,Moderate
48,471133,4,Wealth,20,Moderate
53,914971,4,Tax,23,Moderate
59,1679731,1,Retirement,33,Moderate
46,300000,2,Wealth,16,Moderate
28,485534,2,Retirement,3,Moderate
29,300000,2,Retirement,7,Moderate
32,300000,3,Tax,9,Conservative
33,833551,1,Education,12,Conservative
21,320426,5,Tax,0,Moderate
50,1377691,1,Retirement,26,Conservative
43,347855,5,Tax,18,Aggressive
24,1216107,4,Tax,0,Aggressive
34,987086,2,Wealth,12,Moderate
30,418920,5,Wealth,3,Aggressive
43,566581,2,Retirement,13,Moderate
60,910296,1,Tax,32,Conservative
33,1168532,2,Retirement,6,Moderate
50,2093603,2,Wealth,23,Moderate
32,936714,3,Tax,11,Moderate
55,780754,5,Tax,25,Moderate
24,819431,3,Tax,0,Moderate
29,674193,1,Retirement,1,Conservative
31,580883,4,Retirement,7,Moderate
59,419409,4,Wealth,38,Aggressive
55,1056211,2,Wealth,28,Moderate
26,447226,4,Retirement,0,Moderate
34,909339,3,Tax,8,Moderate
36,786710,2,Tax,7,Conservative
53,1263417,2,Education,27,Moderate
29,951354,5,Wealth,7,Aggressive
32,468374,2,Wealth,8,Moderate
34,370808,4,Tax,5,Moderate
31,1667469,5,Retirement,1,Aggressive
60,600290,3,Tax,38,Moderate
38,2143923,4,Retirement,12,Aggressive
56,300000,4,Retirement,33,Moderate
35,915107,4,Tax,10,Moderate
32,1467282,3,Retirement,4,Moderate
26,856886,5,Wealth,4,Aggressive
30,935063,5,Wealth,1,Aggressive
39,1203222,4,Wealth,13,Aggressive
57,1438170,2,Wealth,28,Moderate
56,1229906,2,Tax,33,Moderate
41,1905248,4,Tax,19,Aggressive
30,579012,2,Tax,9,Moderate
60,2596188,3,Wealth,31,Aggressive
31,391002,5,Income,4,Moderate
44,1576344,3,Wealth,22,Aggressive
27,1062499,4,Income,5,Moderate
41,3869970,2,Wealth,19,Aggressive
50,993533,4,Wealth,29,Aggressive
32,1303942,3,Retirement,8,Moderate
48,300000,5,Retirement,23,Moderate
40,1466013,1,Income,10,Conservative
36,981924,4,Tax,10,Aggressive
65,1349835,4,Income,40,Moderate
31,413728,4,Income,5,Moderate
60,568544,4,Retirement,37,Moderate
44,915310,5,Income,23,Aggressive
32,766950,5,Tax,4,Moderate
49,975681,3,Wealth,19,Moderate
55,905066,1,Wealth,30,Moderate
54,569556,4,Wealth,29,Aggressive
45,681923,3,Retirement,18,Moderate
21,477916,5,Wealth,0,Aggressive
46,5553977,2,Education,19,Moderate
23,1022544,5,Income,0,Aggressive
23,2756034,5,Tax,0,Aggressive
47,389168,2,Income,21,Conservative
35,757731,2,Income,14,Conservative
49,589905,3,Wealth,26,Moderate
36,1063584,1,Wealth,7,Moderate
59,929963,1,Tax,37,Conservative
46,363748,5,Wealth,19,Aggressive
57,1124771,2,Tax,31,Moderate
27,972172,5,Tax,1,Aggressive
33,990735,1,Income,10,Conservative
56,1806019,1,Wealth,30,Moderate
39,1565046,4,Income,14,Moderate
37,2514576,1,Wealth,10,Moderate
59,1021980,4,Income,38,Moderate
36,1528425,5,Wealth,15,Aggressive
34,705571,3,Wealth,5,Moderate
26,922097,1,Tax,2,Conservative
48,1210693,4,Income,27,Moderate
35,570359,3,Retirement,6,Moderate
26,841726,3,Wealth,3,Moderate
45,328730,5,Income,18,Moderate
27,1912204,2,Retirement,0,Moderate
21,1951485,3,Retirement,0,Moderate
25,344769,5,Wealth,1,Aggressive
51,1812842,2,Wealth,24,Moderate
38,1587385,3,Tax,8,Moderate
30,1008469,5,Retirement,4,Aggressive
29,1010195,5,Wealth,8,Aggressive
23,1203555,4,Education,0,Aggressive
37,321322,5,Wealth,16,Aggressive
44,4044421,3,Wealth,14,Aggressive
44,300000,3,Education,15,Moderate
59,300000,1,Wealth,35,Conservative
22,1694701,3,Wealth,0,Aggressive
46,1532452,2,Retirement,18,Moderate
29,2657428,1,Wealth,2,Moderate
28,867287,5,Income,1,Moderate
42,422476,1,Wealth,16,Moderate
53,843791,2,Income,25,Conservative
46,1463792,1,Retirement,16,Moderate
48,495647,2,Income,22,Conservative
42,382082,5,Tax,13,Moderate
29,824212,1,Tax,8,Conservative
55,486226,3,Retirement,25,Moderate
22,713699,3,Retirement,0,Moderate
30,523134,2,Retirement,1,Conservative
30,1211996,2,Tax,5,Moderate
46,588380,2,Retirement,19,Moderate
35,560978,5,Wealth,8,Aggressive
36,1320656,2,Income,12,Moderate
37,370577,3,Retirement,7,Moderate
30,427552,3,Retirement,7,Moderate
32,1021857,2,Wealth,3,Moderate
28,436922,4,Retirement,3,Moderate
27,2003961,2,Income,2,Moderate
45,385652,4,Tax,20,Moderate
25,741489,1,Wealth,4,Moderate
61,439097,1,Retirement,33,Conservative
35,2244458,3,Education,8,Moderate
25,384842,1,Wealth,3,Moderate
49,3086015,1,Income,24,Conservative
32,854505,1,Retirement,10,Conservative
27,708424,5,Retirement,4,Aggressive
21,300000,5,Education,0,Aggressive
25,2587475,2,Tax,0,Moderate
49,1150279,4,Wealth,23,Aggressive
28,343414,3,Wealth,4,Moderate
42,559705,5,Income,16,Aggressive
28,300000,5,Retirement,4,Aggressive
49,467649,3,Wealth,28,Moderate
21,744105,5,Retirement,0,Aggressive
39,2535195,3,Retirement,14,Moderate
33,4612143,2,Tax,10,Moderate
49,1170827,2,Wealth,25,Moderate
39,300000,1,Retirement,10,Conservative
39,4116699,3,Wealth,15,Aggressive
52,300000,3,Wealth,23,Moderate
29,1470685,2,Tax,2,Moderate
36,844131,5,Retirement,15,Moderate
54,1910820,3,Retirement,27,Moderate
25,475044,3,Wealth,0,Moderate
46,1663366,5,Education,16,Aggressive
24,2226293,2,Retirement,0,Moderate
28,1074179,3,Retirement,1,Moderate
26,813528,3,Education,5,Moderate
29,1646757,5,Tax,0,Aggressive
38,2062666,1,Retirement,11,Moderate
55,581856,5,Retirement,29,Aggressive
27,516950,5,Retirement,0,Aggressive
50,513312,1,Retirement,22,Conservative
22,300000,3,Tax,1,Moderate
63,1549336,1,Education,36,Conservative
44,802484,4,Tax,16,Aggressive
50,660709,1,Tax,24,Conservative
33,590955,2,Wealth,11,Moderate
32,1095106,3,Wealth,8,Aggressive
41,506880,4,Wealth,15,Aggressive
41,1510979,4,Wealth,18,Aggressive
29,618898,1,Income,1,Conservative
31,361001,4,Income,5,Moderate
43,1231145,3,Tax,22,Moderate
40,438720,3,Wealth,18,Moderate
45,767215,5,Retirement,20,Aggressive
37,1551342,5,Retirement,8,Aggressive
31,833972,2,Tax,10,Conservative
30,869606,1,Tax,7,Conservative
41,593038,4,Wealth,19,Aggressive
59,906897,5,Wealth,31,Aggressive
29,520879,3,Wealth,6,Moderate
32,1165949,4,Retirement,8,Aggressive
56,637249,1,Retirement,34,Moderate
52,706523,4,Wealth,26,Aggressive
43,398392,4,Wealth,16,Aggressive
49,1157868,2,Retirement,20,Moderate
30,551024,1,Wealth,9,Moderate
39,374979,4,Retirement,17,Moderate
41,560772,3,Wealth,19,Aggressive
36,1425591,3,Wealth,11,Moderate
37,1209824,2,Wealth,14,Moderate
62,300000,5,Retirement,36,Moderate
26,495811,1,Wealth,0,Moderate
34,2206679,4,Wealth,7,Aggressive
52,1941446,2,Wealth,28,Aggressive
55,335251,3,Income,29,Conservative
31,1511976,4,Income,7,Moderate
42,300000,3,Income,13,Conservative
41,448781,4,Retirement,14,Moderate
37,380941,1,Income,10,Conservative
52,1351381,3,Education,31,Moderate
34,825158,2,Education,10,Conservative
55,1149539,2,Wealth,29,Moderate
25,300000,2,Income,0,Conservative
34,1496378,2,Wealth,6,Moderate
59,2533510,5,Retirement,30,Aggressive
29,954001,4,Tax,6,Aggressive
28,3238301,4,Tax,4,Aggressive
39,1482926,4,Income,18,Moderate
30,2855747,5,Education,2,Aggressive
35,686305,2,Tax,14,Conservative
43,1008962,1,Wealth,18,Moderate
46,501397,2,Retirement,17,Moderate
31,300000,5,Wealth,6,Aggressive
55,456329,1,Income,28,Conservative
44,983905,5,Retirement,17,Aggressive
40,333763,3,Income,15,Moderate
44,872840,4,Education,21,Moderate
39,300000,4,Wealth,9,Aggressive
26,639579,5,Wealth,0,Aggressive
40,967294,1,Wealth,17,Moderate
28,492206,3,Tax,1,Moderate
38,647399,3,Income,10,Moderate
40,795022,2,Tax,14,Moderate
24,613963,2,Income,0,Conservative
21,984548,1,Education,0,Moderate
59,300000,2,Wealth,37,Moderate
31,351357,4,Wealth,4,Moderate
44,393142,5,Wealth,21,Aggressive
31,694935,4,Income,8,Moderate
39,2856997,3,Tax,18,Aggressive
30,1209110,3,Wealth,0,Moderate
30,300000,5,Wealth,6,Aggressive
37,932987,1,Education,12,Conservative
46,548041,3,Retirement,16,Moderate
53,586329,1,Tax,23,Conservative
31,484216,4,Wealth,2,Moderate
40,662565,2,Retirement,17,Moderate
56,300000,5,Income,31,Moderate
56,740103,2,Income,29,Conservative
32,1005355,1,Retirement,6,Conservative
25,459781,1,Retirement,4,Conservative
21,556412,4,Tax,0,Moderate
26,349292,4,Retirement,5,Moderate
44,606732,1,Wealth,17,Moderate
28,858105,4,Wealth,3,Aggressive
48,706031,5,Wealth,27,Aggressive
33,1274193,3,Education,10,Moderate
64,1572204,5,Income,40,Moderate
49,533254,1,Wealth,23,Conservative
59,685033,3,Income,33,Moderate
25,372192,1,Tax,0,Conservative
39,574988,5,Education,9,Aggressive
38,835792,1,Wealth,8,Moderate
50,1366251,4,Retirement,22,Moderate
35,752296,1,Tax,13,Conservative
27,1000100,5,Income,3,Aggressive
59,316070,4,Income,36,Moderate
58,956082,3,Wealth,37,Moderate
45,438685,5,Tax,15,Moderate
70,2418408,2,Income,40,Moderate
40,2871475,2,Retirement,18,Moderate
25,2373139,5,Retirement,0,Aggressive
40,423103,5,Retirement,17,Aggressive
38,1276299,2,Wealth,8,Moderate
33,300000,2,Income,4,Conservative
31,1705119,2,Retirement,6,Moderate
41,786208,5,Wealth,16,Aggressive
22,300000,4,Income,0,Moderate
65,1227925,1,Income,37,Conservative
50,632686,1,Retirement,24,Conservative
32,630862,4,Tax,6,Moderate
40,1165712,1,Wealth,14,Moderate
22,1620886,4,Education,0,Moderate
30,971727,4,Wealth,8,Aggressive
35,300000,1,Income,13,Conservative
24,970226,1,Education,0,Conservative
29,389644,1,Wealth,7,Moderate
60,1126525,3,Income,37,Moderate
41,1009460,1,Income,11,Conservative
34,641312,5,Education,9,Moderate
32,726030,5,Tax,11,Moderate
39,300000,3,Tax,12,Conservative
31,2380295,5,Wealth,4,Aggressive
37,961659,1,Retirement,11,Conservative
32,913346,3,Retirement,8,Moderate
28,943693,2,Wealth,3,Moderate
28,300000,2,Wealth,6,Moderate
24,1510301,4,Tax,0,Aggressive
30,571880,1,Wealth,5,Moderate
49,821921,4,Wealth,24,Aggressive
32,497218,2,Tax,5,Conservative
26,321036,5,Income,5,Moderate
37,516959,3,Wealth,8,Moderate
58,661457,2,Income,36,Conservative
35,748867,4,Tax,14,Moderate
33,530990,5,Tax,6,Aggressive
33,701015,3,Wealth,5,Moderate
28,610558,5,Education,2,Aggressive
28,300000,2,Wealth,6,Moderate
32,737462,5,Tax,8,Aggressive
51,737232,5,Tax,23,Aggressive
50,463465,4,Education,20,Moderate
49,1446844,5,Education,25,Aggressive
41,749746,3,Wealth,17,Moderate
50,991053,2,Wealth,29,Moderate
27,413173,1,Retirement,5,Conservative
27,471332,5,Education,0,Moderate
53,623390,2,Tax,30,Conservative
48,324019,5,Income,18,Moderate
28,300000,5,Wealth,2,Aggressive
28,1970663,4,Wealth,3,Aggressive
36,509433,2,Wealth,13,Moderate
51,690468,3,Wealth,28,Moderate
46,936174,1,Income,23,Conservative
34,660215,5,Income,4,Moderate
29,347419,2,Income,1,Conservative
39,1590318,2,Retirement,9,Moderate
52,550016,5,Retirement,23,Moderate
56,1200993,1,Wealth,26,Moderate
32,2139181,5,Retirement,11,Aggressive
51,321525,1,Wealth,30,Moderate
33,1416292,2,Tax,8,Conservative
52,863346,5,Wealth,27,Aggressive
31,425687,2,Retirement,8,Moderate
48,1084533,5,Education,19,Aggressive
34,866935,5,Education,5,Aggressive
34,525331,3,Tax,7,Moderate
28,3055427,4,Wealth,0,Aggressive
40,1053527,5,Wealth,13,Aggressive
56,374919,5,Wealth,34,Aggressive
58,1015165,2,Retirement,34,Moderate
27,709525,1,Retirement,4,Moderate
31,364594,2,Wealth,7,Moderate
27,684644,4,Income,0,Moderate
49,1057232,5,Tax,20,Aggressive
35,421085,2,Retirement,8,Conservative
39,303037,1,Income,10,Conservative
24,307801,4,Retirement,2,Moderate
30,318984,4,Income,9,Moderate
33,1171660,5,Retirement,9,Aggressive
31,1073050,4,Tax,7,Aggressive
42,423003,1,Wealth,12,Conservative
57,693075,2,Wealth,27,Moderate
55,321675,4,Tax,26,Moderate
39,512211,3,Retirement,18,Moderate
45,506684,2,Wealth,21,Moderate
65,993811,1,Wealth,40,Conservative
39,1838716,1,Tax,15,Conservative
38,374856,5,Tax,11,Moderate
57,451332,4,Tax,35,Moderate
29,975915,5,Tax,3,Aggressive
39,300000,4,Education,17,Moderate
42,424939,2,Education,19,Moderate
33,1468212,5,Retirement,8,Aggressive
30,1898143,5,Tax,6,Aggressive
29,420115,5,Tax,5,Aggressive
57,452035,5,Wealth,28,Aggressive
59,1288497,3,Tax,33,Moderate
27,1576801,3,Income,5,Moderate
59,651072,5,Wealth,30,Aggressive
39,491513,4,Retirement,11,Moderate
39,1146360,5,Wealth,10,Aggressive
29,1006810,3,Education,4,Aggressive
36,764088,3,Wealth,9,Moderate
26,2834241,5,Tax,0,Aggressive
23,932350,5,Tax,0,Aggressive
36,353456,4,Wealth,9,Aggressive
60,1052120,3,Tax,32,Moderate
27,485560,5,Wealth,5,Aggressive
57,696878,1,Tax,33,Conservative
34,1341666,5,Wealth,7,Aggressive
33,1434413,3,Retirement,6,Moderate
29,300000,1,Wealth,4,Conservative
31,526640,1,Tax,10,Conservative
52,550381,1,Tax,26,Conservative
34,782165,4,Retirement,13,Aggressive
35,423590,5,Wealth,9,Aggressive
52,641640,1,Tax,29,Conservative
45,742264,4,Wealth,19,Aggressive
31,300000,3,Retirement,9,Moderate
55,696525,1,Education,33,Moderate
49,1552072,5,Income,19,Moderate
45,330687,1,Wealth,15,Conservative
32,870647,3,Wealth,6,Moderate
44,836158,3,Retirement,17,Moderate
33,300000,1,Wealth,9,Moderate
36,619245,5,Retirement,15,Aggressive
46,746262,4,Retirement,22,Moderate
33,1904526,1,Education,8,Moderate
50,615025,3,Wealth,29,Moderate
52,1034105,4,Income,25,Moderate
32,484965,5,Education,2,Moderate
35,981786,1,Tax,7,Conservative
30,1468890,3,Retirement,1,Moderate
29,300000,4,Wealth,5,Aggressive
62,878752,2,Tax,32,Conservative
32,1158209,4,Tax,4,Moderate
55,726490,3,Tax,25,Moderate
35,944346,3,Wealth,8,Moderate
37,1354691,2,Tax,16,Moderate
43,307024,2,Wealth,19,Moderate
50,1048807,2,Wealth,25,Moderate
33,1837220,5,Retirement,3,Aggressive
36,592973,3,Tax,13,Moderate
35,514357,1,Retirement,13,Conservative
37,513267,5,Tax,9,Aggressive
42,986424,3,Tax,19,Moderate
51,2169971,4,Tax,21,Aggressive
54,3435408,2,Wealth,26,Moderate
36,2418578,4,Tax,10,Aggressive
36,632791,1,Tax,9,Conservative
59,441446,5,Wealth,30,Aggressive
57,300000,4,Education,29,Moderate
39,1101604,1,Wealth,12,Moderate
41,6303037,4,Tax,17,Aggressive
28,931366,3,Tax,3,Moderate
70,1024611,4,Wealth,40,Aggressive
53,782145,2,Retirement,24,Moderate
28,1189769,2,Income,7,Moderate
33,521565,3,Income,3,Conservative
33,1011856,5,Retirement,7,Aggressive
45,653674,2,Retirement,24,Moderate
23,1125826,4,Wealth,0,Aggressive
53,799300,2,Retirement,23,Moderate
43,1159537,3,Tax,19,Moderate
23,425823,5,Retirement,0,Moderate
55,1728736,3,Tax,28,Moderate
43,1592245,4,Income,14,Moderate
59,653971,2,Wealth,35,Moderate
31,543199,4,Tax,6,Moderate
34,332898,2,Retirement,13,Conservative
56,356716,2,Wealth,32,Moderate
22,612808,1,Wealth,0,Moderate
29,897887,3,Wealth,0,Aggressive
26,928167,1,Income,0,Conservative
63,2730577,4,Tax,40,Moderate
31,563364,4,Income,8,Moderate
55,525541,5,Tax,29,Aggressive
43,755217,2,Retirement,22,Moderate
37,424537,1,Retirement,14,Conservative
32,2351357,5,Wealth,6,Aggressive
29,2827555,1,Income,5,Moderate
37,1403624,4,Retirement,15,Aggressive
28,1546535,5,Wealth,6,Aggressive
27,719850,3,Tax,2,Moderate
44,1291071,5,Wealth,21,Aggressive
23,1931540,2,Wealth,0,Aggressive
27,643655,4,Tax,5,Aggressive
29,2197751,3,Retirement,7,Aggressive
45,792812,4,Wealth,19,Aggressive
30,752547,2,Tax,8,Moderate
45,436221,4,Income,24,Moderate
26,940810,3,Retirement,0,Moderate
34,1765676,5,Wealth,13,Aggressive
32,300000,5,Wealth,8,Aggressive
56,1025029,5,Income,33,Moderate
41,1339914,3,Retirement,14,Moderate
50,876274,5,Income,29,Moderate
30,300000,1,Tax,6,Conservative
55,311360,1,Retirement,29,Conservative
53,762243,5,Tax,24,Moderate
49,300000,2,Wealth,22,Moderate
39,5281138,3,Wealth,17,Aggressive
30,1999522,2,Wealth,1,Moderate
46,390175,4,Income,17,Moderate
57,1485587,2,Tax,34,Moderate
45,1288548,2,Education,22,Moderate
21,625443,2,Tax,0,Moderate
42,1604046,5,Retirement,19,Aggressive
54,300000,4,Education,28,Moderate
37,634583,4,Retirement,8,Moderate
33,559150,5,Education,8,Aggressive
31,2836924,1,Wealth,10,Moderate
54,411569,1,Retirement,25,Conservative
45,1302427,4,Retirement,16,Aggressive
22,498198,3,Wealth,1,Moderate
54,1696240,5,Tax,31,Aggressive
55,595928,2,Income,31,Conservative
27,344521,3,Income,0,Conservative
54,789407,1,Tax,31,Conservative
24,1455255,4,Wealth,0,Aggressive
45,1162333,1,Retirement,18,Moderate
42,300000,4,Wealth,20,Aggressive
37,300000,5,Retirement,12,Aggressive
38,513814,4,Retirement,14,Moderate
35,404556,3,Income,11,Moderate
37,428722,3,Wealth,16,Moderate
62,583700,3,Tax,37,Conservative
55,1219951,3,Retirement,28,Moderate
34,664410,2,Tax,6,Conservative
32,351739,1,Income,4,Conservative
21,424206,5,Education,0,Aggressive
35,1099807,5,Wealth,6,Aggressive
39,745748,5,Income,15,Moderate
39,489761,1,Wealth,15,Conservative
65,1254253,4,Wealth,38,Aggressive
53,1418230,5,Income,31,Aggressive
25,1377645,5,Education,0,Aggressive
37,751123,2,Retirement,12,Moderate
43,429406,5,Wealth,18,Aggressive
27,688446,5,Income,1,Moderate
36,490495,4,Income,12,Conservative
38,300000,5,Wealth,17,Aggressive
37,683360,5,Education,12,Aggressive
43,300000,1,Tax,16,Conservative
50,484964,2,Retirement,26,Conservative
59,536062,1,Retirement,36,Conservative
32,2376805,5,Wealth,4,Aggressive
51,351509,2,Tax,22,Conservative
32,949101,4,Tax,10,Moderate
29,646264,1,Tax,7,Moderate
37,1112958,4,Retirement,11,Moderate
40,506814,5,Wealth,14,Aggressive
30,300000,5,Income,5,Moderate
30,868861,2,Retirement,9,Moderate
66,815924,4,Tax,36,Moderate
21,919374,5,Wealth,0,Aggressive
46,653475,4,Wealth,24,Aggressive
34,628384,4,Retirement,9,Moderate
58,1415557,2,Wealth,29,Moderate
41,1327433,2,Wealth,11,Moderate
55,459104,5,Wealth,33,Aggressive
41,726597,5,Wealth,16,Aggressive
26,347559,4,Wealth,4,Aggressive
49,1199656,1,Education,23,Moderate
46,1114007,5,Wealth,17,Aggressive
36,2171674,4,Retirement,14,Aggressive
30,1350222,4,Income,4,Aggressive
52,913519,3,Wealth,22,Moderate
54,4904074,3,Tax,27,Aggressive
31,1028016,1,Retirement,9,Conservative
62,1189466,2,Wealth,38,Moderate
62,300000,1,Wealth,40,Conservative
59,1423374,1,Income,35,Conservative
34,4375968,5,Wealth,5,Aggressive
30,985173,4,Retirement,1,Moderate
32,1395473,1,Retirement,9,Moderate
32,1752372,2,Income,4,Conservative
44,2846209,4,Wealth,23,Aggressive
33,1234951,5,Education,7,Aggressive
32,300000,3,Wealth,3,Moderate
34,946275,1,Wealth,10,Moderate
21,1388731,4,Retirement,0,Aggressive
34,1313660,3,Wealth,13,Aggressive
39,724555,5,Wealth,17,Aggressive
33,623228,2,Education,5,Conservative
39,625950,5,Tax,10,Moderate
23,726206,2,Wealth,0,Moderate
31,883639,2,Retirement,5,Conservative
27,1178285,2,Retirement,4,Aggressive
31,1048775,5,Wealth,3,Aggressive
22,595813,1,Income,0,Conservative
56,350758,3,Income,30,Moderate
24,1050539,4,Retirement,0,Aggressive
37,658257,1,Tax,7,Conservative
40,2483416,1,Retirement,14,Moderate
21,1526500,4,Income,0,Moderate
56,1023385,4,Retirement,30,Moderate
37,475020,3,Wealth,15,Moderate
31,313050,1,Wealth,2,Conservative
53,807476,3,Tax,26,Moderate
27,892940,1,Education,5,Moderate
23,300000,4,Income,2,Moderate
62,1122967,2,Income,36,Conservative
29,834466,3,Retirement,7,Moderate
35,300000,3,Wealth,10,Moderate
37,442807,2,Wealth,7,Moderate
41,463858,1,Retirement,15,Conservative
31,343144,2,Tax,3,Conservative
50,1057316,2,Wealth,26,Moderate
50,2818643,5,Wealth,27,Aggressive
66,1115151,1,Wealth,40,Moderate
36,1254891,2,Tax,6,Moderate
56,468311,2,Wealth,29,Moderate
36,1151729,5,Tax,12,Aggressive
38,709032,5,Retirement,10,Aggressive
48,806575,5,Education,25,Aggressive
50,528322,4,Education,23,Moderate
23,300000,3,Retirement,0,Moderate
32,1534496,5,Income,11,Moderate
36,902509,1,Retirement,7,Conservative
30,686673,4,Wealth,5,Aggressive
22,2893174,3,Wealth,0,Aggressive
52,401335,4,Tax,29,Moderate
21,1261935,5,Wealth,0,Aggressive
40,3392709,2,Retirement,14,Moderate
54,1080782,2,Wealth,24,Moderate
23,357874,4,Wealth,0,Moderate
39,1598981,3,Tax,9,Moderate
21,550274,3,Wealth,0,Moderate
61,524353,1,Wealth,37,Conservative
55,428572,5,Wealth,34,Aggressive
60,2520230,2,Wealth,39,Moderate
26,607133,3,Wealth,0,Moderate
33,423368,1,Wealth,9,Conservative
24,1929478,4,Income,0,Moderate
38,300000,1,Education,12,Conservative
54,843201,2,Retirement,24,Moderate
47,500793,5,Income,23,Moderate
26,1232274,1,Wealth,0,Moderate
51,599362,4,Tax,21,Aggressive
58,300147,1,Income,37,Conservative
29,891526,4,Tax,5,Moderate
42,584569,1,Tax,15,Conservative
29,1453306,2,Wealth,6,Moderate
47,844839,3,Retirement,17,Conservative
28,3609284,5,Wealth,2,Aggressive
47,545977,4,Wealth,17,Aggressive
27,1831863,2,Wealth,3,Aggressive
37,630853,4,Education,8,Moderate
56,740620,3,Wealth,26,Moderate
32,1368671,4,Retirement,8,Aggressive
47,416978,3,Tax,23,Conservative
27,1852491,3,Retirement,0,Moderate
21,1308985,4,Retirement,0,Aggressive
21,1402699,2,Education,0,Moderate
34,1551968,1,Tax,12,Conservative
60,1208696,2,Tax,36,Conservative
38,1297833,2,Wealth,16,Moderate
59,2025757,2,Tax,37,Moderate
27,809324,4,Retirement,1,Moderate
37,711347,1,Wealth,13,Conservative
33,1131135,1,Income,3,Conservative
34,864618,3,Education,11,Moderate
33,1551687,1,Tax,9,Moderate
45,2974744,2,Income,18,Moderate
21,415790,4,Wealth,0,Moderate
34,863499,1,Tax,11,Conservative
21,382961,3,Retirement,0,Moderate
55,695691,1,Wealth,25,Moderate
48,726474,4,Tax,26,Moderate
29,613600,2,Retirement,7,Moderate
27,1518570,1,Wealth,4,Moderate
33,1036238,4,Wealth,7,Aggressive
58,529777,3,Wealth,32,Aggressive
25,1520560,2,Wealth,0,Moderate
45,744265,3,Tax,18,Moderate
41,555441,5,Retirement,20,Aggressive
35,395192,3,Retirement,8,Moderate
28,300000,3,Retirement,7,Moderate
32,582184,1,Education,9,Conservative
29,839834,1,Wealth,5,Moderate
27,1543187,3,Wealth,1,Aggressive
31,300000,4,Retirement,7,Moderate
43,2972062,5,Education,19,Aggressive
49,470436,1,Tax,23,Conservative
38,615487,2,Income,14,Conservative
33,631181,4,Tax,7,Moderate
26,518141,1,Wealth,0,Moderate
57,651336,2,Wealth,34,Moderate
23,682278,2,Retirement,0,Moderate
28,724693,3,Wealth,2,Moderate
56,2445305,5,Retirement,27,Aggressive
37,481951,1,Wealth,15,Conservative
27,2910076,3,Tax,2,Aggressive
49,1180752,3,Wealth,19,Aggressive
24,300000,5,Tax,0,Moderate
53,450507,4,Retirement,27,Moderate
34,414435,3,Retirement,8,Conservative
47,793635,4,Wealth,20,Aggressive
27,2030378,5,Tax,0,Aggressive
54,1425269,3,Income,29,Moderate
40,395494,1,Income,12,Conservative
22,1887007,4,Wealth,0,Aggressive
53,388433,5,Education,29,Aggressive
35,431744,2,Wealth,14,Moderate
26,1679863,3,Wealth,5,Aggressive
29,1655314,3,Retirement,3,Aggressive
31,1426214,3,Retirement,6,Moderate
29,817527,1,Retirement,6,Moderate
41,764938,1,Retirement,15,Conservative
26,355175,2,Wealth,0,Moderate
53,799168,3,Wealth,28,Moderate
57,503130,5,Tax,33,Moderate
53,711529,1,Wealth,25,Moderate
34,4018724,1,Tax,10,Conservative
43,1010960,2,Tax,15,Moderate
27,370999,5,Tax,1,Aggressive
31,1924651,4,Tax,1,Aggressive
28,2063593,1,Wealth,3,Moderate
27,2200389,5,Retirement,6,Aggressive
28,577442,4,Retirement,6,Aggressive
59,745691,1,Education,32,Conservative
48,333319,1,Wealth,26,Moderate
38,2401289,5,Education,8,Aggressive
42,879306,1,Income,19,Conservative
32,308892,4,Tax,5,Moderate
27,2565327,1,Tax,4,Moderate
40,501328,3,Retirement,11,Moderate
37,611570,4,Wealth,8,Aggressive
66,387468,5,Retirement,39,Moderate
29,346322,5,Wealth,4,Aggressive
27,1058872,1,Retirement,5,Moderate
48,495050,4,Tax,23,Moderate
21,300000,5,Retirement,0,Aggressive
37,1613102,3,Wealth,15,Aggressive
32,1146479,2,Tax,3,Moderate
56,2817846,3,Income,31,Moderate
50,621011,3,Tax,21,Moderate
54,829048,4,Retirement,26,Moderate
29,934811,1,Retirement,0,Moderate
55,888847,5,Tax,29,Moderate
24,961070,1,Wealth,0,Moderate
36,643946,4,Retirement,13,Moderate
27,300000,4,Wealth,4,Aggressive
24,986186,5,Tax,0,Moderate
51,1205694,3,Retirement,22,Moderate
33,636993,4,Wealth,12,Aggressive
35,4594293,5,Wealth,10,Aggressive
24,577225,3,Tax,1,Moderate
31,520309,2,Wealth,6,Moderate
29,1099802,2,Wealth,4,Aggressive
45,950280,4,Tax,19,Moderate
24,300000,5,Wealth,0,Aggressive
40,1408025,2,Wealth,19,Aggressive
33,585692,1,Retirement,5,Conservative
40,1918261,1,Education,15,Conservative
21,1066438,5,Wealth,0,Aggressive
44,683836,1,Income,22,Conservative
21,1967817,4,Retirement,0,Aggressive
43,548980,2,Wealth,18,Moderate
25,316527,2,Income,3,Conservative
51,310510,5,Wealth,24,Aggressive
36,955398,3,Retirement,15,Moderate
44,2882783,2,Tax,17,Aggressive
61,729547,3,Tax,31,Conservative
47,1372211,3,Wealth,24,Moderate
57,1002481,5,Wealth,34,Aggressive
47,603739,3,Income,22,Conservative
64,300000,3,Retirement,35,Moderate
58,905735,5,Retirement,35,Aggressive
43,1415650,5,Retirement,19,Aggressive
31,1108609,5,Wealth,3,Aggressive
32,635549,5,Retirement,6,Aggressive
28,556745,5,Wealth,2,Aggressive
27,517284,1,Wealth,0,Moderate
48,508306,4,Income,21,Moderate
57,831938,2,Education,31,Moderate
21,722401,5,Wealth,0,Aggressive
42,1148590,3,Wealth,19,Aggressive
46,408761,2,Education,16,Conservative
34,791417,5,Tax,8,Aggressive
51,786616,1,Wealth,29,Conservative
44,564714,3,Wealth,15,Moderate
31,999691,1,Tax,2,Conservative
31,431594,4,Tax,7,Moderate
53,1857646,4,Income,24,Moderate
38,1084711,5,Tax,11,Aggressive
63,1180179,4,Education,35,Moderate
48,766641,5,Retirement,25,Aggressive
49,640428,5,Wealth,24,Aggressive
34,486300,4,Wealth,10,Aggressive
53,450091,4,Wealth,27,Moderate
32,300000,1,Wealth,9,Conservative
21,860263,1,Retirement,0,Conservative
37,1314699,1,Retirement,16,Conservative
33,342761,3,Tax,3,Moderate
48,2034862,3,Wealth,25,Aggressive
25,300000,2,Retirement,0,Moderate
28,1466018,5,Tax,4,Aggressive
53,446027,5,Education,29,Aggressive
26,1715655,3,Retirement,0,Moderate
46,1375154,3,Wealth,16,Aggressive
33,5151645,5,Retirement,6,Aggressive
47,521096,2,Education,20,Moderate
32,300000,4,Income,2,Moderate
38,300000,2,Wealth,13,Moderate
29,697827,3,Wealth,3,Aggressive
24,904416,3,Tax,3,Moderate
26,487847,4,Tax,0,Moderate
49,1040164,4,Wealth,28,Aggressive
50,1506656,2,Retirement,20,Moderate
36,1213271,5,Retirement,7,Aggressive
48,784072,5,Wealth,22,Aggressive
54,445910,1,Retirement,26,Conservative
43,1443325,2,Wealth,21,Moderate
50,2120770,3,Tax,24,Moderate
56,529222,1,Wealth,28,Moderate
57,355104,2,Wealth,33,Moderate
53,1808761,5,Tax,28,Aggressive
50,1009557,4,Retirement,25,Aggressive
52,995622,3,Tax,22,Moderate
38,2685570,1,Tax,16,Moderate
50,300000,4,Wealth,23,Aggressive
21,694975,3,Wealth,0,Moderate
25,1050087,5,Tax,0,Aggressive
28,3303223,5,Wealth,7,Aggressive
57,778835,5,Retirement,34,Aggressive
52,574701,2,Income,23,Conservative
37,938181,3,Wealth,7,Moderate
24,1344650,2,Wealth,0,Aggressive
34,1857391,5,Wealth,13,Aggressive
58,2257004,3,Tax,30,Moderate
25,300000,3,Wealth,0,Moderate
24,471130,5,Retirement,0,Aggressive
26,1475435,2,Retirement,1,Moderate
51,967526,1,Retirement,25,Conservative
50,1093358,5,Wealth,25,Aggressive
30,520352,5,Tax,8,Aggressive
24,954043,1,Retirement,0,Moderate
34,685384,1,Retirement,12,Conservative
55,1123761,3,Retirement,31,Moderate
43,1150842,1,Tax,16,Moderate
53,1011790,3,Retirement,28,Moderate
46,977257,1,Education,19,Conservative
29,715879,2,Retirement,4,Moderate
21,2452152,3,Income,0,Moderate
59,1763950,2,Retirement,29,Moderate
34,838024,1,Income,5,Conservative
56,1471230,2,Tax,27,Moderate
38,3333251,5,Wealth,8,Aggressive
42,428332,1,Wealth,15,Conservative
27,494536,3,Tax,0,Conservative
31,856145,1,Tax,9,Conservative
40,1003860,4,Retirement,19,Aggressive
26,554620,5,Retirement,1,Aggressive
34,1321097,3,Tax,11,Moderate
45,761328,1,Retirement,18,Conservative
29,1732418,5,Wealth,7,Aggressive
33,505127,3,Income,4,Moderate
27,441693,5,Tax,0,Moderate
33,703126,3,Tax,3,Moderate
37,725338,5,Retirement,14,Aggressive
33,430625,3,Education,4,Moderate
41,868286,3,Wealth,18,Aggressive
23,509648,4,Tax,0,Moderate
35,3047598,3,Education,6,Moderate
58,773208,4,Retirement,33,Moderate
47,1043243,1,Retirement,25,Moderate
37,336958,1,Tax,13,Conservative
47,1184831,5,Wealth,24,Aggressive
21,458619,2,Wealth,0,Moderate
38,1528389,2,Income,14,Conservative
40,300000,1,Tax,19,Moderate
47,788407,4,Education,26,Moderate
55,1661100,3,Retirement,31,Moderate
50,911579,5,Retirement,23,Moderate
54,730899,3,Tax,29,Moderate
24,2055098,3,Wealth,0,Aggressive
66,453710,2,Wealth,39,Moderate
66,355239,1,Income,39,Conservative
59,388249,4,Income,37,Moderate
34,398717,2,Retirement,10,Conservative
37,1078327,3,Retirement,10,Moderate
66,652898,3,Tax,40,Conservative
63,1604718,1,Wealth,40,Moderate
54,1112765,4,Retirement,32,Moderate
31,1040930,1,Retirement,4,Moderate
29,300000,5,Retirement,6,Aggressive
28,1203476,5,Retirement,6,Aggressive
46,1933074,2,Retirement,20,Moderate
34,866679,1,Retirement,8,Conservative
44,409757,3,Retirement,21,Moderate
34,300000,5,Retirement,7,Aggressive
26,1618775,2,Retirement,0,Moderate
49,865864,5,Retirement,22,Aggressive
50,311245,5,Tax,28,Moderate
26,1053238,5,Wealth,3,Aggressive
27,793959,5,Wealth,5,Aggressive
26,2452186,1,Retirement,0,Moderate
48,458809,3,Income,22,Conservative
58,1046479,1,Wealth,33,Moderate
24,1849462,2,Retirement,0,Moderate
49,1113516,2,Wealth,27,Moderate
26,722203,2,Wealth,4,Moderate
23,636575,3,Income,0,Conservative
54,647936,1,Income,29,Conservative
27,565199,2,Wealth,5,Moderate
49,493618,1,Income,28,Conservative
44,1786689,3,Retirement,21,Aggressive
55,1679720,3,Wealth,26,Aggressive
25,1341801,2,Wealth,0,Moderate
43,941378,1,Tax,13,Conservative
36,919451,4,Wealth,10,Aggressive
32,300000,3,Retirement,8,Moderate
37,1312666,2,Wealth,9,Moderate
33,813330,3,Wealth,11,Moderate
38,348757,1,Tax,11,Conservative
59,1679286,4,Income,34,Moderate
33,719869,4,Tax,4,Moderate
23,1362439,4,Wealth,0,Aggressive
42,1096285,4,Education,19,Aggressive
60,427518,5,Wealth,30,Aggressive
38,1359277,1,Tax,9,Moderate
41,505103,4,Tax,12,Moderate
52,300000,1,Retirement,25,Conservative
29,1356103,5,Retirement,7,Aggressive
59,927535,2,Wealth,30,Moderate
49,872077,5,Education,24,Aggressive
34,1368742,3,Wealth,8,Moderate
59,361228,1,Income,30,Conservative
32,414041,2,Wealth,5,Moderate
50,370029,4,Retirement,21,Moderate
44,579258,2,Tax,21,Moderate
57,1018233,5,Income,28,Moderate
38,3357998,4,Tax,11,Aggressive
34,680221,5,Wealth,8,Aggressive
31,903850,3,Retirement,4,Moderate
38,300000,4,Tax,14,Moderate
28,548903,1,Education,0,Conservative
56,300000,4,Retirement,28,Moderate
56,3973991,2,Wealth,28,Moderate
26,300000,2,Wealth,2,Moderate
50,561125,4,Income,22,Moderate
38,728987,2,Wealth,16,Moderate
47,2779941,5,Tax,26,Aggressive
29,942869,1,Income,0,Conservative
38,301563,3,Income,10,Conservative
25,652591,5,Wealth,0,Aggressive
33,841277,3,Tax,6,Moderate
29,513058,1,Income,5,Conservative
29,479448,4,Tax,2,Moderate
60,455656,2,Tax,34,Conservative
41,464936,4,Retirement,17,Aggressive
43,420056,4,Tax,19,Moderate
38,430470,1,Retirement,13,Conservative
32,633428,5,Retirement,7,Aggressive
53,1347054,1,Retirement,23,Conservative
22,326899,4,Tax,0,Conservative
34,451378,3,Retirement,4,Moderate
35,828062,1,Tax,10,Conservative
57,1148133,5,Education,33,Aggressive
26,2245379,1,Wealth,0,Moderate
25,1303916,2,Education,0,Moderate
28,886718,5,Wealth,0,Aggressive
44,779338,2,Tax,19,Moderate
36,728963,3,Education,10,Moderate
21,351765,4,Wealth,0,Aggressive
43,1047371,2,Education,22,Moderate
33,585568,2,Income,7,Conservative
39,883594,4,Income,11,Moderate
35,413138,3,Retirement,13,Moderate
27,744504,4,Wealth,6,Aggressive
40,415025,2,Wealth,16,Moderate
44,1153662,1,Wealth,21,Moderate
54,663136,2,Retirement,32,Moderate
37,898158,4,Tax,9,Moderate
49,584078,5,Wealth,23,Aggressive
54,1284677,5,Retirement,26,Aggressive
56,1018579,4,Retirement,26,Moderate
40,441847,5,Income,11,Moderate
29,417845,4,Wealth,5,Aggressive
24,1458666,1,Tax,0,Moderate
56,300000,4,Tax,30,Moderate
42,2081374,1,Tax,14,Moderate
35,477137,5,Wealth,6,Aggressive
45,1247444,3,Wealth,18,Aggressive
30,1031185,5,Tax,3,Aggressive
30,614896,4,Retirement,9,Aggressive
34,980259,5,Tax,12,Moderate
33,827506,3,Income,3,Conservative
42,1355282,5,Wealth,17,Aggressive
37,462055,3,Wealth,10,Moderate
31,1265628,2,Retirement,2,Moderate
40,300000,4,Retirement,10,Moderate
29,1195344,4,Education,2,Moderate
30,792506,3,Wealth,1,Aggressive
60,1103054,1,Income,39,Moderate
33,1208176,3,Retirement,3,Moderate
26,2195119,2,Wealth,0,Moderate
25,861510,4,Tax,0,Moderate
24,430227,4,Tax,0,Moderate
64,2810875,5,Wealth,40,Aggressive
28,1017499,3,Retirement,0,Moderate
33,1447794,2,Wealth,11,Moderate
37,603711,5,Wealth,16,Aggressive
48,599843,1,Tax,22,Conservative
52,872106,5,Retirement,27,Aggressive
29,1174646,2,Wealth,5,Moderate
53,976119,3,Education,31,Moderate
27,401426,1,Tax,1,Conservative
32,2336330,4,Wealth,10,Aggressive
31,349647,5,Tax,6,Moderate
49,1015034,2,Income,20,Conservative
45,820233,3,Retirement,24,Moderate
66,4728324,5,Tax,39,Aggressive
25,594829,2,Wealth,3,Moderate
31,341709,1,Wealth,8,Conservative
30,1270865,5,Education,9,Aggressive
57,567164,5,Wealth,29,Aggressive
36,1697579,3,Retirement,6,Moderate
29,1488253,2,Wealth,6,Aggressive
34,1321679,2,Retirement,11,Moderate
31,467946,4,Wealth,2,Moderate
51,1476784,4,Wealth,26,Aggressive
56,4048022,2,Tax,30,Moderate
48,617971,5,Income,20,Moderate
53,702564,1,Tax,25,Conservative
47,730365,4,Wealth,21,Aggressive
28,652006,4,Wealth,1,Aggressive
25,887401,1,Tax,4,Conservative
22,817684,3,Wealth,0,Moderate
58,773957,5,Wealth,34,Aggressive
54,433033,4,Wealth,28,Moderate
38,1854690,3,Education,10,Moderate
56,1048009,2,Income,29,Conservative
47,1589465,4,Retirement,17,Aggressive
46,1224823,1,Tax,20,Conservative
35,300000,2,Tax,10,Conservative
41,1518107,2,Retirement,16,Moderate
28,1422342,5,Wealth,3,Aggressive
29,953765,3,Tax,4,Moderate
25,3683174,5,Tax,0,Aggressive
61,1675453,2,Wealth,36,Moderate
51,1632661,5,Retirement,26,Aggressive
35,300000,1,Tax,14,Conservative
45,2065228,4,Tax,22,Aggressive
37,1295333,1,Education,16,Moderate
50,315360,2,Retirement,27,Conservative
52,1008496,5,Income,31,Moderate
36,300000,3,Wealth,10,Moderate
28,1301472,3,Tax,2,Moderate
60,915359,2,Wealth,34,Moderate
55,530370,4,Wealth,28,Aggressive
52,1320965,5,Tax,22,Aggressive
25,474504,1,Retirement,4,Conservative
33,876868,1,Tax,3,Conservative
24,1749857,3,Income,0,Moderate
41,635193,1,Retirement,13,Conservative
21,414488,4,Retirement,0,Moderate
39,1730437,2,Tax,10,Moderate
39,871272,5,Education,17,Aggressive
57,3286987,1,Wealth,35,Moderate
27,1159041,2,Wealth,0,Moderate
29,1375184,5,Education,8,Aggressive
52,1039718,2,Education,28,Moderate
34,1190286,1,Retirement,7,Conservative
27,1234833,2,Wealth,3,Aggressive
47,1295931,4,Income,18,Moderate
41,368733,3,Tax,18,Moderate
25,441897,5,Retirement,0,Aggressive
39,1280987,5,Education,16,Aggressive
56,860258,4,Wealth,33,Aggressive
41,472460,2,Wealth,15,Moderate
41,995188,5,Tax,15,Aggressive
27,2494372,3,Wealth,5,Aggressive
34,921632,1,Income,9,Conservative
56,1083122,5,Tax,29,Aggressive
39,1107790,4,Wealth,18,Aggressive
28,525839,4,Wealth,5,Aggressive
61,778038,3,Wealth,38,Moderate
43,300000,4,Income,16,Moderate
47,416248,2,Wealth,22,Moderate
50,762944,5,Wealth,29,Aggressive
35,350051,5,Tax,9,Aggressive
33,794728,5,Retirement,3,Aggressive
27,655184,2,Retirement,0,Moderate
39,2035996,2,Retirement,13,Moderate
31,3322548,5,Income,10,Aggressive
21,775160,5,Retirement,0,Moderate
35,1049509,4,Wealth,8,Aggressive
32,1880323,1,Tax,5,Conservative
64,803047,2,Education,40,Moderate
32,1082193,4,Wealth,11,Aggressive
63,303910,5,Tax,39,Moderate
38,1157232,5,Retirement,16,Aggressive
42,1970310,5,Retirement,19,Aggressive
32,368621,1,Wealth,4,Moderate
53,300000,2,Tax,28,Conservative
52,1994112,5,Wealth,29,Aggressive
34,645875,4,Wealth,4,Aggressive
32,466760,3,Retirement,11,Conservative
49,862661,3,Wealth,26,Conservative
30,549888,1,Education,4,Moderate
62,390599,2,Wealth,40,Conservative
22,300000,2,Tax,0,Conservative
27,2850267,1,Education,1,Moderate
34,2588538,3,Wealth,13,Aggressive
56,677100,3,Income,30,Conservative
49,5038039,5,Wealth,27,Aggressive
35,2042974,4,Retirement,13,Aggressive
40,778882,5,Wealth,17,Aggressive
41,3949728,2,Wealth,14,Moderate
37,300000,5,Wealth,9,Aggressive
31,696697,2,Wealth,4,Conservative
25,2763453,5,Education,4,Aggressive
30,635056,4,Tax,2,Moderate
54,1833205,5,Wealth,28,Aggressive
43,405741,5,Tax,16,Aggressive
24,507444,5,Retirement,0,Aggressive
54,1057895,2,Income,24,Moderate
29,1281304,5,Wealth,7,Aggressive
38,932848,3,Retirement,8,Moderate
32,603593,3,Wealth,3,Moderate
46,420615,4,Tax,23,Moderate
63,4215866,1,Retirement,38,Moderate
36,1030218,5,Tax,10,Aggressive
45,1748148,5,Tax,17,Aggressive
27,1610171,2,Retirement,4,Moderate
44,579064,1,Wealth,16,Moderate
54,834998,1,Wealth,32,Conservative
49,470590,5,Tax,26,Aggressive
27,1382061,5,Education,3,Aggressive
55,722473,5,Retirement,25,Aggressive
41,2520283,1,Wealth,19,Moderate
41,300000,3,Wealth,19,Moderate
23,1147124,2,Retirement,0,Moderate
43,4794137,3,Tax,22,Aggressive
21,483118,5,Tax,0,Moderate
44,902972,1,Wealth,15,Conservative
58,631426,3,Retirement,35,Moderate
36,1511827,1,Retirement,15,Conservative
36,300000,5,Wealth,6,Aggressive
48,347620,3,Retirement,20,Moderate
42,403185,1,Income,13,Conservative
34,1494807,4,Tax,12,Moderate
39,711106,3,Education,15,Moderate
54,516921,2,Income,25,Conservative
35,1074033,1,Wealth,12,Moderate
31,943676,5,Income,4,Moderate
44,703826,5,Tax,17,Aggressive
45,569393,3,Education,20,Moderate
35,428126,5,Wealth,10,Aggressive
34,2191231,4,Wealth,8,Aggressive
33,2297261,2,Retirement,12,Moderate
29,322004,3,Wealth,0,Moderate
32,614129,3,Retirement,10,Moderate
61,1107160,5,Education,31,Moderate
21,429542,1,Income,0,Conservative
24,1356474,5,Wealth,0,Aggressive
52,939418,1,Wealth,30,Moderate
35,1445005,5,Education,14,Aggressive
33,4086241,1,Wealth,11,Moderate
54,300000,1,Retirement,30,Conservative
60,2247441,4,Income,36,Aggressive
45,558898,4,Tax,17,Moderate
22,1319980,4,Education,1,Aggressive
45,1194858,5,Education,24,Aggressive
45,2170619,2,Tax,21,Aggressive
31,869226,4,Retirement,8,Moderate
42,468784,3,Tax,15,Conservative
34,987996,2,Tax,11,Conservative
54,2711832,3,Wealth,26,Moderate
28,1064467,4,Retirement,7,Aggressive
46,558584,3,Tax,23,Conservative
53,748086,5,Wealth,30,Aggressive
49,993992,3,Tax,20,Moderate
30,905238,2,Wealth,2,Moderate
26,822097,4,Retirement,0,Moderate
48,1659097,3,Wealth,20,Aggressive
44,3442766,3,Income,17,Moderate
34,1622702,3,Wealth,9,Aggressive
30,1290693,3,Education,9,Aggressive
41,1720248,2,Tax,14,Moderate
22,1312392,1,Wealth,0,Moderate
25,924093,5,Tax,1,Aggressive
34,556505,4,Retirement,8,Moderate
45,556451,1,Income,15,Conservative
23,827698,5,Tax,0,Moderate
53,1024429,3,Tax,29,Moderate
35,1852157,1,Tax,7,Conservative
56,774948,5,Retirement,28,Moderate
56,654000,5,Retirement,27,Aggressive
40,1010733,1,Retirement,16,Moderate
37,1127280,3,Wealth,14,Moderate
21,556426,3,Retirement,0,Moderate
54,504944,4,Tax,29,Moderate
55,1310884,5,Wealth,34,Aggressive
51,766588,4,Wealth,23,Aggressive
33,1906946,3,Education,5,Moderate
38,1014732,5,Retirement,11,Aggressive
42,794747,4,Wealth,16,Aggressive
32,366029,4,Tax,8,Moderate
35,840537,4,Tax,11,Moderate
35,420096,5,Retirement,11,Moderate
27,340606,2,Tax,4,Conservative
55,2405432,2,Income,33,Moderate
55,594342,3,Wealth,32,Moderate
24,1560026,5,Retirement,0,Aggressive
41,384750,5,Tax,18,Moderate
46,507932,1,Wealth,22,Moderate
21,477021,4,Tax,0,Moderate
54,1350073,3,Tax,26,Moderate
34,1142003,5,Retirement,4,Aggressive
27,330782,1,Tax,3,Conservative
37,310168,1,Tax,15,Conservative
46,1170587,5,Wealth,25,Aggressive
35,2088615,3,Wealth,7,Aggressive
56,2017399,3,Education,28,Aggressive
50,484972,2,Retirement,29,Conservative
35,616847,2,Tax,9,Moderate
21,1163982,3,Retirement,0,Moderate
39,1223312,1,Tax,12,Conservative
53,960543,2,Wealth,23,Moderate
21,624930,1,Wealth,0,Moderate
53,1124347,2,Income,23,Conservative
40,904247,1,Wealth,10,Moderate
28,928042,4,Retirement,0,Moderate
50,1506406,5,Wealth,22,Aggressive
51,1756115,3,Retirement,29,Moderate
48,1029067,4,Retirement,18,Moderate
31,991807,3,Tax,4,Moderate
58,722622,1,Wealth,28,Conservative
56,884063,2,Retirement,35,Conservative
27,1371656,2,Wealth,5,Moderate
37,1139354,2,Wealth,16,Moderate
59,551401,5,Wealth,35,Aggressive
46,531225,5,Income,16,Moderate
54,519727,3,Retirement,28,Moderate
47,1801796,2,Retirement,26,Moderate
41,300000,4,Tax,20,Moderate
47,312129,3,Income,17,Conservative
54,524226,5,Wealth,30,Aggressive
58,1366290,5,Wealth,28,Aggressive
24,668536,2,Retirement,2,Conservative
26,451931,5,Wealth,0,Aggressive
33,1033494,1,Retirement,9,Conservative
26,1071422,5,Tax,4,Aggressive
29,1398138,2,Retirement,1,Moderate
44,2093371,3,Tax,17,Moderate
34,1908889,5,Wealth,11,Aggressive
36,1189128,4,Retirement,15,Moderate
48,759995,4,Tax,21,Moderate
31,1089859,1,Education,6,Moderate
49,605087,3,Wealth,22,Moderate
29,1504093,1,Wealth,6,Moderate
39,569403,1,Wealth,18,Moderate
30,474419,2,Wealth,6,Moderate
44,1567869,2,Income,20,Moderate
31,300000,2,Wealth,2,Moderate
51,530501,4,Wealth,30,Aggressive
56,1227339,5,Income,33,Moderate
42,758894,3,Retirement,13,Moderate
26,737241,2,Tax,0,Moderate
31,386396,3,Wealth,9,Moderate
28,408591,1,Tax,0,Conservative
40,709525,5,Income,19,Aggressive
50,300000,4,Tax,26,Moderate
58,800848,3,Wealth,36,Moderate
53,1785925,5,Wealth,29,Aggressive
34,1678964,3,Wealth,4,Aggressive
59,1170945,1,Income,29,Conservative
22,921849,2,Tax,0,Moderate
33,760869,1,Wealth,11,Conservative
37,838616,3,Income,8,Moderate
50,444877,4,Wealth,26,Moderate
50,542703,3,Tax,29,Moderate
32,300000,4,Income,8,Moderate
53,1453415,4,Tax,26,Moderate
69,749593,3,Income,40,Conservative
25,2850696,3,Income,1,Moderate
33,555287,4,Wealth,3,Aggressive
37,801792,3,Retirement,7,Moderate
54,1258867,5,Income,31,Moderate
26,1050574,4,Wealth,0,Aggressive
55,765784,4,Education,29,Aggressive
27,2467871,3,Wealth,1,Aggressive
45,448776,1,Tax,17,Conservative
34,1203548,5,Wealth,10,Aggressive
31,612730,3,Education,2,Moderate
45,738757,2,Retirement,22,Moderate
46,948677,5,Wealth,19,Aggressive
59,744669,2,Income,31,Conservative
26,726002,5,Retirement,5,Aggressive
54,306400,4,Income,27,Moderate
30,1416967,5,Retirement,8,Aggressive
43,304760,3,Education,20,Moderate
28,1982745,2,Wealth,6,Aggressive
42,754441,1,Education,14,Conservative
25,1443712,2,Retirement,0,Moderate
47,300000,4,Retirement,22,Moderate
30,787082,4,Wealth,0,Aggressive
28,799475,1,Wealth,5,Moderate
61,462278,5,Wealth,31,Aggressive
58,1386134,5,Tax,34,Aggressive
51,545185,4,Tax,22,Moderate
41,463653,1,Income,15,Conservative
42,642655,4,Education,13,Aggressive
29,1471277,2,Tax,5,Moderate
35,956557,5,Tax,5,Aggressive
53,1030512,2,Income,28,Conservative
29,1298167,2,Wealth,0,Moderate
56,704305,3,Wealth,27,Aggressive
59,1547530,5,Tax,37,Aggressive
28,1021455,4,Wealth,1,Aggressive
41,1363329,4,Retirement,15,Aggressive
24,493953,2,Tax,1,Conservative
36,856540,1,Education,11,Conservative
44,1464258,3,Income,15,Moderate
61,2546394,3,Tax,35,Moderate
47,1562805,2,Retirement,20,Moderate
21,1609175,3,Tax,0,Moderate
48,302275,3,Wealth,27,Moderate
31,668714,2,Income,5,Conservative
33,1192182,4,Retirement,12,Moderate
38,340189,2,Wealth,16,Moderate
30,1065851,2,Retirement,9,Moderate
53,640670,5,Tax,23,Aggressive
21,662789,4,Tax,0,Aggressive
35,843652,2,Wealth,6,Moderate
47,1032024,5,Tax,23,Aggressive
41,1344399,3,Income,18,Moderate
34,379229,1,Wealth,8,Conservative
45,1561933,4,Wealth,24,Aggressive
25,1255419,5,Wealth,4,Aggressive
27,677082,4,Wealth,5,Aggressive
47,1570264,5,Wealth,25,Aggressive
54,300000,3,Income,28,Moderate
52,904854,3,Tax,23,Moderate
49,545887,1,Education,27,Conservative
27,387900,3,Retirement,2,Moderate
25,300000,3,Tax,0,Moderate
48,1254343,1,Retirement,22,Moderate
37,1153145,4,Retirement,9,Aggressive
21,1865572,3,Retirement,0,Moderate
58,1284207,4,Retirement,33,Moderate
41,656267,1,Wealth,12,Conservative
37,5385855,2,Retirement,16,Moderate
38,1640351,3,Wealth,11,Moderate
42,360263,4,Wealth,13,Moderate
43,736262,5,Tax,17,Aggressive
36,944800,5,Tax,11,Aggressive
37,670566,2,Wealth,10,Conservative
44,3393876,3,Tax,23,Aggressive
56,658108,3,Wealth,32,Aggressive
27,615056,3,Education,6,Moderate
29,1354357,5,Wealth,8,Aggressive
23,877021,2,Education,0,Moderate
50,690047,5,Wealth,25,Aggressive
48,3671382,3,Tax,26,Moderate
50,2362761,2,Wealth,25,Moderate
26,300397,5,Education,0,Aggressive
35,2990995,3,Wealth,14,Aggressive
42,711265,2,Wealth,21,Moderate
53,1783683,2,Wealth,23,Moderate
31,3228694,1,Income,2,Conservative
28,1421190,2,Wealth,3,Moderate
30,3980688,1,Income,8,Moderate
58,1465134,3,Wealth,30,Aggressive
46,1251988,1,Wealth,21,Moderate
25,1634071,3,Education,0,Moderate
52,338867,3,Tax,27,Moderate
35,698760,4,Wealth,13,Aggressive
36,380851,1,Wealth,15,Conservative
49,711608,2,Retirement,21,Moderate
41,1104380,2,Income,14,Moderate
23,727238,3,Tax,0,Conservative
58,728953,1,Tax,32,Conservative
29,311905,5,Retirement,0,Aggressive
21,558394,2,Tax,0,Moderate
25,2591369,5,Wealth,0,Aggressive
33,545873,1,Retirement,8,Conservative
33,633371,2,Retirement,10,Moderate
33,949092,5,Tax,3,Aggressive
49,1045308,2,Wealth,22,Moderate
34,732479,4,Wealth,12,Moderate
24,303424,4,Education,0,Moderate
40,1177142,3,Wealth,16,Aggressive
62,3092317,1,Wealth,36,Moderate
28,2913985,2,Income,3,Moderate
33,487852,5,Retirement,5,Aggressive
53,1068311,2,Wealth,29,Moderate
21,4736779,2,Retirement,0,Moderate
28,804035,5,Income,3,Moderate
28,963475,5,Education,1,Aggressive
32,300000,4,Tax,10,Moderate
52,1671771,3,Wealth,28,Aggressive
49,979421,5,Income,20,Moderate
28,431778,2,Income,1,Conservative
33,1309817,4,Income,8,Moderate
39,1598667,1,Wealth,12,Moderate
26,496033,4,Retirement,0,Moderate
24,300000,4,Wealth,2,Aggressive
45,888576,4,Wealth,15,Moderate
54,1308981,2,Retirement,30,Moderate
63,971713,5,Wealth,40,Aggressive
53,1813252,3,Income,31,Moderate
25,300000,1,Income,3,Conservative
29,396237,3,Education,0,Conservative
34,941448,2,Wealth,11,Moderate
29,300000,3,Retirement,0,Moderate
27,474257,3,Wealth,5,Moderate
54,557405,1,Retirement,30,Conservative
21,1642315,4,Wealth,0,Aggressive
58,2011637,5,Retirement,32,Aggressive
52,1337946,5,Wealth,24,Aggressive
32,2994128,3,Wealth,3,Aggressive
29,2147111,1,Wealth,8,Aggressive
47,1401438,5,Wealth,18,Aggressive
34,1372293,5,Wealth,7,Aggressive
53,534735,5,Tax,32,Aggressive
58,303644,3,Income,32,Conservative
42,489046,2,Income,20,Conservative
38,1452947,3,Tax,16,Moderate
56,647386,3,Wealth,32,Moderate
38,1236558,2,Retirement,14,Moderate
27,300000,5,Wealth,0,Aggressive
35,1164811,3,Retirement,13,Moderate
34,442974,4,Income,4,Conservative
35,484053,5,Wealth,10,Aggressive
38,2587747,5,Education,11,Aggressive
33,3634029,5,Retirement,12,Aggressive
26,380136,3,Wealth,1,Moderate
28,685896,1,Retirement,2,Conservative
29,739162,1,Income,4,Conservative
47,1350572,2,Wealth,23,Moderate
45,580024,1,Wealth,15,Moderate
31,458773,5,Tax,6,Moderate
34,989716,4,Tax,12,Moderate
30,853139,4,Wealth,8,Aggressive
41,1479707,5,Wealth,13,Aggressive
27,499974,3,Wealth,6,Moderate
32,698445,3,Tax,8,Moderate
55,1388912,5,Retirement,31,Aggressive
49,772545,5,Income,26,Moderate
21,300000,2,Tax,0,Moderate
62,2514156,3,Wealth,40,Aggressive
26,759920,1,Wealth,4,Moderate
32,769470,1,Retirement,6,Conservative
36,4728288,3,Wealth,9,Aggressive
31,3537302,4,Education,3,Aggressive
34,1567487,5,Tax,10,Aggressive
45,376863,2,Tax,22,Moderate
24,2110953,2,Tax,0,Moderate
27,300000,2,Retirement,0,Conservative
47,886606,1,Retirement,26,Conservative
29,582447,4,Retirement,8,Aggressive
29,493298,4,Tax,2,Moderate
52,948165,2,Retirement,28,Moderate
57,1238137,5,Retirement,27,Aggressive
36,1397860,5,Tax,14,Aggressive
28,761443,5,Wealth,5,Aggressive
55,695900,2,Income,32,Moderate
26,1465767,5,Wealth,2,Aggressive
34,1490821,3,Income,6,Moderate
33,887820,2,Wealth,5,Moderate
61,439805,4,Tax,40,Moderate
48,300000,1,Retirement,18,Conservative
35,1279058,3,Wealth,9,Moderate
32,1592735,1,Education,4,Conservative
34,699427,3,Wealth,6,Moderate
22,1046770,2,Retirement,0,Moderate
30,2031030,4,Retirement,2,Aggressive
52,3294141,3,Education,24,Aggressive
32,611212,2,Tax,5,Moderate
30,758207,4,Wealth,6,Aggressive
46,1107885,1,Retirement,21,Conservative
29,344385,3,Income,7,Moderate
21,300000,2,Tax,0,Moderate
24,316734,3,Wealth,1,Moderate
51,664911,5,Retirement,30,Aggressive
50,485620,3,Wealth,20,Moderate
51,455492,4,Wealth,25,Moderate
35,835452,5,Education,5,Aggressive
45,797855,4,Tax,15,Moderate
54,474836,1,Wealth,26,Conservative
23,300000,5,Wealth,0,Aggressive
50,1072623,5,Tax,29,Aggressive
40,1685758,4,Income,10,Moderate
27,522838,2,Wealth,0,Moderate
52,615838,3,Wealth,31,Moderate
30,1423826,1,Wealth,9,Moderate
57,1679296,1,Retirement,28,Conservative
29,585043,2,Retirement,1,Moderate
30,749659,4,Wealth,3,Aggressive
32,2263810,1,Retirement,10,Conservative
51,1489456,3,Wealth,28,Moderate
30,362966,2,Wealth,5,Moderate
35,300000,5,Wealth,8,Aggressive
60,663925,3,Wealth,39,Moderate
21,409979,4,Retirement,0,Moderate
53,1118408,4,Retirement,27,Aggressive
47,1328369,2,Wealth,20,Moderate
54,964426,5,Tax,31,Aggressive
34,458622,5,Retirement,11,Aggressive
46,331259,2,Tax,24,Conservative
38,1280513,2,Retirement,16,Moderate
36,1440152,2,Income,12,Conservative
32,1750049,5,Income,3,Moderate
35,657929,4,Retirement,6,Moderate
32,756192,4,Tax,9,Moderate
25,1422532,3,Wealth,0,Aggressive
39,812779,4,Tax,15,Moderate
27,539951,2,Tax,0,Moderate
29,448035,3,Wealth,8,Aggressive
52,1332888,1,Wealth,26,Moderate
34,657169,5,Income,12,Moderate
36,550719,3,Wealth,13,Aggressive
36,1104713,1,Retirement,15,Moderate
21,489602,2,Income,0,Conservative
50,537914,4,Wealth,27,Aggressive
24,829056,4,Wealth,0,Aggressive
30,581568,3,Retirement,5,Moderate
45,2170052,1,Wealth,18,Moderate
38,1171013,4,Education,13,Moderate
39,880996,2,Tax,12,Moderate
22,2154659,1,Retirement,1,Moderate
44,852374,1,Retirement,21,Moderate
44,1719144,4,Tax,20,Moderate
24,401831,3,Retirement,0,Moderate
47,517924,3,Wealth,23,Moderate
60,412234,3,Wealth,39,Moderate
41,1147467,4,Wealth,17,Aggressive
33,300000,5,Income,3,Moderate
25,1006843,2,Education,0,Moderate
52,570510,2,Wealth,31,Moderate
31,883255,3,Education,4,Moderate
39,795166,3,Retirement,11,Moderate
46,1188974,2,Wealth,18,Moderate
36,3856506,4,Retirement,11,Aggressive
66,3313262,1,Wealth,37,Moderate
45,1427980,2,Wealth,21,Moderate
47,634031,2,Wealth,20,Moderate
53,919905,1,Income,31,Conservative
51,610313,1,Education,27,Conservative
28,481613,5,Retirement,1,Aggressive
34,300000,2,Wealth,7,Moderate
27,687272,1,Wealth,5,Moderate
32,977905,2,Wealth,4,Moderate
21,1236805,1,Retirement,0,Moderate
59,872366,3,Wealth,36,Moderate
44,495847,3,Retirement,18,Moderate
50,568746,3,Retirement,29,Moderate
33,1538713,2,Tax,8,Conservative
52,300000,2,Retirement,22,Conservative
51,564331,2,Retirement,30,Conservative
35,819417,4,Wealth,14,Aggressive
34,604904,3,Wealth,6,Aggressive
33,300000,1,Wealth,8,Moderate
32,1551103,5,Tax,8,Aggressive
36,1821004,4,Wealth,8,Aggressive
48,403908,2,Wealth,25,Aggressive
30,300000,3,Tax,4,Moderate
33,3268624,4,Income,6,Moderate
32,602611,3,Tax,10,Moderate
21,408047,1,Retirement,0,Conservative
39,745648,5,Wealth,18,Aggressive
57,1008996,4,Education,30,Moderate
35,519070,5,Wealth,14,Aggressive
57,883046,4,Retirement,28,Moderate
43,741481,3,Retirement,13,Moderate
58,498151,2,Retirement,33,Conservative
40,300000,3,Wealth,12,Moderate
58,2047934,2,Income,31,Moderate
52,1196895,2,Income,27,Conservative
57,470866,2,Wealth,34,Moderate
27,1070919,3,Income,4,Moderate
40,438669,3,Wealth,18,Aggressive
30,784812,5,Wealth,4,Aggressive
38,1221336,4,Retirement,9,Aggressive
35,1115470,2,Education,5,Conservative
30,606521,1,Retirement,2,Moderate
28,1427496,1,Retirement,7,Moderate
21,812112,2,Retirement,0,Moderate
50,557426,4,Wealth,28,Aggressive
49,2604489,3,Education,23,Moderate
25,367010,5,Education,0,Moderate
34,1066467,1,Tax,6,Conservative
47,2173284,4,Wealth,22,Aggressive
36,300000,3,Retirement,15,Conservative
38,2534910,2,Retirement,16,Moderate
48,2630797,3,Education,27,Aggressive
33,580695,3,Wealth,5,Aggressive
62,987146,3,Wealth,40,Moderate
25,481435,5,Retirement,4,Aggressive
56,452449,1,Income,30,Conservative
29,365011,1,Tax,3,Conservative
31,2639298,5,Education,5,Aggressive
27,685137,4,Wealth,4,Aggressive
25,305567,3,Wealth,0,Moderate
28,1667772,2,Retirement,7,Moderate
35,1291511,5,Retirement,11,Aggressive
42,1048718,3,Wealth,13,Moderate
32,508471,3,Tax,2,Conservative
28,607830,1,Retirement,1,Moderate
37,3439444,5,Wealth,14,Aggressive
48,1055607,2,Retirement,19,Moderate
42,556767,5,Education,16,Aggressive
45,1356495,2,Wealth,21,Aggressive
57,1455120,3,Retirement,32,Moderate
55,2868457,2,Wealth,33,Moderate
32,843990,3,Retirement,10,Moderate
35,1346116,2,Income,9,Conservative
25,1169381,1,Tax,0,Moderate
32,488909,5,Wealth,10,Aggressive
49,309869,1,Wealth,24,Conservative
33,1245496,4,Wealth,5,Aggressive
51,1308903,5,Income,29,Aggressive
38,300000,5,Retirement,17,Aggressive
31,1168166,2,Retirement,4,Moderate
24,762746,3,Wealth,0,Aggressive
63,1093553,2,Retirement,39,Moderate
31,575555,5,Retirement,8,Moderate
39,2231317,1,Tax,9,Moderate
35,1657798,3,Tax,14,Moderate
60,304851,2,Retirement,38,Moderate
45,406077,1,Tax,16,Moderate
25,840878,2,Retirement,0,Conservative
55,522727,5,Tax,34,Aggressive
41,1718557,2,Tax,14,Moderate
53,396875,1,Wealth,29,Conservative
58,1708132,1,Income,36,Conservative
50,300000,1,Wealth,24,Conservative
34,607227,2,Retirement,4,Moderate
30,2130614,5,Wealth,4,Aggressive
30,774420,4,Income,2,Moderate
21,821954,4,Income,0,Moderate
23,1389594,4,Wealth,0,Aggressive
53,1166282,3,Retirement,27,Moderate
46,745246,5,Retirement,17,Aggressive
51,2028533,5,Wealth,21,Aggressive
29,882447,3,Retirement,0,Moderate
54,1178475,4,Retirement,27,Aggressive
29,1562108,4,Tax,6,Aggressive
36,300000,3,Income,7,Conservative
34,487199,1,Wealth,13,Moderate
37,533498,5,Retirement,8,Moderate
28,1278442,4,Retirement,2,Aggressive
38,2731319,4,Wealth,16,Aggressive
28,300000,3,Income,7,Moderate
21,602454,2,Income,0,Conservative
45,1734041,5,Tax,21,Aggressive
59,300000,5,Retirement,31,Aggressive
54,1054238,5,Wealth,27,Aggressive
56,1108917,1,Retirement,31,Moderate
44,1174399,2,Tax,20,Moderate
49,366974,5,Wealth,25,Aggressive
53,783625,1,Tax,26,Conservative
61,347547,1,Tax,33,Conservative
25,1749966,1,Wealth,0,Moderate
32,382707,5,Income,5,Moderate
32,827570,5,Tax,11,Aggressive
44,3483670,3,Wealth,23,Aggressive
58,1775120,3,Wealth,37,Moderate
53,300000,2,Wealth,30,Moderate
21,651700,3,Education,0,Moderate
21,844156,5,Income,0,Moderate
52,705759,3,Tax,27,Conservative
23,1057923,2,Retirement,0,Moderate
27,1240420,5,Income,5,Aggressive
45,2909214,4,Tax,18,Aggressive
22,581261,4,Retirement,0,Moderate
58,1356354,4,Tax,28,Moderate
47,709794,2,Wealth,25,Moderate
31,2416572,2,Income,5,Moderate
32,1060083,5,Wealth,2,Aggressive
30,829418,4,Income,5,Moderate
24,671311,1,Wealth,0,Moderate
26,438389,3,Retirement,0,Moderate
25,1478626,4,Tax,0,Aggressive
35,453820,4,Wealth,8,Moderate
45,300000,4,Education,24,Moderate
39,411474,4,Tax,13,Moderate
34,897231,5,Wealth,8,Aggressive
42,342768,3,Income,17,Conservative
27,458836,4,Wealth,2,Moderate
60,300000,5,Wealth,38,Aggressive
26,451735,4,Wealth,0,Moderate
52,2671880,1,Wealth,23,Moderate
27,517517,5,Income,5,Aggressive
38,747305,1,Retirement,17,Conservative
53,3871321,4,Tax,30,Aggressive
54,1016463,3,Income,24,Moderate
33,988815,5,Wealth,6,Aggressive
22,413252,1,Education,0,Conservative
58,944744,1,Tax,31,Conservative
38,2709722,3,Wealth,8,Aggressive
26,345963,5,Retirement,0,Aggressive
26,707854,2,Income,0,Conservative
26,354387,1,Income,3,Conservative
62,2499314,5,Tax,37,Aggressive
44,352953,2,Education,21,Moderate
43,492574,5,Retirement,17,Aggressive
65,358032,4,Retirement,39,Moderate
60,306283,1,Wealth,32,Conservative
54,859848,2,Retirement,27,Moderate
42,630956,3,Income,20,Moderate
39,1030629,3,Wealth,18,Aggressive
22,1245321,4,Wealth,0,Aggressive
48,300000,4,Education,18,Moderate
26,995812,2,Tax,2,Conservative
27,425528,1,Wealth,0,Conservative
26,891561,1,Income,4,Conservative
48,1018274,3,Wealth,22,Moderate
24,672509,4,Tax,3,Moderate
21,2026111,3,Wealth,0,Aggressive
33,300000,2,Retirement,5,Conservative
34,366536,3,Tax,13,Moderate
27,956240,3,Tax,0,Moderate
55,3535364,4,Income,25,Moderate
30,417080,4,Tax,5,Moderate
24,770129,1,Wealth,0,Moderate
29,1855481,1,Income,2,Conservative
33,1530766,1,Wealth,4,Moderate
36,1239849,3,Tax,12,Moderate
35,487186,3,Retirement,5,Moderate
42,791914,5,Retirement,13,Aggressive
39,823028,2,Tax,11,Moderate
57,1673135,5,Wealth,29,Aggressive
28,734472,2,Income,7,Conservative
42,2082727,4,Wealth,14,Aggressive
22,775882,3,Income,0,Moderate
27,888760,5,Wealth,6,Aggressive
24,736994,3,Tax,1,Moderate
27,711975,5,Income,6,Aggressive
31,766995,1,Tax,1,Conservative
57,825765,2,Wealth,33,Moderate
51,300000,1,Tax,23,Conservative
58,662720,3,Tax,33,Moderate
28,2629024,4,Education,1,Moderate
40,300000,4,Wealth,13,Moderate
50,679154,1,Education,28,Conservative
26,544217,5,Tax,5,Aggressive
33,1013301,1,Wealth,6,Moderate
58,1152139,4,Retirement,30,Moderate
30,892793,1,Tax,2,Conservative
38,300000,2,Wealth,13,Moderate
25,300000,1,Wealth,4,Moderate
48,300000,5,Income,24,Moderate
31,733011,3,Wealth,4,Moderate
35,300000,1,Retirement,5,Conservative
46,300000,2,Retirement,22,Conservative
57,423448,5,Wealth,36,Aggressive
41,499871,2,Retirement,14,Conservative
53,761089,5,Income,30,Moderate
25,810259,4,Wealth,2,Aggressive
48,841062,4,Wealth,22,Moderate
21,1431164,3,Income,0,Moderate
28,656570,3,Wealth,0,Moderate
28,1361740,5,Wealth,3,Aggressive
27,630980,2,Retirement,5,Moderate
25,610055,2,Education,1,Moderate
26,540390,1,Retirement,0,Conservative
35,785863,4,Retirement,14,Moderate
33,1279346,1,Income,8,Moderate
26,1261515,3,Tax,4,Aggressive
49,1234941,4,Education,25,Aggressive
45,1001831,2,Tax,21,Moderate
32,359791,4,Retirement,7,Moderate
28,5554083,3,Wealth,2,Aggressive
49,316990,4,Education,23,Moderate
43,878193,3,Income,15,Conservative
58,6572386,2,Income,36,Moderate
40,1495041,5,Wealth,17,Aggressive
42,493757,4,Retirement,19,Moderate
33,1891442,5,Wealth,4,Aggressive
36,924104,3,Retirement,7,Moderate
37,455231,4,Wealth,7,Moderate
31,939088,2,Wealth,1,Moderate
27,625357,4,Wealth,6,Aggressive
52,693637,2,Income,25,Conservative
59,830447,3,Wealth,36,Aggressive
28,1315468,5,Income,4,Aggressive
28,1515362,1,Retirement,6,Moderate
42,484165,1,Wealth,21,Moderate
36,1037283,4,Education,14,Aggressive
56,668399,5,Wealth,34,Aggressive
53,1379251,2,Wealth,25,Moderate
43,394379,1,Wealth,14,Conservative
28,794500,5,Income,5,Aggressive
31,300000,5,Wealth,8,Aggressive
57,1319807,3,Income,29,Moderate
48,2845107,1,Wealth,19,Moderate
33,2380232,3,Education,5,Moderate
36,1448920,5,Income,8,Moderate
28,1205479,1,Retirement,0,Conservative
29,3423674,2,Wealth,4,Aggressive
43,545967,4,Wealth,21,Aggressive
45,675149,5,Wealth,17,Aggressive
28,2166965,2,Tax,1,Moderate
54,731222,4,Retirement,26,Aggressive
58,421835,1,Wealth,35,Moderate
32,300000,2,Retirement,7,Conservative
51,447873,2,Retirement,25,Moderate
31,2759862,4,Wealth,7,Aggressive
44,749873,2,Retirement,15,Conservative
53,473390,1,Tax,24,Conservative
24,757732,1,Retirement,0,Moderate
43,1012246,5,Wealth,13,Aggressive
57,300000,4,Retirement,27,Moderate
45,432165,3,Retirement,20,Moderate
50,300000,1,Income,24,Conservative
48,2245071,3,Wealth,27,Aggressive
34,742243,2,Retirement,12,Moderate
30,713093,4,Education,4,Aggressive
21,710534,4,Income,0,Moderate
30,368083,1,Wealth,2,Moderate
21,1158502,1,Retirement,0,Moderate
43,2912945,4,Wealth,15,Aggressive
21,523154,3,Tax,0,Moderate
42,1501207,4,Wealth,15,Aggressive
41,745504,5,Retirement,19,Aggressive
25,472374,4,Income,0,Moderate
39,1519391,3,Wealth,14,Aggressive
31,300000,2,Wealth,7,Moderate
40,300000,3,Income,14,Moderate
29,2778281,4,Tax,0,Aggressive
41,607893,4,Tax,20,Moderate
53,1856264,2,Education,24,Moderate
49,742422,5,Income,26,Moderate
37,300000,1,Wealth,8,Moderate
45,1297716,3,Wealth,15,Aggressive
33,1042951,3,Wealth,12,Moderate
35,477700,4,Retirement,14,Moderate
26,1736362,3,Tax,2,Moderate
27,1551408,2,Wealth,0,Aggressive
34,475198,5,Income,12,Moderate
27,1720116,4,Retirement,0,Aggressive
32,940331,1,Retirement,5,Conservative
45,846030,2,Retirement,18,Moderate
53,481158,1,Tax,31,Conservative
43,424551,3,Wealth,22,Moderate
35,2176648,3,Tax,11,Aggressive
26,1054232,5,Retirement,2,Aggressive
31,1561278,1,Income,9,Conservative
31,576229,2,Wealth,7,Moderate
53,1147112,1,Wealth,30,Moderate
62,631586,1,Retirement,38,Conservative
29,1285676,1,Tax,0,Conservative
47,301947,1,Wealth,23,Conservative
39,305676,3,Income,18,Moderate
29,371767,5,Wealth,8,Aggressive
53,799310,2,Wealth,28,Moderate
49,300000,4,Retirement,22,Moderate
30,1112952,3,Income,7,Moderate
51,1238181,3,Wealth,28,Moderate
30,300000,2,Retirement,5,Moderate
34,606565,2,Retirement,8,Moderate
29,2957034,5,Tax,3,Aggressive
48,592781,4,Wealth,18,Aggressive
37,398158,3,Retirement,7,Moderate
31,619823,5,Income,2,Moderate
51,1830927,3,Wealth,30,Moderate
38,360676,5,Income,13,Moderate
30,1186675,5,Wealth,4,Aggressive
52,1084069,4,Wealth,24,Aggressive
68,800146,1,Wealth,40,Conservative
54,618894,3,Retirement,29,Moderate
23,1542834,5,Retirement,0,Aggressive
37,363031,5,Wealth,7,Aggressive
30,1069291,2,Retirement,2,Moderate
36,300000,1,Wealth,6,Moderate
26,1583705,2,Wealth,0,Moderate
58,1369556,1,Income,31,Conservative
56,602034,4,Retirement,27,Moderate
43,684688,4,Retirement,15,Aggressive
30,1126349,2,Retirement,6,Moderate
32,312035,2,Retirement,8,Moderate
45,654250,1,Wealth,17,Moderate
59,804935,1,Tax,38,Conservative
42,300000,2,Wealth,15,Conservative
31,1511146,2,Retirement,9,Moderate
65,3457951,5,Wealth,40,Aggressive
31,4339959,3,Wealth,5,Aggressive
59,300000,2,Wealth,30,Moderate
34,1816291,1,Retirement,4,Moderate
33,518276,5,Wealth,3,Aggressive
33,745995,4,Tax,11,Moderate
26,405389,4,Wealth,1,Moderate
34,1233203,4,Income,9,Moderate
32,300000,5,Tax,9,Moderate
30,348075,2,Wealth,9,Moderate
56,300000,3,Retirement,32,Moderate
39,537814,4,Tax,15,Aggressive
32,647379,2,Retirement,7,Moderate
24,300000,4,Wealth,2,Aggressive
35,1161283,4,Wealth,13,Aggressive
32,1091766,4,Retirement,2,Moderate
28,1477829,1,Income,1,Conservative
59,2157364,5,Wealth,36,Aggressive
34,669105,5,Wealth,12,Aggressive
27,942051,1,Education,0,Moderate
35,393993,4,Wealth,13,Moderate
41,845024,5,Retirement,15,Aggressive
47,872382,5,Tax,18,Aggressive
25,2344630,5,Retirement,4,Aggressive
31,1173215,4,Wealth,7,Aggressive
26,1189463,4,Education,0,Aggressive
25,652439,5,Retirement,1,Aggressive
33,300000,3,Retirement,11,Moderate
22,819650,2,Tax,0,Moderate
39,577405,2,Wealth,18,Moderate
44,370207,4,Income,21,Moderate
26,1353900,3,Income,2,Moderate
48,1608910,3,Retirement,20,Moderate
31,398441,3,Wealth,9,Moderate
30,827868,1,Income,4,Conservative
29,747543,1,Education,2,Moderate
32,1785549,5,Wealth,7,Aggressive
47,1094851,3,Education,18,Moderate
29,1327669,2,Retirement,5,Moderate
32,622675,1,Income,3,Conservative
25,1076552,4,Retirement,0,Aggressive
36,1484459,4,Retirement,9,Aggressive
54,4077815,3,Retirement,24,Aggressive
51,551957,5,Education,22,Aggressive
60,624346,3,Tax,36,Moderate
24,480644,4,Wealth,0,Aggressive
36,589487,4,Tax,7,Moderate
54,2121062,5,Wealth,27,Aggressive
21,451251,1,Wealth,0,Conservative
38,1058936,5,Wealth,10,Aggressive
29,1620926,2,Tax,3,Moderate
24,1866085,4,Retirement,0,Aggressive
54,2231297,2,Tax,26,Moderate
59,1120643,4,Wealth,34,Aggressive
44,1046597,4,Education,22,Aggressive
47,541545,3,Wealth,23,Moderate
28,300000,4,Wealth,0,Moderate
60,531328,4,Wealth,33,Aggressive
40,901135,4,Tax,10,Moderate
35,1638878,4,Tax,9,Aggressive
21,2305799,3,Wealth,0,Aggressive
30,809813,3,Tax,4,Moderate
47,1771070,2,Wealth,23,Moderate
31,906368,2,Wealth,3,Moderate
46,932518,2,Wealth,21,Moderate
21,653797,5,Income,0,Moderate
46,577872,3,Wealth,19,Moderate
32,536447,3,Wealth,5,Moderate
53,548421,1,Income,29,Conservative
44,502806,1,Retirement,21,Moderate
32,1461700,1,Education,10,Conservative
30,1959491,2,Wealth,7,Aggressive
39,473831,4,Tax,18,Moderate
57,431581,5,Wealth,35,Aggressive
34,707542,3,Wealth,9,Aggressive
50,437619,2,Income,20,Conservative
49,395440,5,Education,19,Moderate
25,631492,3,Income,0,Moderate
36,955973,5,Income,6,Moderate
41,947702,5,Retirement,18,Aggressive
29,647317,3,Wealth,7,Aggressive
37,558412,5,Wealth,8,Aggressive
29,1234471,1,Wealth,2,Moderate
21,1058056,1,Wealth,0,Moderate
39,909417,5,Education,12,Aggressive
43,543055,2,Wealth,17,Moderate
30,2049606,4,Retirement,5,Aggressive
31,322055,3,Education,1,Conservative
25,545006,2,Wealth,1,Moderate
61,404064,4,Tax,35,Moderate
46,807107,3,Tax,16,Moderate
22,505288,4,Retirement,0,Aggressive
30,861046,3,Education,8,Moderate
51,1163032,1,Wealth,21,Moderate
48,1953936,2,Wealth,20,Moderate
30,936730,4,Tax,5,Moderate
55,926730,1,Wealth,27,Conservative
25,1089458,2,Wealth,1,Aggressive
34,300000,5,Education,8,Moderate
30,839237,2,Wealth,3,Moderate
30,371338,2,Retirement,3,Moderate
46,511802,1,Tax,22,Conservative
58,741191,1,Retirement,32,Conservative
60,1570214,4,Wealth,35,Aggressive
35,300000,4,Retirement,8,Moderate
33,952968,5,Retirement,5,Aggressive
22,866748,1,Wealth,0,Moderate
32,1090076,1,Wealth,3,Moderate
41,3858328,2,Retirement,14,Moderate
61,2396536,2,Wealth,37,Moderate
28,988381,5,Tax,0,Aggressive
38,1193568,2,Wealth,17,Moderate
60,785703,2,Retirement,39,Moderate
40,1371749,4,Wealth,14,Aggressive
40,826418,5,Income,18,Moderate
24,1087178,4,Income,0,Aggressive
30,506316,5,Tax,2,Aggressive
32,947301,4,Wealth,10,Aggressive
29,2091484,4,Income,6,Moderate
30,1199536,5,Tax,2,Aggressive
55,874656,2,Income,32,Conservative
32,300000,3,Retirement,4,Moderate
35,1054483,1,Retirement,5,Moderate
64,758366,5,Retirement,40,Moderate
43,380366,3,Retirement,21,Moderate
39,769139,4,Wealth,10,Aggressive
46,771695,2,Income,21,Conservative
49,809510,4,Wealth,25,Moderate
60,1357930,5,Tax,30,Aggressive
50,695261,3,Income,26,Moderate
62,678952,4,Retirement,36,Moderate
30,629600,2,Wealth,2,Moderate
32,956535,5,Wealth,3,Aggressive
34,1177859,5,Tax,7,Aggressive
37,1987343,4,Retirement,16,Aggressive
51,1167636,2,Tax,23,Moderate
42,1713194,5,Education,13,Aggressive
25,1457887,5,Retirement,0,Aggressive
25,897191,4,Tax,0,Moderate
29,484891,3,Wealth,2,Moderate
38,1069656,1,Wealth,13,Moderate
27,2399526,2,Retirement,0,Moderate
38,1724733,5,Retirement,15,Aggressive
37,1972226,5,Education,9,Aggressive
29,300000,5,Retirement,0,Moderate
44,300000,3,Income,18,Conservative
34,574202,1,Tax,4,Conservative
31,1123772,4,Income,9,Moderate
39,620178,2,Income,12,Conservative
38,700934,3,Retirement,13,Moderate
33,300000,5,Wealth,11,Moderate
58,527005,1,Retirement,37,Conservative
46,432768,1,Wealth,20,Moderate
52,442556,1,Tax,31,Conservative
53,481610,4,Wealth,26,Moderate
30,374206,2,Retirement,9,Conservative
32,300000,5,Wealth,7,Aggressive
55,2165369,3,Wealth,34,Aggressive
39,742887,3,Retirement,13,Moderate
63,498286,3,Tax,35,Conservative
27,729117,3,Tax,4,Moderate
53,1017749,5,Retirement,24,Aggressive
21,872715,2,Wealth,0,Moderate
25,481900,5,Wealth,0,Aggressive
53,1615823,3,Retirement,31,Moderate
37,531686,2,Education,16,Moderate
25,684972,4,Tax,0,Aggressive
23,2693771,2,Wealth,1,Moderate
35,3409194,4,Income,10,Moderate
34,1800205,5,Tax,6,Aggressive
52,504776,4,Income,29,Moderate
54,598600,4,Tax,26,Aggressive
22,467170,2,Wealth,1,Moderate
40,682641,5,Income,15,Moderate
27,1171580,2,Retirement,6,Moderate
35,300000,1,Tax,11,Conservative
28,390783,4,Retirement,0,Moderate
41,870269,2,Income,13,Conservative
26,753643,5,Tax,2,Aggressive
24,589034,2,Income,3,Conservative
44,303237,1,Retirement,17,Conservative
28,531157,4,Income,1,Moderate
26,574291,1,Tax,1,Conservative
43,317553,1,Retirement,15,Conservative
49,449202,4,Income,19,Moderate
57,703545,1,Retirement,32,Conservative
53,1122133,4,Retirement,24,Moderate
35,1529415,4,Wealth,13,Aggressive
64,387285,3,Wealth,37,Moderate
31,630905,5,Wealth,1,Aggressive
44,678675,2,Tax,22,Moderate
35,701843,2,Retirement,13,Moderate
31,668743,5,Retirement,2,Moderate
38,355169,1,Income,14,Conservative
33,1124057,5,Tax,11,Aggressive
45,647021,4,Education,24,Aggressive
30,824967,4,Retirement,9,Aggressive
23,852253,2,Wealth,1,Moderate
28,527310,3,Wealth,4,Aggressive
65,1376673,1,Wealth,39,Conservative
32,587720,5,Tax,4,Moderate
52,907073,4,Retirement,27,Moderate
55,861650,4,Wealth,25,Aggressive
30,965201,3,Wealth,3,Aggressive
47,1711353,4,Wealth,20,Aggressive
46,486525,5,Tax,20,Moderate
21,800125,2,Wealth,0,Moderate
33,782894,2,Tax,4,Moderate
39,656977,1,Retirement,18,Moderate
55,1134662,5,Retirement,31,Aggressive
33,356744,4,Wealth,6,Moderate
53,2144665,4,Income,26,Aggressive
46,2216481,5,Retirement,21,Aggressive
23,517798,2,Retirement,2,Moderate
28,752618,4,Tax,7,Moderate
58,300000,4,Wealth,28,Moderate
27,510042,5,Retirement,0,Aggressive
54,4062636,1,Tax,24,Moderate
24,1227142,5,Tax,0,Aggressive
31,1301294,4,Wealth,9,Aggressive
21,570035,5,Retirement,0,Aggressive
45,750517,5,Wealth,24,Aggressive
34,773058,1,Education,5,Conservative
31,302295,2,Tax,3,Conservative
27,875910,5,Retirement,0,Aggressive
31,1363093,5,Wealth,2,Aggressive
52,2774939,1,Wealth,28,Moderate
22,953367,4,Education,0,Moderate
47,733539,3,Retirement,19,Moderate
58,734594,3,Tax,35,Moderate
37,1043359,4,Wealth,14,Aggressive
38,1381137,4,Tax,8,Aggressive
48,1701079,4,Wealth,21,Aggressive
28,300000,2,Tax,0,Conservative
29,1699062,2,Income,6,Moderate
53,347915,1,Retirement,29,Conservative
49,405061,4,Income,28,Moderate
44,695885,5,Retirement,16,Aggressive
26,1144990,4,Income,0,Moderate
21,321316,4,Retirement,0,Moderate
41,531615,5,Wealth,14,Aggressive
26,985111,1,Tax,4,Moderate
40,1130168,4,Wealth,14,Aggressive
53,1111479,5,Wealth,31,Aggressive
40,1557909,3,Tax,18,Aggressive
27,1795129,3,Retirement,2,Aggressive
28,869081,5,Education,0,Aggressive
30,768313,4,Wealth,2,Aggressive
48,462548,2,Retirement,20,Conservative
34,537720,2,Wealth,6,Conservative
34,310590,4,Retirement,13,Moderate
64,2131396,5,Income,40,Moderate
50,768489,1,Education,24,Moderate
45,1357169,2,Retirement,20,Moderate
44,5251184,3,Tax,18,Aggressive
53,3830171,1,Wealth,24,Moderate
42,1751792,3,Tax,21,Moderate
45,619211,4,Income,18,Moderate
40,1412274,1,Retirement,17,Moderate
28,803245,4,Income,0,Moderate
44,417459,2,Education,16,Moderate
58,425723,4,Tax,34,Moderate
59,1463629,2,Retirement,29,Moderate
37,1349709,2,Retirement,11,Moderate
43,1894120,5,Tax,20,Aggressive
45,683510,4,Income,20,Moderate
35,591817,1,Wealth,13,Moderate
42,376073,1,Wealth,16,Moderate
40,300000,5,Wealth,18,Aggressive
34,445422,4,Tax,7,Moderate
30,510697,5,Wealth,7,Aggressive
21,363644,2,Wealth,0,Moderate
31,562887,4,Tax,7,Moderate
30,3039570,1,Retirement,9,Moderate
35,497965,2,Wealth,6,Moderate
51,300000,5,Income,26,Moderate
36,896631,5,Retirement,12,Aggressive
45,1262332,5,Retirement,21,Aggressive
31,433550,4,Tax,4,Moderate
22,1370270,5,Wealth,0,Aggressive
34,2851476,2,Wealth,5,Moderate
46,684785,4,Wealth,20,Aggressive
43,1356295,4,Tax,17,Aggressive
33,1539624,2,Wealth,11,Moderate
59,1074701,1,Income,35,Conservative
32,1522599,4,Retirement,10,Aggressive
32,1170157,2,Income,4,Moderate
29,415404,4,Wealth,1,Moderate
31,300000,1,Tax,7,Conservative
51,918766,1,Education,25,Conservative
55,685596,3,Retirement,27,Moderate
33,300000,4,Wealth,4,Moderate
41,693349,4,Retirement,16,Moderate
49,733624,2,Retirement,21,Moderate
38,993830,2,Retirement,13,Moderate
35,1759263,3,Retirement,10,Moderate
30,458093,2,Wealth,7,Moderate
43,300000,1,Retirement,22,Conservative
31,608408,5,Wealth,6,Aggressive
36,1425236,4,Retirement,10,Moderate
30,2056942,3,Retirement,1,Moderate
29,528686,4,Education,2,Moderate
21,1214061,3,Wealth,0,Aggressive
38,373252,5,Tax,9,Aggressive
37,810021,3,Wealth,9,Moderate
55,300000,3,Tax,25,Conservative
51,640974,5,Education,21,Moderate
62,1008414,2,Income,32,Conservative
44,584583,1,Wealth,16,Moderate
55,301725,3,Income,27,Moderate
38,851079,1,Retirement,15,Conservative
47,2868691,3,Wealth,17,Aggressive
64,450624,5,Wealth,40,Aggressive
28,488794,1,Wealth,2,Moderate
53,681443,4,Wealth,31,Aggressive
21,2583457,1,Retirement,0,Moderate
37,317038,5,Education,14,Moderate
27,470523,2,Income,2,Conservative
32,1293528,2,Retirement,7,Conservative
28,339475,1,Wealth,6,Moderate
37,442317,5,Wealth,11,Aggressive
42,2792602,2,Wealth,17,Moderate
39,2736239,2,Tax,9,Moderate
28,1218575,2,Retirement,2,Moderate
30,1014427,1,Wealth,8,Moderate
21,534359,2,Income,0,Conservative
52,808630,5,Retirement,25,Aggressive
21,472563,5,Income,0,Moderate
33,2332683,4,Tax,5,Moderate
40,893317,2,Wealth,19,Moderate
29,723097,4,Tax,0,Moderate
27,837351,4,Education,6,Aggressive
36,516620,2,Tax,13,Moderate
32,1154929,4,Wealth,2,Aggressive
30,690924,2,Retirement,2,Moderate
25,6168135,3,Retirement,0,Aggressive
42,593751,5,Wealth,20,Aggressive
29,1446638,3,Wealth,5,Aggressive
58,2934257,1,Retirement,35,Moderate
25,300000,1,Wealth,0,Moderate
31,596578,4,Wealth,8,Aggressive
51,2350836,3,Tax,26,Moderate
30,300000,3,Wealth,2,Moderate
51,1860050,2,Retirement,30,Moderate
33,1014239,4,Income,4,Moderate
26,2371590,5,Tax,3,Aggressive
42,653842,3,Education,16,Moderate
33,970341,3,Tax,10,Moderate
25,355442,2,Retirement,0,Conservative
58,687146,2,Wealth,28,Moderate
61,467855,5,Income,36,Moderate
58,535185,4,Retirement,32,Moderate
42,894477,2,Tax,17,Moderate
44,465874,1,Tax,23,Conservative
43,300000,3,Wealth,14,Moderate
25,956666,1,Education,4,Conservative
21,938457,1,Wealth,0,Conservative
30,1356043,3,Tax,0,Moderate
41,802565,3,Wealth,14,Moderate
25,377720,2,Education,0,Moderate
59,2344627,4,Wealth,34,Aggressive
49,635861,3,Retirement,21,Moderate
48,408863,4,Retirement,19,Moderate
51,2231328,3,Income,28,Moderate
27,2653672,1,Retirement,3,Moderate
58,300000,1,Tax,35,Conservative
28,421148,5,Wealth,0,Aggressive
28,709038,2,Education,4,Moderate
42,979606,2,Retirement,18,Conservative
58,1274353,3,Wealth,28,Moderate
60,4698053,3,Wealth,30,Aggressive
57,374371,2,Wealth,31,Moderate
25,899854,5,Wealth,1,Aggressive
35,300000,3,Retirement,10,Moderate
37,944893,4,Wealth,8,Aggressive
24,2572547,3,Retirement,0,Aggressive
57,300000,4,Wealth,28,Moderate
34,300000,4,Retirement,5,Moderate
28,1394848,1,Tax,3,Moderate
61,1420079,1,Wealth,37,Moderate
49,451135,5,Retirement,26,Moderate
61,1428134,1,Wealth,38,Moderate
36,2009163,4,Wealth,7,Aggressive
44,1185914,5,Tax,17,Aggressive
51,2240690,1,Income,27,Conservative
35,1011361,1,Wealth,14,Moderate
24,670982,4,Income,0,Moderate
54,984041,3,Retirement,32,Moderate
55,1454761,5,Tax,27,Aggressive
50,300000,1,Tax,22,Conservative
26,973911,4,Income,3,Moderate
33,736676,1,Wealth,5,Moderate
31,555926,3,Education,5,Moderate
51,364196,2,Income,26,Conservative
62,300000,5,Wealth,37,Aggressive
49,561360,5,Wealth,28,Aggressive
45,531304,4,Retirement,19,Moderate
51,1558862,4,Income,27,Moderate
43,1777531,1,Wealth,16,Moderate
30,443626,5,Wealth,6,Aggressive
27,440760,1,Tax,2,Conservative
30,543947,2,Retirement,5,Moderate
26,1764546,5,Tax,1,Aggressive
42,503842,2,Wealth,21,Moderate
48,3186552,1,Income,22,Conservative
27,880283,3,Retirement,1,Moderate
24,1098965,2,Retirement,1,Moderate
29,579946,3,Education,0,Moderate
40,2504216,5,Wealth,18,Aggressive
30,1092687,3,Retirement,8,Aggressive
40,576014,3,Income,17,Moderate
25,320301,1,Tax,0,Conservative
38,1304003,1,Retirement,17,Moderate
56,514926,1,Income,35,Conservative
47,711882,1,Retirement,24,Conservative
29,418542,5,Tax,6,Aggressive
31,422756,1,Wealth,9,Moderate
48,525790,5,Wealth,25,Aggressive
42,770378,5,Wealth,18,Aggressive
25,351018,3,Retirement,0,Moderate
40,675491,5,Income,17,Moderate
24,487070,1,Wealth,0,Moderate
48,740442,4,Wealth,27,Aggressive
26,1531357,3,Wealth,0,Aggressive
55,933499,5,Tax,26,Aggressive
35,526577,3,Retirement,6,Moderate
31,779519,5,Retirement,9,Aggressive
58,1224403,5,Wealth,34,Aggressive
28,1316820,3,Education,4,Moderate
30,932309,3,Income,2,Conservative
29,2837074,2,Wealth,5,Aggressive
51,434306,2,Wealth,24,Moderate
38,1165839,1,Wealth,10,Moderate
24,768856,5,Wealth,2,Aggressive
29,1645094,3,Tax,4,Moderate
26,811817,4,Wealth,5,Aggressive
45,3466272,3,Income,20,Moderate
30,857995,2,Tax,7,Moderate
36,1346662,3,Retirement,15,Moderate
34,700869,4,Wealth,6,Aggressive
24,1024737,3,Wealth,0,Aggressive
31,525355,3,Wealth,9,Moderate
34,1088704,4,Wealth,7,Aggressive
47,300000,2,Wealth,25,Moderate
39,553090,3,Wealth,11,Moderate
55,497156,2,Income,32,Conservative
54,3056396,4,Wealth,24,Aggressive
21,485016,3,Wealth,0,Moderate
45,574468,3,Retirement,20,Moderate
53,472937,5,Tax,24,Moderate
21,1074974,1,Wealth,0,Moderate
36,638868,4,Tax,8,Moderate
22,586161,2,Wealth,0,Moderate
61,3602045,4,Tax,36,Aggressive
29,897320,5,Tax,0,Aggressive
21,1295792,4,Wealth,0,Aggressive
21,1071798,1,Education,0,Moderate
50,447887,4,Tax,22,Moderate
40,537728,2,Education,15,Conservative
53,367813,2,Wealth,29,Moderate
51,341159,1,Education,22,Conservative
47,825824,5,Retirement,25,Aggressive
45,864996,3,Wealth,22,Moderate
28,736961,3,Tax,4,Moderate
55,1048871,1,Tax,33,Moderate
39,717393,1,Education,18,Conservative
32,1919174,2,Wealth,2,Moderate
33,568011,1,Tax,8,Conservative
55,1601115,2,Education,27,Moderate
33,1367858,4,Income,8,Moderate
57,300000,2,Income,27,Conservative
57,300000,2,Income,30,Conservative
65,300000,4,Income,35,Conservative
32,995973,2,Retirement,2,Conservative
32,376663,3,Wealth,9,Moderate
25,1673884,2,Education,0,Moderate
59,374754,1,Tax,38,Conservative
32,912225,2,Wealth,11,Moderate
45,396475,4,Tax,16,Moderate
38,1202930,1,Retirement,8,Conservative
51,644707,4,Wealth,22,Aggressive
40,587709,4,Retirement,15,Moderate
54,498135,3,Wealth,27,Moderate
43,371132,5,Education,17,Aggressive
29,1037828,3,Education,0,Aggressive
42,500627,4,Tax,17,Aggressive
34,4307536,4,Wealth,11,Aggressive
34,2454568,4,Wealth,13,Aggressive
40,668174,4,Tax,18,Aggressive
25,604197,4,Tax,0,Moderate
47,703466,3,Wealth,19,Moderate
29,2303481,5,Retirement,7,Aggressive
23,3515024,4,Tax,0,Aggressive
66,300000,5,Wealth,38,Moderate
60,2055123,1,Wealth,38,Moderate
32,658452,2,Education,8,Conservative
61,453143,4,Retirement,34,Moderate
36,1763615,4,Wealth,11,Aggressive
46,853495,4,Wealth,22,Aggressive
38,2100430,2,Wealth,14,Moderate
56,1569560,5,Wealth,28,Aggressive
55,1017067,3,Tax,34,Moderate
22,2510197,4,Tax,0,Aggressive
30,724755,2,Wealth,8,Moderate
41,374061,1,Tax,12,Conservative
51,3086500,2,Retirement,28,Moderate
27,682913,4,Tax,0,Moderate
40,910211,5,Education,14,Aggressive
47,543754,5,Wealth,21,Aggressive
35,865017,1,Retirement,11,Moderate
26,1008375,4,Wealth,5,Aggressive
49,370112,1,Tax,21,Conservative
50,375810,1,Wealth,24,Conservative
45,434454,4,Tax,24,Moderate
44,737336,5,Retirement,21,Aggressive
48,1091680,5,Wealth,27,Aggressive
59,1997307,5,Wealth,29,Aggressive
49,4479922,5,Tax,21,Aggressive
41,914069,5,Education,16,Aggressive
52,587829,1,Income,27,Conservative
32,300000,3,Education,7,Moderate
51,966338,4,Tax,25,Moderate
37,715540,3,Retirement,9,Moderate
28,627853,1,Retirement,0,Conservative
28,508902,4,Tax,5,Moderate
37,520177,1,Wealth,12,Conservative
30,1014637,4,Wealth,9,Aggressive
53,1263652,2,Wealth,26,Moderate
42,791442,1,Retirement,16,Conservative
33,1398458,1,Wealth,7,Moderate
51,1984379,2,Retirement,28,Conservative
53,755310,5,Income,32,Moderate
46,1897790,2,Wealth,16,Moderate
23,413889,2,Wealth,1,Moderate
34,987422,3,Wealth,11,Moderate
30,616550,3,Wealth,1,Moderate
37,1137060,5,Retirement,14,Aggressive
32,300000,3,Tax,7,Moderate
30,1837279,5,Retirement,6,Aggressive
25,779396,2,Tax,0,Conservative
21,1092418,3,Wealth,0,Aggressive
30,464949,5,Wealth,2,Aggressive
40,2593680,5,Retirement,19,Aggressive
61,1026048,3,Retirement,40,Moderate
26,617957,4,Wealth,0,Aggressive
21,300000,3,Wealth,0,Moderate
32,631929,5,Wealth,7,Aggressive
53,300000,4,Wealth,27,Aggressive
25,881500,3,Wealth,3,Aggressive
48,1219054,2,Wealth,26,Moderate
56,1323961,1,Retirement,35,Moderate
56,442157,3,Retirement,26,Conservative
31,517597,3,Wealth,5,Moderate
36,755295,1,Retirement,15,Conservative
56,549521,4,Education,29,Moderate
39,300000,1,Tax,12,Conservative
33,522225,4,Wealth,4,Aggressive
54,1066109,5,Retirement,25,Aggressive
32,584352,4,Tax,7,Moderate
21,683818,2,Wealth,0,Moderate
40,560072,1,Wealth,18,Conservative
32,4152464,2,Tax,6,Aggressive
50,880115,2,Tax,27,Moderate
45,942789,1,Retirement,24,Moderate
53,540362,4,Tax,28,Moderate
37,1122657,2,Tax,14,Conservative
29,863391,2,Tax,0,Conservative
52,300000,4,Education,30,Moderate
25,2297749,2,Retirement,2,Moderate
43,746500,3,Wealth,18,Aggressive
29,1173163,1,Retirement,0,Moderate
34,516958,4,Tax,8,Moderate
29,1102323,3,Wealth,8,Aggressive
57,1285109,3,Retirement,27,Moderate
25,300000,4,Tax,0,Moderate
29,1161306,5,Tax,5,Aggressive
40,747861,2,Wealth,13,Conservative
22,392522,2,Wealth,0,Conservative
43,2599866,5,Retirement,20,Aggressive
42,419465,5,Retirement,19,Aggressive
40,949346,5,Tax,16,Aggressive
29,338283,2,Wealth,1,Moderate
25,372916,1,Wealth,4,Moderate
57,1692009,2,Retirement,34,Moderate
32,630474,1,Retirement,7,Conservative
36,2212690,2,Tax,15,Moderate
49,604040,1,Wealth,28,Moderate
26,585961,1,Wealth,0,Moderate
60,473143,3,Retirement,31,Moderate
28,571140,2,Retirement,0,Moderate
32,1243003,1,Education,3,Moderate
54,856546,3,Wealth,32,Aggressive
47,650182,2,Wealth,21,Moderate
26,1306868,1,Tax,3,Conservative
52,1185062,3,Education,28,Moderate
37,662856,5,Education,13,Aggressive
23,2343340,1,Wealth,0,Moderate
35,300000,3,Retirement,12,Moderate
36,1071031,1,Education,14,Moderate
41,739720,2,Education,17,Moderate
45,1146242,3,Wealth,19,Aggressive
28,867221,2,Retirement,3,Moderate
29,968931,3,Tax,1,Conservative
59,300000,1,Retirement,32,Conservative
34,944343,2,Retirement,7,Moderate
51,1672337,4,Retirement,30,Aggressive
40,528226,4,Income,16,Moderate
33,1618925,4,Wealth,10,Aggressive
23,629514,4,Wealth,0,Aggressive
30,532357,3,Tax,3,Moderate
26,541083,2,Income,2,Moderate
42,394498,3,Education,21,Moderate
30,847680,2,Wealth,0,Moderate
40,520828,4,Wealth,13,Aggressive
33,549518,5,Wealth,12,Aggressive
29,499314,1,Wealth,1,Conservative
42,1013568,4,Retirement,21,Aggressive
50,332359,4,Wealth,27,Moderate
47,1220179,5,Wealth,21,Aggressive
42,1145632,3,Wealth,19,Aggressive
41,1150721,3,Wealth,11,Aggressive
28,405789,2,Income,3,Conservative
42,952656,1,Income,20,Conservative
50,2007584,2,Retirement,22,Moderate
58,346150,4,Retirement,37,Moderate
33,915085,3,Wealth,7,Moderate
54,369592,4,Wealth,25,Moderate
42,665706,4,Education,17,Aggressive
42,787952,3,Retirement,12,Moderate
47,517454,4,Retirement,23,Aggressive
28,476672,4,Retirement,0,Moderate
30,964405,1,Tax,9,Moderate
60,397478,2,Tax,35,Moderate
25,1157219,1,Education,1,Moderate
58,2728131,5,Wealth,34,Aggressive
58,329559,1,Education,29,Conservative
45,316015,2,Retirement,23,Moderate
40,300000,1,Education,10,Conservative
53,577571,5,Tax,23,Aggressive
30,1469825,4,Education,8,Aggressive
46,1565099,4,Wealth,16,Aggressive
25,1082626,1,Retirement,0,Moderate
57,927521,5,Education,34,Moderate
29,1969047,2,Wealth,2,Moderate
32,572337,5,Tax,4,Moderate
46,1191995,1,Income,19,Conservative
37,3235629,3,Retirement,16,Aggressive
31,1912149,3,Retirement,7,Moderate
30,367830,5,Income,3,Moderate
60,537473,1,Retirement,31,Conservative
32,3347379,5,Retirement,2,Aggressive
32,538783,1,Wealth,10,Conservative
29,2467952,2,Retirement,5,Moderate
61,595899,3,Retirement,31,Moderate
52,701324,4,Retirement,29,Moderate
24,424007,3,Income,0,Moderate
25,477811,4,Income,0,Moderate
36,703069,1,Wealth,13,Moderate
34,917291,4,Retirement,12,Aggressive
30,608161,2,Education,5,Moderate
28,1316074,1,Retirement,6,Conservative
27,609122,3,Wealth,1,Moderate
31,300000,3,Wealth,8,Moderate
33,697142,5,Retirement,9,Aggressive
43,578753,4,Income,19,Moderate
31,2283372,1,Income,6,Conservative
63,1509237,4,Tax,40,Moderate
22,1615798,2,Education,0,Moderate
59,1318288,2,Wealth,32,Moderate
24,1096262,5,Retirement,0,Aggressive
56,1093894,1,Tax,28,Conservative
48,1538137,1,Income,21,Conservative
58,1209909,4,Wealth,30,Aggressive
56,557433,5,Retirement,30,Aggressive
29,300000,3,Tax,7,Moderate
40,300000,1,Wealth,14,Conservative
31,444832,1,Wealth,5,Conservative
59,481577,1,Wealth,34,Conservative
52,754319,5,Retirement,28,Aggressive
32,739506,2,Wealth,5,Moderate
37,2721584,3,Retirement,15,Moderate
32,1194300,2,Wealth,2,Moderate
30,478278,4,Wealth,8,Aggressive
34,2105445,1,Wealth,11,Moderate
33,686276,4,Education,5,Moderate
55,1198475,4,Income,32,Moderate
31,1118872,1,Tax,8,Moderate
27,829260,5,Wealth,1,Aggressive
47,2169161,4,Wealth,24,Aggressive
59,535564,5,Retirement,38,Aggressive
23,882087,2,Retirement,0,Moderate
46,428781,3,Tax,16,Conservative
50,1030260,3,Wealth,27,Aggressive
37,1072232,3,Wealth,9,Aggressive
41,856054,3,Retirement,14,Moderate
22,845450,5,Retirement,0,Aggressive
50,713250,2,Retirement,24,Moderate
32,1049313,5,Wealth,4,Aggressive
43,1242671,4,Retirement,16,Moderate
35,345197,1,Income,10,Conservative
44,663821,4,Wealth,22,Aggressive
52,625759,5,Wealth,31,Aggressive
26,1280557,4,Wealth,5,Aggressive
34,1878382,4,Retirement,7,Aggressive
28,1087432,4,Income,3,Moderate
48,891090,2,Income,26,Conservative
53,470729,2,Income,25,Conservative
31,2967551,1,Wealth,5,Moderate
52,422645,3,Wealth,31,Moderate
47,334844,5,Wealth,20,Aggressive
58,1333947,5,Retirement,31,Aggressive
59,563507,2,Tax,37,Conservative
54,1376665,2,Retirement,27,Moderate
38,2196766,1,Wealth,11,Moderate
70,668522,5,Tax,40,Moderate
43,1109215,5,Retirement,17,Aggressive
52,589855,1,Income,22,Conservative
30,848967,1,Wealth,3,Moderate
27,737044,4,Tax,1,Moderate
33,1578579,1,Tax,10,Conservative
48,550372,4,Income,27,Moderate
56,503024,5,Income,33,Moderate
37,702143,4,Wealth,11,Aggressive
40,1282187,3,Tax,18,Moderate
43,460746,2,Tax,20,Moderate
27,352171,4,Tax,4,Moderate
63,1834905,3,Education,36,Moderate
41,300000,1,Wealth,14,Conservative
57,324033,1,Tax,36,Conservative
49,3671814,1,Retirement,24,Conservative
36,300000,1,Wealth,10,Conservative
36,593418,3,Tax,11,Moderate
53,511871,2,Retirement,25,Conservative
44,300000,4,Tax,19,Moderate
61,399376,2,Tax,35,Conservative
46,970527,4,Wealth,22,Aggressive
28,1367327,2,Tax,5,Moderate
24,1745256,3,Income,0,Moderate
54,620588,3,Tax,33,Moderate
42,300000,1,Income,12,Conservative
38,835872,5,Wealth,12,Aggressive
51,2109885,3,Income,25,Moderate
25,2345747,3,Education,0,Aggressive
60,1603521,1,Wealth,35,Conservative
34,310467,5,Wealth,4,Aggressive
47,703494,3,Tax,22,Moderate
61,946926,3,Wealth,39,Moderate
26,1060774,2,Education,0,Moderate
30,300000,4,Wealth,0,Moderate
34,3400219,4,Wealth,6,Aggressive
30,2030246,2,Income,4,Moderate
61,804593,4,Wealth,38,Moderate
35,881556,1,Education,8,Conservative
42,568212,5,Retirement,16,Aggressive
31,1914999,3,Retirement,10,Moderate
50,358581,4,Tax,28,Moderate
27,872857,3,Tax,2,Moderate
55,448583,2,Retirement,27,Conservative
34,796233,2,Wealth,6,Moderate
29,1827205,4,Income,6,Aggressive
24,513927,2,Education,2,Moderate
31,915061,4,Education,6,Moderate
37,737181,1,Retirement,15,Conservative
37,482096,4,Retirement,14,Moderate
56,523182,2,Education,35,Moderate
34,527259,1,Retirement,6,Conservative
50,300000,1,Tax,21,Conservative
37,722395,4,Education,11,Moderate
25,851265,3,Wealth,4,Aggressive
30,300000,3,Tax,9,Moderate
33,587056,2,Tax,12,Conservative
32,688329,4,Retirement,9,Moderate
59,1419384,3,Education,34,Moderate
30,2696907,4,Income,4,Aggressive
49,1061727,3,Education,27,Aggressive
26,307430,1,Retirement,0,Conservative
36,422000,4,Wealth,8,Moderate
30,848675,3,Wealth,8,Aggressive
56,587282,5,Tax,33,Aggressive
40,783871,2,Retirement,16,Moderate
42,1439480,2,Wealth,20,Moderate
36,714911,4,Education,12,Moderate
26,4469312,5,Wealth,0,Aggressive
34,300000,1,Wealth,4,Conservative
58,1175563,2,Retirement,31,Conservative
36,300000,4,Retirement,13,Moderate
46,443786,2,Retirement,19,Conservative
52,1452852,4,Retirement,22,Aggressive
46,300000,5,Wealth,23,Aggressive
59,992483,3,Wealth,38,Aggressive
46,337519,3,Retirement,21,Moderate
62,767635,3,Education,34,Moderate
31,518706,3,Education,8,Moderate
37,814114,1,Wealth,15,Conservative
53,1064764,4,Income,24,Moderate
37,1691460,1,Retirement,12,Conservative
28,888544,3,Retirement,1,Moderate
32,1240345,3,Retirement,11,Moderate
34,768992,5,Income,13,Moderate
53,314939,2,Retirement,28,Moderate
30,363139,3,Wealth,7,Moderate
23,2290348,1,Education,0,Moderate
29,343022,1,Education,3,Moderate
30,921140,1,Retirement,9,Moderate
35,910858,5,Retirement,7,Aggressive
55,875589,1,Wealth,28,Conservative
21,1649433,4,Wealth,0,Aggressive
31,513068,4,Wealth,6,Aggressive
25,695149,5,Tax,0,Aggressive
59,635003,4,Retirement,31,Moderate
50,300000,5,Wealth,22,Aggressive
44,473310,5,Education,17,Aggressive
29,1699633,5,Tax,8,Aggressive
49,3324111,4,Education,19,Aggressive
30,1568054,3,Wealth,6,Aggressive
31,1058071,4,Income,3,Moderate
31,307813,5,Income,6,Moderate
33,917821,2,Income,3,Conservative
50,863812,4,Income,28,Moderate
50,4150766,2,Income,24,Moderate
53,300000,4,Income,30,Conservative
31,335815,5,Income,2,Moderate
24,1882962,4,Retirement,3,Aggressive
32,2376534,1,Wealth,8,Moderate
39,1016503,1,Wealth,14,Moderate
26,624371,5,Wealth,5,Aggressive
34,1203952,3,Income,4,Moderate
27,3702325,2,Education,4,Aggressive
34,512324,4,Retirement,12,Moderate
23,1116586,5,Retirement,0,Aggressive
49,699858,2,Retirement,24,Conservative
43,1044065,4,Retirement,20,Aggressive
26,1390287,4,Retirement,0,Aggressive
32,534661,3,Tax,6,Moderate
41,1601518,2,Wealth,15,Moderate
56,571151,4,Retirement,35,Moderate
52,1203554,3,Retirement,27,Moderate
60,300000,1,Wealth,32,Conservative
29,1375357,3,Tax,0,Moderate
51,433191,2,Retirement,30,Conservative
31,568135,3,Retirement,4,Moderate
49,300000,1,Wealth,26,Conservative
33,688774,1,Retirement,11,Conservative
29,2042769,2,Wealth,6,Aggressive
26,300000,5,Income,0,Moderate
28,923727,3,Wealth,3,Moderate
35,300000,2,Wealth,10,Moderate
27,725737,4,Tax,1,Moderate
51,1470096,3,Tax,26,Moderate
43,747158,1,Tax,19,Conservative
21,1392181,3,Wealth,0,Aggressive
27,567126,2,Income,0,Conservative
53,4921101,5,Education,26,Aggressive
39,1742138,5,Tax,17,Aggressive
39,933433,4,Wealth,14,Aggressive
49,2672030,2,Tax,22,Moderate
55,2139736,3,Wealth,33,Aggressive
30,553389,1,Wealth,0,Moderate
30,1144583,3,Wealth,9,Aggressive
54,655288,3,Wealth,25,Moderate
38,1533464,1,Income,11,Conservative
28,2422497,4,Income,4,Aggressive
35,300000,5,Wealth,11,Aggressive
28,876227,5,Tax,5,Aggressive
57,2243872,3,Wealth,31,Aggressive
40,1372691,2,Wealth,11,Moderate
33,1087377,5,Retirement,5,Aggressive
31,1710990,4,Retirement,1,Moderate
36,316017,4,Wealth,15,Moderate
26,1199902,1,Wealth,2,Moderate
27,1911737,2,Wealth,3,Aggressive
47,1200931,5,Retirement,22,Aggressive
34,343318,2,Retirement,6,Moderate
34,619219,5,Retirement,11,Aggressive
51,812382,1,Retirement,22,Conservative
38,454328,2,Education,17,Conservative
33,428938,2,Income,3,Conservative
33,1136940,5,Retirement,9,Aggressive
48,2554068,3,Education,21,Moderate
35,300000,5,Wealth,12,Aggressive
46,574866,2,Wealth,19,Moderate
31,486185,1,Wealth,9,Moderate
58,2305326,1,Wealth,28,Moderate
57,1337387,3,Tax,33,Moderate
30,2135187,3,Tax,2,Moderate
21,1498630,2,Education,0,Moderate
30,1842932,3,Tax,9,Moderate
33,985274,1,Retirement,12,Conservative
32,1124773,2,Wealth,2,Moderate
44,1163999,3,Wealth,15,Aggressive
56,825115,1,Wealth,33,Moderate
32,809000,3,Wealth,6,Moderate
33,1124040,1,Income,8,Conservative
27,1104271,2,Wealth,0,Moderate
61,934651,1,Tax,31,Conservative
26,914847,4,Tax,5,Aggressive
24,1326843,5,Wealth,0,Aggressive
31,737258,1,Wealth,3,Moderate
54,343003,4,Retirement,31,Moderate
49,931073,3,Education,21,Moderate
30,429921,5,Tax,1,Moderate
54,1667872,1,Income,24,Conservative
54,534520,1,Wealth,33,Conservative
27,567926,2,Retirement,5,Moderate
47,1077797,1,Wealth,25,Moderate
28,799556,5,Wealth,5,Aggressive
50,1844434,3,Wealth,23,Aggressive
32,696349,2,Education,2,Conservative
52,656096,5,Income,27,Moderate
43,472477,1,Income,20,Conservative
26,351609,5,Wealth,1,Aggressive
43,557680,5,Retirement,16,Aggressive
46,1075212,3,Wealth,22,Moderate
34,1979773,1,Income,7,Conservative
43,1462639,4,Retirement,20,Aggressive
59,540736,2,Wealth,29,Moderate
31,903067,3,Education,9,Moderate
51,822120,2,Wealth,29,Moderate
46,1814065,1,Wealth,23,Moderate
62,2024490,2,Retirement,34,Moderate
31,300000,5,Retirement,6,Moderate
27,2137904,5,Wealth,3,Aggressive
51,300000,5,Tax,27,Moderate
52,975962,4,Wealth,26,Aggressive
41,300000,5,Wealth,14,Aggressive
22,1641158,5,Tax,1,Aggressive
45,636052,1,Retirement,19,Conservative
36,1294422,5,Wealth,10,Aggressive
54,658867,4,Education,31,Moderate
39,1591205,4,Tax,15,Moderate
62,300000,3,Wealth,36,Moderate
23,1235430,4,Income,2,Moderate
51,1079321,5,Wealth,21,Aggressive
34,1048105,2,Education,13,Moderate
34,1154850,3,Income,5,Moderate
35,1784206,4,Retirement,7,Moderate
26,1608454,3,Tax,0,Aggressive
29,300135,1,Retirement,8,Moderate
53,873541,5,Income,28,Moderate
42,1033748,5,Income,14,Moderate
29,769596,3,Tax,0,Moderate
37,898349,4,Retirement,15,Moderate
52,1126475,2,Wealth,28,Moderate
51,1369467,4,Income,25,Moderate
23,1201691,3,Tax,0,Moderate
31,1475720,4,Wealth,8,Aggressive
55,3199494,3,Tax,32,Moderate
55,697258,5,Wealth,32,Aggressive
32,733861,5,Wealth,2,Aggressive
62,1318718,5,Education,35,Moderate
31,803695,3,Income,10,Moderate
21,635999,5,Tax,0,Aggressive
26,586371,1,Retirement,0,Moderate
30,1251566,2,Retirement,1,Moderate
45,1106443,3,Wealth,22,Aggressive
40,2975218,5,Wealth,19,Aggressive
36,393483,1,Retirement,8,Conservative
65,400128,4,Wealth,39,Moderate
43,844576,2,Wealth,13,Moderate
28,465562,2,Income,7,Moderate
59,300000,5,Tax,36,Moderate
60,600073,3,Tax,35,Moderate
28,3664748,3,Retirement,1,Moderate
36,4596381,1,Income,7,Moderate
50,1178086,3,Wealth,28,Aggressive
39,369720,5,Wealth,16,Aggressive
44,466447,2,Education,16,Conservative
49,860142,2,Education,26,Moderate
33,566427,2,Tax,9,Conservative
32,903852,5,Retirement,10,Aggressive
40,830937,4,Income,17,Moderate
42,342105,5,Tax,19,Aggressive
22,778955,2,Tax,0,Moderate
31,1114699,2,Tax,7,Moderate
39,620489,3,Education,10,Moderate
25,1563804,2,Wealth,0,Moderate
23,838198,1,Wealth,0,Moderate
52,735862,5,Retirement,27,Aggressive
36,841843,3,Retirement,13,Moderate
50,551936,3,Wealth,29,Aggressive
45,1070978,4,Education,18,Aggressive
29,442330,4,Income,2,Moderate
35,4291371,2,Wealth,10,Aggressive
42,3335669,1,Income,19,Moderate
37,763771,1,Retirement,11,Conservative
51,1201003,3,Retirement,28,Moderate
34,1228864,5,Wealth,12,Aggressive
55,1222325,4,Wealth,32,Aggressive
37,1301997,3,Wealth,13,Moderate
52,1368855,4,Retirement,23,Moderate
56,1309732,4,Retirement,28,Aggressive
32,465115,1,Wealth,6,Moderate
53,1100723,3,Income,30,Moderate
53,478671,1,Retirement,27,Conservative
32,1162689,1,Wealth,7,Moderate
26,1552457,3,Retirement,0,Moderate
31,1048140,5,Tax,10,Aggressive
43,1361279,4,Wealth,15,Aggressive
21,940183,1,Wealth,0,Moderate
55,2941487,5,Wealth,31,Aggressive
43,1074575,2,Wealth,20,Aggressive
39,423778,3,Wealth,17,Moderate
21,573537,2,Tax,0,Moderate
36,1092682,2,Retirement,9,Moderate
27,2020425,3,Income,0,Moderate
32,1068075,4,Tax,11,Moderate
42,944187,5,Tax,15,Moderate
22,368593,2,Wealth,0,Moderate
35,3039917,2,Income,14,Moderate
25,318221,5,Wealth,0,Aggressive
36,300000,2,Education,12,Conservative
21,580034,3,Income,0,Moderate
35,1220547,5,Wealth,5,Aggressive
26,609250,1,Education,0,Conservative
30,523665,1,Retirement,9,Conservative
30,453324,4,Income,8,Moderate
33,2778427,2,Education,12,Moderate
54,1019362,3,Retirement,25,Moderate
57,1509443,5,Tax,31,Aggressive
38,3402606,2,Tax,12,Moderate
49,3327085,3,Retirement,19,Moderate
46,429820,3,Wealth,18,Moderate
47,960073,1,Wealth,24,Moderate
33,1398897,1,Wealth,6,Conservative
32,869656,3,Retirement,10,Moderate
41,502308,2,Wealth,11,Moderate
53,300000,5,Wealth,23,Aggressive
50,2067985,4,Wealth,25,Aggressive
21,2939895,2,Retirement,0,Aggressive
34,1350069,3,Wealth,4,Aggressive
24,792893,5,Tax,0,Aggressive
36,547469,4,Income,13,Moderate
45,882681,3,Wealth,17,Moderate
25,2053536,5,Income,2,Aggressive
50,1185956,5,Retirement,23,Aggressive
30,300000,4,Retirement,7,Aggressive
37,2476762,3,Income,9,Moderate
29,1296209,1,Tax,0,Moderate
34,380629,2,Education,10,Conservative
53,1219707,4,Education,29,Aggressive
36,932421,2,Tax,6,Moderate
52,930036,4,Income,26,Moderate
30,398074,1,Wealth,9,Moderate
30,671414,2,Wealth,4,Moderate
60,300000,5,Wealth,33,Aggressive
26,1901601,5,Tax,0,Aggressive
46,442452,2,Wealth,17,Moderate
23,1768358,3,Tax,0,Moderate
49,1239375,5,Tax,28,Aggressive
27,610953,4,Income,4,Moderate
22,477353,3,Wealth,0,Moderate
33,933398,4,Tax,8,Moderate
37,1722806,1,Wealth,14,Moderate
57,1424079,5,Wealth,28,Aggressive
58,1197426,1,Education,34,Conservative
41,719140,3,Wealth,12,Aggressive
42,1427358,4,Wealth,20,Aggressive
61,300000,5,Income,31,Moderate
63,957734,2,Wealth,38,Moderate
29,811104,1,Income,6,Conservative
27,342326,5,Tax,6,Aggressive
31,631122,2,Wealth,4,Moderate
43,2635500,3,Retirement,19,Aggressive
49,1202258,2,Tax,24,Moderate
27,1555590,3,Tax,0,Moderate
63,590010,1,Retirement,35,Conservative
38,300000,2,Retirement,9,Conservative
32,2305443,4,Education,3,Aggressive
35,482694,4,Retirement,9,Moderate
35,639959,4,Tax,6,Moderate
56,313604,3,Income,29,Moderate
30,2136566,2,Wealth,1,Moderate
31,1016072,5,Retirement,2,Aggressive
64,735051,2,Retirement,40,Conservative
61,1238429,2,Retirement,38,Moderate
34,622156,1,Wealth,9,Moderate
41,527925,5,Wealth,13,Aggressive
46,352642,4,Tax,20,Conservative
27,322406,3,Tax,2,Moderate
39,1705989,5,Tax,10,Moderate
49,1958068,4,Wealth,26,Aggressive
21,300000,3,Wealth,0,Moderate
24,777740,5,Retirement,0,Aggressive
37,867939,3,Wealth,10,Moderate
29,511427,3,Wealth,8,Aggressive
30,455643,4,Income,6,Moderate
62,865416,1,Wealth,32,Conservative
36,495002,4,Wealth,9,Moderate
36,824423,5,Tax,15,Aggressive
30,378461,4,Income,4,Moderate
31,535717,4,Education,9,Moderate
29,664211,4,Income,8,Moderate
26,638066,5,Tax,4,Aggressive
30,1798162,5,Income,2,Aggressive
34,547685,3,Retirement,13,Moderate
34,1559557,3,Wealth,5,Moderate
27,300000,5,Tax,3,Aggressive
43,807291,3,Retirement,18,Moderate
59,300000,4,Retirement,29,Moderate
42,1911398,2,Retirement,12,Moderate
45,3326160,2,Tax,23,Aggressive
38,786010,3,Income,17,Moderate
41,2691811,3,Education,18,Aggressive
43,461462,1,Tax,14,Conservative
41,1603565,4,Wealth,14,Aggressive
32,1457273,4,Retirement,5,Aggressive
62,724094,1,Wealth,40,Moderate
40,801078,1,Retirement,18,Conservative
29,1017176,2,Retirement,2,Moderate
29,931085,4,Tax,0,Aggressive
27,1025688,4,Tax,0,Aggressive
45,3604185,5,Wealth,23,Aggressive
33,3280109,4,Wealth,7,Aggressive
42,1459948,2,Wealth,21,Moderate
42,3428380,2,Tax,21,Moderate
55,374391,1,Wealth,27,Conservative
22,1434606,2,Retirement,0,Moderate
34,1473883,2,Retirement,11,Moderate
27,604249,5,Tax,5,Aggressive
28,3647323,2,Wealth,5,Aggressive
56,2501396,3,Retirement,31,Aggressive
55,1173068,3,Wealth,34,Aggressive
52,490954,1,Wealth,31,Moderate
35,300000,4,Wealth,11,Aggressive
27,391131,4,Retirement,1,Moderate
30,2538865,5,Tax,3,Aggressive
28,665935,2,Retirement,4,Moderate
21,1807044,2,Wealth,0,Moderate
50,1041152,2,Tax,29,Moderate
34,300000,2,Wealth,9,Moderate
32,671636,2,Retirement,2,Moderate
54,412272,3,Education,28,Conservative
57,1444042,5,Income,35,Moderate
29,1500998,1,Income,2,Conservative
33,708388,1,Wealth,11,Moderate
49,2370417,3,Tax,21,Moderate
41,1719310,2,Wealth,20,Moderate
34,597453,2,Income,9,Conservative
44,1181171,4,Retirement,20,Moderate
62,463070,1,Tax,35,Conservative
50,637196,4,Wealth,27,Aggressive
32,1235050,1,Wealth,11,Moderate
47,839952,4,Tax,23,Moderate
44,300000,2,Tax,15,Conservative
21,1078916,2,Income,0,Moderate
28,645028,2,Wealth,0,Moderate
35,461450,5,Education,8,Aggressive
35,374582,4,Income,12,Moderate
39,704141,5,Tax,14,Aggressive
36,963643,5,Retirement,15,Aggressive
36,685802,4,Retirement,6,Moderate
23,998835,2,Wealth,0,Moderate
37,671138,3,Education,8,Moderate
25,1219392,1,Wealth,4,Moderate
27,727295,4,Retirement,5,Aggressive
30,300000,2,Wealth,8,Moderate
52,348173,5,Wealth,25,Aggressive
44,557868,2,Retirement,17,Moderate
50,1947681,4,Tax,20,Moderate
63,413021,4,Income,37,Moderate
38,1061443,1,Wealth,8,Moderate
39,1071633,1,Income,9,Conservative
31,343922,4,Tax,9,Moderate
44,667390,1,Wealth,21,Moderate
39,898267,5,Wealth,9,Aggressive
38,662854,2,Wealth,11,Moderate
59,1198781,3,Retirement,37,Moderate
50,1167244,2,Education,22,Moderate
38,934905,2,Income,9,Conservative
46,1532436,4,Income,20,Moderate
51,804042,3,Wealth,29,Moderate
26,872680,1,Income,0,Conservative
58,982498,1,Wealth,34,Moderate
34,373692,2,Tax,12,Conservative
31,1210002,4,Wealth,8,Aggressive
27,524764,3,Retirement,0,Moderate
59,694450,4,Tax,34,Moderate
45,1182063,3,Tax,16,Moderate
45,1102127,3,Wealth,24,Aggressive
27,300000,1,Income,5,Conservative
51,300037,2,Tax,25,Conservative
30,401401,1,Income,7,Conservative
46,928056,4,Retirement,19,Moderate
21,2011913,1,Wealth,0,Moderate
27,575416,2,Retirement,0,Moderate
54,417036,5,Retirement,27,Aggressive
48,418354,1,Wealth,24,Conservative
54,1094717,4,Retirement,28,Moderate
23,1711064,2,Tax,0,Moderate
53,1643645,4,Wealth,25,Aggressive
39,502599,3,Retirement,18,Moderate
53,300000,2,Wealth,30,Moderate
34,854798,3,Wealth,8,Moderate
32,2274528,2,Retirement,9,Moderate
56,1090688,5,Wealth,28,Aggressive
25,311659,5,Retirement,0,Moderate
52,769087,2,Tax,27,Conservative
42,397614,3,Wealth,15,Aggressive
23,1015535,3,Education,0,Aggressive
25,782248,4,Tax,2,Moderate
38,666054,2,Education,9,Conservative
42,518385,3,Tax,15,Conservative
53,1086205,2,Retirement,25,Moderate
28,1859455,5,Tax,6,Aggressive
26,2502367,3,Retirement,0,Aggressive
63,1076643,3,Wealth,40,Moderate
60,1961899,5,Wealth,32,Aggressive
55,397180,4,Wealth,33,Aggressive
33,637517,2,Retirement,8,Conservative
38,412123,2,Tax,11,Conservative
57,572677,2,Retirement,27,Moderate
38,393167,2,Wealth,8,Moderate
49,2520822,1,Wealth,28,Moderate
37,620979,5,Wealth,12,Aggressive
49,730155,4,Wealth,28,Aggressive
57,300000,5,Wealth,30,Aggressive
38,300000,2,Retirement,11,Conservative
51,2649178,1,Tax,30,Conservative
55,681934,1,Retirement,34,Conservative
37,4016158,5,Wealth,7,Aggressive
55,725539,3,Retirement,29,Moderate
43,337480,4,Wealth,18,Aggressive
56,818466,1,Wealth,27,Moderate
46,849002,2,Education,17,Conservative
51,891328,3,Wealth,30,Moderate
38,767842,4,Wealth,15,Aggressive
38,300000,2,Wealth,9,Moderate
27,300000,5,Tax,0,Moderate
30,1820326,1,Retirement,5,Conservative
28,3194528,5,Retirement,0,Aggressive
44,659230,3,Tax,23,Moderate
53,300000,1,Wealth,29,Conservative
34,1871952,2,Education,13,Moderate
42,445328,3,Retirement,13,Moderate
64,1028159,4,Income,36,Moderate
30,558504,2,Retirement,1,Moderate
51,570369,4,Retirement,23,Moderate
21,440566,1,Wealth,0,Moderate
37,2142986,4,Retirement,7,Aggressive
25,1106161,1,Wealth,0,Moderate
38,1016272,4,Income,17,Aggressive
40,827820,5,Wealth,16,Aggressive
37,1055539,5,Retirement,16,Aggressive
52,351779,3,Wealth,30,Moderate
49,1162335,4,Education,27,Moderate
56,1879494,1,Retirement,34,Moderate
43,940185,2,Retirement,17,Moderate
31,1478185,1,Wealth,8,Moderate
24,606468,5,Tax,2,Moderate
36,1073627,2,Tax,12,Moderate
62,614750,4,Income,37,Conservative
42,300000,5,Wealth,13,Aggressive
40,683781,4,Income,15,Moderate
25,1772853,5,Retirement,0,Aggressive
33,316823,4,Wealth,9,Aggressive
32,2526862,5,Tax,6,Aggressive
30,547932,3,Wealth,4,Aggressive
23,1195208,1,Income,0,Conservative
38,2333210,1,Wealth,10,Moderate
36,2897669,4,Retirement,9,Aggressive
33,2485046,4,Wealth,11,Aggressive
39,474000,2,Retirement,13,Moderate
39,1795336,2,Education,9,Moderate
26,532083,1,Wealth,0,Moderate
31,417701,1,Wealth,6,Conservative
34,534626,3,Wealth,10,Moderate
35,1953550,4,Education,5,Aggressive
40,580153,4,Wealth,18,Aggressive
22,467372,1,Tax,1,Conservative
56,2473072,4,Wealth,35,Aggressive
46,732836,2,Tax,24,Conservative
53,1273835,4,Tax,31,Moderate
26,417188,2,Education,0,Moderate
39,611267,5,Wealth,10,Aggressive
58,699782,4,Wealth,30,Aggressive
32,537650,5,Tax,10,Aggressive
48,761479,1,Wealth,25,Conservative
51,432702,4,Tax,24,Moderate
42,764566,3,Tax,17,Moderate
31,1790384,3,Income,5,Moderate
36,300000,5,Tax,14,Moderate
49,735109,3,Wealth,20,Moderate
21,575738,2,Wealth,0,Moderate
57,537931,1,Wealth,29,Moderate
27,3162825,2,Tax,0,Moderate
38,2218805,1,Tax,14,Moderate
62,572219,3,Retirement,40,Moderate
55,312158,1,Education,27,Conservative
24,2337674,2,Wealth,3,Aggressive
28,1067412,5,Income,7,Aggressive
38,359129,5,Wealth,15,Aggressive
40,426190,4,Education,17,Moderate
31,867718,2,Wealth,7,Moderate
49,2753680,2,Income,23,Conservative
40,623193,5,Wealth,18,Aggressive
46,1107623,3,Retirement,19,Moderate
29,532974,5,Education,0,Aggressive
43,1123225,4,Wealth,18,Aggressive
37,300000,4,Tax,11,Moderate
48,1260541,2,Retirement,21,Moderate
42,954608,2,Tax,18,Moderate
37,452454,4,Retirement,9,Moderate
39,300000,2,Retirement,11,Conservative
23,2514843,1,Retirement,1,Moderate
29,300000,4,Wealth,8,Aggressive
60,1949816,4,Wealth,32,Aggressive
28,452013,2,Tax,0,Moderate
43,1052503,1,Tax,18,Conservative
31,1239514,4,Tax,3,Moderate
42,2568385,1,Education,18,Moderate
44,377470,4,Wealth,22,Aggressive
52,784212,1,Income,28,Conservative
35,410528,5,Wealth,11,Aggressive
43,388114,4,Retirement,17,Moderate
52,860509,1,Wealth,26,Moderate
33,1451557,5,Wealth,7,Aggressive
39,4594027,2,Wealth,15,Aggressive
41,691052,3,Wealth,11,Aggressive
43,767508,1,Education,21,Moderate
32,803236,5,Retirement,2,Moderate
23,903901,4,Wealth,0,Aggressive
36,961496,5,Tax,13,Moderate
42,359079,3,Wealth,19,Moderate
31,300000,3,Wealth,7,Moderate
30,667317,3,Tax,9,Aggressive
28,3180384,2,Retirement,2,Moderate
29,848195,1,Education,3,Moderate
48,734603,4,Tax,20,Moderate
39,793822,1,Wealth,9,Moderate
41,494234,1,Education,11,Conservative
27,751950,2,Income,0,Conservative
52,832083,4,Wealth,26,Moderate
52,829027,2,Wealth,26,Moderate
44,871599,4,Retirement,18,Aggressive
21,866245,5,Retirement,0,Aggressive
30,771834,4,Retirement,7,Aggressive
35,1784999,2,Wealth,7,Moderate
37,3035893,5,Wealth,7,Aggressive
58,300000,4,Retirement,36,Moderate
46,546262,3,Tax,20,Moderate
34,300000,2,Education,5,Conservative
29,1142414,5,Retirement,3,Aggressive
27,1929697,3,Wealth,2,Aggressive
53,871561,5,Wealth,24,Aggressive
33,878067,4,Wealth,8,Aggressive
41,538469,4,Wealth,18,Aggressive
29,919448,5,Retirement,0,Aggressive
33,764951,5,Tax,8,Aggressive
39,1721749,4,Education,13,Aggressive
32,3361641,1,Tax,3,Moderate
28,2398284,5,Wealth,0,Aggressive
32,3937944,1,Income,5,Conservative
43,1274023,4,Income,19,Moderate
31,1020839,3,Retirement,2,Moderate
23,797326,3,Retirement,0,Moderate
30,1045928,2,Retirement,8,Moderate
55,1021505,2,Retirement,30,Moderate
27,2037155,4,Wealth,6,Aggressive
23,712012,5,Education,1,Aggressive
39,387518,3,Income,9,Conservative
38,789215,5,Wealth,14,Aggressive
62,422415,1,Tax,33,Conservative
57,693798,4,Wealth,33,Aggressive
55,300000,2,Tax,27,Conservative
37,826819,4,Income,10,Moderate
38,434718,2,Retirement,8,Conservative
32,1358395,4,Wealth,4,Aggressive
59,618609,4,Retirement,32,Aggressive
37,300000,2,Wealth,12,Moderate
55,606496,1,Income,27,Conservative
41,760370,4,Retirement,11,Moderate
26,1017394,3,Income,5,Moderate
52,1169030,4,Retirement,27,Moderate
28,458531,5,Wealth,7,Aggressive
52,473009,3,Education,22,Moderate
30,789946,5,Income,8,Moderate
32,997281,2,Wealth,7,Moderate
40,1122375,2,Income,12,Conservative
51,1568964,2,Education,27,Moderate
37,300000,5,Retirement,8,Aggressive
25,1589841,2,Income,1,Conservative
60,1429904,3,Retirement,38,Moderate
55,1461686,2,Wealth,32,Moderate
59,689915,4,Retirement,35,Moderate
31,963542,5,Education,5,Aggressive
47,1138132,5,Retirement,17,Aggressive
30,708488,5,Wealth,2,Aggressive
29,1569059,5,Retirement,3,Aggressive
52,352543,1,Wealth,22,Moderate
32,1334174,2,Retirement,3,Moderate
30,1139640,4,Tax,6,Aggressive
33,2335338,4,Tax,10,Moderate
37,3131428,5,Wealth,16,Aggressive
28,704893,4,Income,6,Moderate
49,2365901,2,Income,28,Moderate
57,996883,3,Wealth,29,Moderate
30,1016722,4,Tax,5,Aggressive
47,1063147,1,Retirement,25,Conservative
58,315872,5,Retirement,32,Aggressive
28,1784613,3,Wealth,3,Aggressive
61,305144,3,Income,36,Conservative
36,1147445,5,Education,15,Aggressive
44,300000,5,Tax,17,Aggressive
36,692490,4,Wealth,12,Aggressive
34,800285,5,Retirement,12,Aggressive
29,1261107,1,Wealth,5,Moderate
21,2225667,2,Retirement,0,Moderate
53,764628,3,Tax,32,Moderate
29,336903,5,Wealth,6,Aggressive
32,589124,4,Wealth,3,Aggressive
32,951133,5,Tax,9,Aggressive
56,898294,1,Wealth,33,Moderate
38,300000,5,Tax,16,Moderate
34,563137,1,Wealth,9,Moderate
43,555002,5,Income,14,Aggressive
61,697102,2,Income,39,Conservative
32,1227209,4,Income,2,Moderate
30,464067,1,Wealth,5,Moderate
61,1701001,5,Education,40,Aggressive
54,1352008,3,Wealth,24,Moderate
63,300000,1,Income,35,Conservative
27,601675,2,Retirement,4,Moderate
56,935066,2,Education,35,Moderate
55,2321004,3,Wealth,34,Aggressive
60,348357,5,Tax,35,Moderate
32,300000,5,Education,5,Moderate
27,942627,5,Tax,4,Aggressive
43,398340,5,Tax,22,Aggressive
43,765870,5,Tax,16,Aggressive
45,483825,3,Education,17,Moderate
33,1535943,2,Tax,12,Moderate
34,1355919,3,Retirement,5,Moderate
55,527287,4,Wealth,29,Moderate
32,2321248,4,Tax,3,Aggressive
45,842835,1,Wealth,22,Moderate
40,1016028,5,Wealth,16,Aggressive
31,507083,2,Tax,3,Conservative
39,481280,1,Retirement,17,Conservative
30,2357677,4,Wealth,6,Aggressive
40,874300,1,Tax,14,Conservative
27,945061,4,Income,0,Moderate
57,563540,4,Wealth,29,Aggressive
41,975727,3,Retirement,19,Moderate
33,816288,1,Wealth,3,Moderate
37,795990,4,Income,8,Moderate
30,2559808,2,Wealth,9,Aggressive
28,885250,4,Retirement,6,Aggressive
59,364972,3,Income,32,Conservative
57,1142530,1,Retirement,35,Conservative
51,623023,4,Income,30,Moderate
46,396420,5,Wealth,19,Aggressive
61,488708,5,Wealth,40,Moderate
26,1728632,4,Retirement,3,Aggressive
44,392578,1,Tax,18,Conservative
38,406620,3,Wealth,12,Moderate
52,842360,2,Wealth,30,Moderate
36,640678,1,Education,12,Conservative
40,405806,3,Wealth,19,Moderate
54,1534823,4,Tax,27,Aggressive
40,599840,2,Tax,10,Moderate
45,325615,1,Wealth,18,Moderate
50,993583,4,Retirement,22,Moderate
31,1425663,2,Wealth,8,Moderate
31,1120403,4,Wealth,10,Aggressive
47,1277967,5,Retirement,26,Aggressive
30,1263148,5,Tax,3,Aggressive
34,668463,3,Education,9,Moderate
31,582578,2,Retirement,8,Moderate
23,503787,5,Income,0,Moderate
21,802248,4,Education,0,Moderate
55,300000,3,Retirement,25,Moderate
28,359151,5,Wealth,3,Aggressive
35,2043052,3,Wealth,5,Aggressive
25,1510234,2,Retirement,4,Moderate
33,898515,5,Retirement,11,Aggressive
36,2348757,5,Tax,14,Aggressive
31,1053530,1,Tax,9,Conservative
25,821827,1,Retirement,0,Conservative
28,312428,2,Wealth,0,Moderate
26,663813,2,Retirement,0,Moderate
31,1599975,1,Retirement,8,Conservative
54,1193337,5,Tax,27,Aggressive
47,3172984,3,Wealth,26,Aggressive
50,819839,2,Wealth,21,Moderate
24,300000,1,Wealth,0,Moderate
27,1055363,3,Retirement,4,Moderate
35,300000,1,Tax,13,Conservative
40,576545,4,Income,13,Moderate
22,1506460,5,Tax,0,Aggressive
41,2620060,3,Tax,11,Moderate
59,390704,1,Wealth,29,Moderate
58,1065695,3,Income,34,Moderate
26,2428926,4,Wealth,5,Aggressive
35,862321,4,Retirement,9,Moderate
37,523819,5,Wealth,15,Aggressive
50,2936913,1,Tax,22,Moderate
51,1614160,1,Wealth,21,Moderate
26,844662,1,Tax,5,Conservative
45,300000,2,Wealth,16,Moderate
52,628163,5,Wealth,22,Aggressive
52,483557,4,Tax,24,Moderate
26,300000,5,Wealth,4,Aggressive
48,2073039,2,Income,25,Conservative
56,1204046,1,Wealth,29,Moderate
26,490449,4,Retirement,0,Moderate
24,535238,1,Education,0,Conservative
44,584888,2,Retirement,19,Moderate
33,400745,2,Wealth,10,Moderate
52,5915769,1,Education,27,Moderate
26,488368,1,Retirement,3,Conservative
47,643384,3,Tax,26,Moderate
41,498086,4,Income,19,Moderate
35,300000,4,Wealth,10,Moderate
44,340178,5,Retirement,14,Moderate
49,1692688,5,Tax,26,Aggressive
33,641672,2,Retirement,8,Moderate
33,1077555,4,Tax,6,Moderate
68,1109935,2,Income,40,Conservative
69,1111935,1,Wealth,40,Conservative
33,496015,4,Wealth,10,Moderate
40,2630359,2,Wealth,17,Aggressive
21,1536217,3,Education,0,Moderate
59,1125015,3,Wealth,32,Aggressive
40,961037,4,Retirement,15,Moderate
45,307361,4,Retirement,21,Moderate
55,1440655,5,Wealth,28,Aggressive
45,734999,4,Retirement,23,Moderate
27,457184,5,Wealth,3,Aggressive
51,394438,3,Income,24,Moderate
34,1603575,3,Income,8,Moderate
28,303287,3,Retirement,6,Moderate
26,609531,1,Retirement,4,Moderate
26,901668,4,Wealth,2,Aggressive
35,726822,3,Retirement,8,Moderate
62,1078997,5,Retirement,40,Moderate
39,1834447,5,Retirement,12,Aggressive
55,1243042,2,Retirement,27,Moderate
32,843458,2,Wealth,2,Moderate
34,589817,1,Wealth,7,Conservative
34,300000,5,Retirement,13,Aggressive
55,770716,2,Retirement,26,Conservative
49,620138,4,Wealth,23,Moderate
31,1166727,4,Tax,8,Moderate
25,732901,4,Wealth,4,Aggressive
40,1668974,4,Wealth,19,Aggressive
60,592345,2,Tax,38,Conservative
41,544885,1,Wealth,14,Moderate
28,1083845,2,Wealth,2,Moderate
32,869138,4,Wealth,3,Aggressive
38,1051673,3,Education,10,Moderate
54,735079,4,Wealth,30,Aggressive
45,820971,1,Income,21,Conservative
24,655070,5,Tax,0,Aggressive
33,884716,5,Income,6,Moderate
38,1915254,4,Tax,13,Moderate
33,564437,1,Wealth,8,Moderate
33,527414,2,Tax,3,Moderate
52,1008225,1,Retirement,30,Moderate
30,708060,4,Retirement,6,Aggressive
42,2166909,2,Tax,14,Moderate
21,1315585,5,Wealth,0,Aggressive
61,1466987,4,Wealth,40,Aggressive
32,1562361,5,Education,3,Aggressive
49,509154,4,Income,21,Moderate
31,872247,2,Retirement,4,Moderate
29,1295143,1,Education,0,Conservative
28,808716,5,Wealth,0,Aggressive
33,430256,2,Wealth,7,Moderate
43,1543994,5,Retirement,17,Aggressive
26,713413,3,Tax,0,Moderate
29,996039,2,Income,5,Moderate
54,1211769,2,Tax,32,Moderate
57,2324160,1,Tax,32,Moderate
50,929996,1,Education,27,Moderate
48,300000,4,Retirement,26,Moderate
29,915790,1,Wealth,8,Moderate
55,981613,4,Tax,30,Moderate
39,300000,1,Tax,18,Conservative
28,2259711,1,Income,4,Conservative
34,300000,4,Retirement,13,Moderate
56,1209431,3,Wealth,29,Moderate
36,300000,2,Wealth,9,Conservative
45,1703374,4,Income,22,Moderate
31,1196786,3,Education,8,Moderate
40,2263402,1,Wealth,10,Moderate
29,1158683,4,Tax,8,Aggressive
39,1032938,3,Retirement,9,Moderate
41,640900,3,Tax,20,Moderate
47,300000,2,Wealth,23,Moderate
38,3709056,1,Education,9,Moderate
51,574441,5,Retirement,27,Moderate
52,1021010,3,Tax,26,Moderate
32,453025,4,Retirement,7,Moderate
50,380375,1,Income,24,Conservative
37,840432,5,Tax,16,Aggressive
46,1078739,5,Wealth,21,Aggressive
37,2758491,5,Retirement,11,Aggressive
28,1630206,3,Tax,0,Moderate
27,981481,2,Wealth,0,Moderate
55,772953,5,Tax,31,Aggressive
22,1026098,5,Tax,0,Aggressive
24,671345,4,Wealth,2,Aggressive
57,966382,5,Income,28,Moderate
32,461824,1,Retirement,2,Conservative
23,547004,2,Education,0,Moderate
28,777619,2,Wealth,6,Moderate
37,1011046,5,Income,12,Aggressive
38,741917,3,Tax,13,Moderate
29,922808,3,Tax,3,Aggressive
32,425640,5,Retirement,7,Aggressive
35,347760,5,Retirement,7,Moderate
62,778429,3,Income,33,Conservative
30,300000,5,Education,4,Aggressive
32,1471778,4,Retirement,5,Moderate
46,307954,4,Retirement,23,Moderate
35,613268,5,Wealth,14,Aggressive
34,1146427,3,Retirement,6,Moderate
29,1530557,4,Wealth,7,Aggressive
46,1263553,3,Wealth,21,Aggressive
55,1132136,5,Tax,34,Aggressive
33,4880261,5,Wealth,4,Aggressive
48,385638,5,Income,26,Moderate
54,1004016,4,Retirement,24,Moderate
28,1255515,2,Income,4,Moderate
50,1034720,2,Retirement,28,Conservative
31,582420,2,Income,9,Conservative
62,1180529,4,Income,40,Moderate
21,1124126,3,Retirement,0,Moderate
53,1926148,2,Education,32,Moderate
28,1122784,2,Wealth,0,Moderate
29,300000,1,Retirement,1,Conservative
43,1400632,5,Retirement,20,Aggressive
24,608662,2,Tax,1,Moderate
27,705607,2,Retirement,5,Moderate
39,362093,3,Wealth,18,Aggressive
30,886884,5,Wealth,8,Aggressive
25,3210147,4,Income,3,Aggressive
55,1701259,4,Tax,32,Aggressive
22,351736,1,Wealth,0,Moderate
61,700975,3,Income,39,Moderate
30,1633240,3,Tax,9,Aggressive
64,711069,5,Tax,40,Moderate
45,300000,3,Retirement,23,Moderate
26,550037,1,Tax,5,Conservative
31,2118754,5,Tax,4,Aggressive
55,2315112,3,Tax,34,Moderate
57,712361,3,Wealth,31,Moderate
46,665227,2,Retirement,17,Moderate
49,300000,2,Wealth,24,Moderate
50,753715,1,Wealth,21,Moderate
30,540546,2,Income,2,Moderate
44,300000,3,Tax,22,Moderate
40,413598,2,Income,15,Conservative
26,322085,3,Retirement,1,Moderate
25,839524,5,Retirement,1,Aggressive
28,2387131,2,Income,7,Moderate
23,724489,1,Wealth,0,Moderate
36,968003,4,Tax,11,Moderate
28,4519110,3,Tax,3,Aggressive
28,300000,1,Wealth,6,Conservative
37,921946,3,Wealth,11,Moderate
22,1795968,3,Retirement,0,Aggressive
51,1003391,5,Wealth,30,Aggressive
57,300000,3,Wealth,35,Moderate
63,3109819,4,Wealth,39,Aggressive
56,1450333,4,Wealth,29,Aggressive
36,972895,4,Education,14,Aggressive
30,306418,1,Retirement,0,Conservative
33,4008061,5,Education,9,Aggressive
32,1215577,1,Income,4,Conservative
43,1101427,1,Wealth,15,Conservative
25,1214576,4,Education,0,Aggressive
34,1576374,1,Wealth,13,Moderate
29,873188,3,Wealth,7,Aggressive
34,742234,2,Wealth,4,Moderate
34,300000,3,Retirement,13,Moderate
30,465302,1,Wealth,7,Moderate
42,3224933,5,Income,19,Aggressive
39,450743,3,Wealth,12,Moderate
35,654842,1,Retirement,11,Conservative
46,359689,5,Wealth,16,Aggressive
24,1151732,4,Tax,0,Aggressive
32,673873,2,Retirement,9,Moderate
28,657400,1,Wealth,7,Moderate
30,460249,3,Retirement,4,Moderate
26,1079609,2,Retirement,0,Moderate
55,2258691,4,Income,27,Moderate
31,300000,4,Retirement,6,Moderate
44,651838,2,Income,21,Conservative
32,719611,1,Wealth,8,Moderate
21,472323,1,Wealth,0,Conservative
39,1811536,5,Wealth,15,Aggressive
22,1827540,5,Education,0,Aggressive
26,946651,1,Wealth,0,Moderate
42,501268,3,Retirement,16,Moderate
38,1800302,4,Wealth,9,Aggressive
39,655728,5,Tax,13,Aggressive
28,1599140,2,Retirement,0,Moderate
31,4457403,2,Tax,7,Moderate
29,806421,1,Wealth,0,Moderate
48,900475,2,Retirement,19,Moderate
34,494503,2,Wealth,4,Moderate
60,1644924,1,Wealth,34,Moderate
32,934560,3,Wealth,7,Moderate
30,334272,1,Retirement,1,Conservative
31,489108,4,Income,9,Conservative
46,3175256,5,Retirement,21,Aggressive
24,678834,3,Income,0,Conservative
38,374286,3,Tax,14,Moderate
50,919195,2,Tax,20,Conservative
37,555825,5,Tax,15,Moderate
24,708111,5,Tax,0,Aggressive
43,1177483,3,Wealth,17,Aggressive
30,1021507,4,Income,8,Aggressive
35,825722,4,Retirement,14,Moderate
26,524878,2,Wealth,1,Moderate
41,300000,2,Income,19,Conservative
30,3092561,4,Tax,2,Aggressive
28,2965351,5,Wealth,0,Aggressive
29,819891,4,Income,7,Moderate
23,1445938,3,Retirement,0,Moderate
39,788069,1,Wealth,13,Moderate
62,469480,1,Retirement,36,Conservative
37,848821,1,Education,12,Conservative
26,889677,5,Wealth,0,Aggressive
47,2286656,4,Wealth,23,Aggressive
21,861580,3,Wealth,0,Moderate
46,2658431,3,Wealth,25,Moderate
51,720321,2,Wealth,28,Moderate
21,542065,5,Retirement,0,Aggressive
22,2286662,3,Income,1,Moderate
27,2139964,2,Wealth,0,Moderate
34,850738,5,Tax,9,Moderate
47,1024407,3,Retirement,17,Moderate
58,984302,4,Wealth,28,Aggressive
33,934665,3,Retirement,7,Moderate
26,621505,5,Retirement,0,Aggressive
25,4313206,2,Wealth,0,Aggressive
42,609281,5,Wealth,19,Aggressive
44,1189731,1,Retirement,20,Moderate
45,921039,3,Wealth,16,Aggressive
27,300000,1,Wealth,0,Conservative
28,875421,4,Tax,1,Aggressive
51,661954,2,Tax,29,Moderate
35,546024,4,Education,9,Moderate
50,389569,5,Wealth,25,Aggressive
40,2847598,3,Income,19,Moderate
36,369879,2,Tax,9,Conservative
21,705045,1,Tax,0,Conservative
31,559147,1,Education,5,Conservative
30,384521,5,Wealth,4,Aggressive
41,1379532,1,Income,15,Conservative
43,1100605,5,Retirement,20,Aggressive
32,568883,2,Wealth,8,Moderate
58,423262,4,Tax,36,Moderate
60,1163362,3,Retirement,31,Moderate
65,1093787,4,Wealth,36,Aggressive
63,728211,4,Retirement,34,Moderate
31,2203892,3,Retirement,1,Moderate
39,2420341,2,Wealth,16,Aggressive
21,564750,5,Tax,0,Aggressive
42,3477593,1,Wealth,19,Moderate
47,664845,3,Retirement,24,Moderate
32,670895,4,Wealth,3,Moderate
50,1327938,3,Retirement,21,Moderate
21,1028396,2,Wealth,0,Aggressive
29,824752,3,Retirement,2,Moderate
50,300000,1,Wealth,26,Conservative
33,300000,4,Wealth,8,Moderate
53,328166,1,Wealth,29,Conservative
41,812106,1,Retirement,18,Moderate
63,560841,1,Income,35,Conservative
46,618891,1,Retirement,17,Moderate
22,655186,3,Retirement,0,Moderate
48,1598067,3,Retirement,19,Moderate
39,1385815,4,Tax,12,Moderate
29,602527,5,Wealth,0,Aggressive
46,651406,5,Income,23,Moderate
54,440553,1,Wealth,30,Conservative
33,637032,2,Income,6,Conservative
27,2001767,1,Income,2,Conservative
21,1533855,2,Retirement,0,Moderate
31,1054114,2,Retirement,2,Conservative
38,380416,1,Retirement,12,Conservative
59,776811,4,Income,33,Moderate
35,615833,2,Wealth,14,Moderate
53,723864,1,Tax,31,Conservative
48,1401713,1,Wealth,25,Moderate
30,1714100,1,Income,1,Conservative
31,4468441,2,Income,7,Moderate
29,429994,3,Retirement,8,Moderate
28,1907275,2,Tax,3,Moderate
25,732586,3,Wealth,0,Aggressive
27,489066,3,Tax,2,Conservative
56,3690590,4,Tax,31,Moderate
39,2766102,5,Wealth,13,Aggressive
31,662167,1,Retirement,4,Conservative
34,486151,1,Tax,5,Conservative
49,300000,2,Wealth,23,Moderate
59,1939901,5,Tax,36,Aggressive
53,300000,4,Income,31,Moderate
45,728062,1,Wealth,22,Moderate
36,431300,2,Retirement,11,Conservative
43,2138652,4,Wealth,13,Aggressive
54,2932399,5,Wealth,33,Aggressive
28,300000,2,Education,3,Moderate
39,853496,4,Tax,14,Moderate
29,973761,5,Wealth,0,Aggressive
61,658904,1,Education,38,Conservative
25,514600,5,Wealth,1,Aggressive
51,2410006,2,Education,25,Moderate
30,559006,1,Retirement,8,Moderate
47,3229375,3,Retirement,25,Moderate
49,507178,2,Retirement,26,Moderate
56,1383822,3,Wealth,27,Moderate
31,1446588,5,Tax,9,Aggressive
54,506846,4,Tax,30,Moderate
41,300000,1,Retirement,17,Moderate
40,441764,2,Income,15,Conservative
53,353067,1,Retirement,23,Conservative
45,1435114,5,Tax,23,Aggressive
37,618202,5,Wealth,14,Aggressive
39,2109200,4,Education,15,Aggressive
54,1203779,4,Education,33,Aggressive
51,704511,2,Retirement,30,Moderate
30,854825,1,Tax,1,Conservative
25,318383,2,Wealth,3,Moderate
29,703595,3,Tax,8,Moderate
46,891330,5,Wealth,16,Aggressive
33,615985,3,Income,8,Moderate
47,543647,3,Tax,26,Moderate
40,1629620,1,Education,19,Moderate
24,416535,3,Tax,2,Moderate
38,1213901,3,Wealth,12,Aggressive
26,1741235,4,Retirement,1,Moderate
30,1139759,2,Retirement,2,Moderate
43,346984,4,Income,16,Moderate
28,873153,1,Retirement,4,Moderate
39,1506687,2,Retirement,15,Moderate
37,658601,2,Tax,12,Conservative
34,443535,5,Tax,8,Moderate
28,432811,5,Tax,6,Aggressive
42,1009862,3,Retirement,20,Moderate
37,638760,2,Tax,9,Conservative
59,523012,2,Education,36,Moderate
28,300000,5,Wealth,7,Aggressive
22,2848493,3,Wealth,0,Aggressive
57,646932,5,Retirement,32,Aggressive
59,1425241,2,Wealth,32,Moderate
29,2057231,1,Wealth,4,Aggressive
55,8744632,5,Tax,33,Aggressive
25,1299281,4,Retirement,3,Aggressive
39,1019283,5,Wealth,17,Aggressive
57,300000,2,Retirement,35,Conservative
36,300000,3,Wealth,9,Moderate
34,300000,2,Retirement,11,Moderate
54,716022,3,Wealth,24,Moderate
55,400868,2,Wealth,32,Moderate
54,573827,4,Wealth,31,Aggressive
42,2204818,4,Tax,19,Aggressive
28,1157451,3,Tax,2,Moderate
53,798369,4,Wealth,24,Aggressive
44,924421,1,Wealth,16,Moderate
25,495017,1,Education,0,Conservative
39,576563,4,Tax,10,Aggressive
40,306173,5,Wealth,19,Aggressive
42,1389096,4,Wealth,19,Aggressive
22,2784227,3,Wealth,0,Aggressive
59,2090886,4,Income,33,Moderate
35,820258,4,Education,10,Moderate
28,1574967,3,Wealth,6,Aggressive
27,1179883,1,Wealth,0,Moderate
57,909761,5,Wealth,32,Aggressive
51,1031406,2,Wealth,27,Moderate
30,320364,5,Education,9,Aggressive
22,576036,2,Wealth,0,Moderate
32,500036,4,Retirement,10,Moderate
36,300000,1,Wealth,9,Conservative
52,1207206,4,Tax,26,Moderate
23,1318036,2,Wealth,0,Moderate
55,300000,1,Wealth,25,Conservative
58,797856,2,Education,34,Moderate
34,635818,4,Wealth,6,Moderate
47,520689,2,Wealth,17,Moderate
33,300000,1,Retirement,7,Conservative
39,841158,5,Retirement,17,Aggressive
55,816758,4,Tax,31,Moderate
57,619150,2,Wealth,28,Moderate
23,1419762,2,Retirement,1,Moderate
43,1376978,5,Wealth,19,Aggressive
31,300000,1,Income,6,Conservative
26,1374969,3,Retirement,0,Moderate
34,412874,3,Wealth,5,Moderate
24,665987,3,Tax,0,Moderate
47,2555668,4,Wealth,26,Aggressive
26,782097,3,Income,2,Conservative
63,1654937,3,Wealth,38,Moderate
33,674943,5,Income,7,Moderate
54,1552636,3,Education,33,Moderate
50,776042,2,Wealth,23,Moderate
33,667793,5,Wealth,7,Aggressive
33,878499,2,Tax,8,Moderate
54,368370,4,Wealth,30,Moderate
31,561951,5,Retirement,4,Aggressive
37,1236412,2,Wealth,9,Moderate
34,1449301,2,Retirement,12,Moderate
32,425888,1,Wealth,7,Conservative
36,2692798,1,Wealth,11,Moderate
59,2857218,1,Wealth,32,Moderate
46,422017,1,Wealth,19,Conservative
33,585831,3,Retirement,7,Moderate
61,789104,4,Wealth,33,Moderate
39,1886362,3,Income,11,Moderate
34,1203955,4,Retirement,6,Aggressive
38,650602,5,Wealth,13,Aggressive
55,332846,4,Wealth,29,Moderate
28,300000,3,Wealth,1,Moderate
22,984666,5,Retirement,0,Aggressive
34,2882842,5,Retirement,10,Aggressive
54,808283,5,Education,29,Aggressive
28,1078007,1,Tax,3,Moderate
30,934337,3,Retirement,7,Moderate
29,300000,1,Wealth,6,Moderate
43,2421404,2,Retirement,13,Moderate
39,464362,5,Retirement,17,Aggressive
27,460506,5,Income,6,Moderate
61,1117413,5,Tax,33,Moderate
24,487543,3,Retirement,2,Moderate
41,323722,5,Wealth,13,Aggressive
41,1587253,3,Tax,20,Moderate
29,881643,2,Wealth,7,Moderate
25,1577817,2,Retirement,4,Moderate
31,623069,2,Tax,3,Conservative
50,586355,1,Wealth,28,Moderate
55,962067,5,Wealth,30,Aggressive
41,1031018,2,Retirement,18,Moderate
46,514279,4,Tax,23,Moderate
57,473042,3,Education,36,Moderate
58,1520812,4,Wealth,33,Aggressive
38,1018361,2,Wealth,15,Moderate
45,977091,1,Education,19,Conservative
35,300000,1,Tax,5,Conservative
55,965695,4,Wealth,28,Moderate
31,1046033,2,Income,3,Conservative
59,644343,5,Wealth,30,Aggressive
31,1196834,3,Retirement,6,Moderate
30,496347,3,Retirement,4,Moderate
34,1024685,1,Wealth,12,Moderate
61,300000,4,Tax,39,Moderate
52,1518226,2,Wealth,30,Moderate
27,469534,2,Wealth,0,Moderate
37,1092616,5,Income,7,Aggressive
58,1924741,5,Tax,31,Aggressive
56,1608941,2,Income,35,Conservative
44,1089635,2,Retirement,22,Moderate
34,1433067,3,Retirement,8,Moderate
54,2294459,4,Wealth,26,Aggressive
38,876914,3,Retirement,11,Moderate
46,1589905,5,Wealth,16,Aggressive
30,353274,1,Retirement,7,Moderate
54,486622,2,Retirement,26,Conservative
32,2314380,2,Wealth,2,Moderate
29,677622,4,Income,5,Moderate
50,558408,5,Wealth,24,Aggressive
35,660044,2,Wealth,13,Moderate
28,489734,3,Retirement,4,Moderate
43,715467,4,Retirement,22,Aggressive
57,386824,2,Retirement,36,Conservative
25,541586,1,Retirement,0,Moderate
21,851729,5,Income,0,Moderate
56,2423452,4,Wealth,33,Aggressive
41,781332,3,Tax,20,Moderate
36,300000,5,Retirement,13,Moderate
27,1630251,2,Retirement,5,Moderate
57,1417002,1,Retirement,28,Moderate
37,462358,3,Retirement,11,Moderate
36,1400790,5,Wealth,10,Aggressive
32,735227,2,Tax,7,Moderate
67,2215456,4,Wealth,40,Aggressive
60,4288438,2,Wealth,30,Aggressive
35,1065404,4,Retirement,8,Aggressive
63,1379837,4,Tax,34,Moderate
39,2475748,2,Tax,11,Moderate
46,1580098,1,Tax,21,Conservative
39,1108382,4,Retirement,15,Aggressive
31,746783,4,Wealth,7,Aggressive
36,364407,2,Tax,15,Conservative
52,663961,4,Education,30,Moderate
60,683381,3,Income,36,Moderate
59,818372,5,Retirement,35,Aggressive
36,300000,2,Retirement,6,Conservative
43,626417,3,Education,22,Moderate
26,672458,4,Wealth,2,Aggressive
38,304083,4,Retirement,14,Moderate
28,1071206,4,Wealth,0,Aggressive
36,1542093,5,Wealth,15,Aggressive
35,803810,1,Wealth,14,Moderate
34,337992,2,Wealth,11,Moderate
53,749920,3,Wealth,28,Moderate
33,1346975,1,Income,12,Conservative
54,1314509,2,Income,26,Conservative
34,780249,4,Tax,6,Moderate
31,1074005,4,Tax,6,Aggressive
38,516817,3,Wealth,15,Moderate
48,1358024,1,Wealth,23,Moderate
46,605448,4,Retirement,19,Moderate
31,472117,5,Income,9,Moderate
32,1569634,2,Tax,9,Moderate
25,885019,3,Wealth,3,Moderate
26,853909,5,Wealth,0,Aggressive
40,1171275,3,Retirement,10,Moderate
39,768858,2,Tax,12,Conservative
41,419861,1,Tax,16,Conservative
36,688799,5,Tax,14,Aggressive
49,300000,4,Wealth,19,Moderate
57,1831656,3,Tax,33,Moderate
33,370870,1,Tax,7,Conservative
40,3142452,2,Wealth,11,Aggressive
34,464015,4,Retirement,13,Moderate
28,1241028,3,Wealth,2,Aggressive
40,3001246,1,Tax,14,Moderate
34,967953,2,Wealth,13,Moderate
49,643392,1,Wealth,25,Moderate
37,824597,2,Retirement,16,Moderate
48,439883,4,Wealth,20,Aggressive
25,300000,5,Wealth,4,Aggressive
61,1223596,3,Wealth,35,Moderate
51,300000,5,Tax,25,Moderate
36,309316,4,Education,7,Moderate
26,839290,5,Retirement,0,Aggressive
29,507968,3,Tax,5,Moderate
28,1136465,4,Wealth,0,Aggressive
31,2468964,3,Tax,1,Moderate
35,673872,5,Retirement,14,Aggressive
53,526729,1,Retirement,28,Moderate
39,2779805,1,Income,9,Conservative
51,1300761,3,Wealth,24,Aggressive
29,1539085,1,Retirement,7,Moderate
35,1456008,3,Retirement,7,Moderate
29,678341,5,Tax,3,Aggressive
32,619643,2,Tax,10,Conservative
44,414303,4,Tax,14,Moderate
51,1340692,5,Income,25,Moderate
28,1055778,2,Education,6,Moderate
28,1267009,5,Wealth,2,Aggressive
26,300000,2,Retirement,0,Moderate
30,1546571,3,Retirement,7,Aggressive
33,584407,4,Tax,12,Moderate
27,300000,3,Wealth,2,Aggressive
27,324690,4,Wealth,6,Aggressive
21,567600,2,Wealth,0,Moderate
31,488104,1,Education,4,Conservative
23,813355,1,Income,2,Conservative
35,1111226,1,Wealth,12,Moderate
39,744055,1,Education,10,Moderate
40,579125,5,Income,16,Moderate
34,890306,5,Tax,4,Moderate
62,899034,1,Wealth,38,Conservative
32,1959367,3,Wealth,6,Aggressive
29,525672,2,Wealth,6,Moderate
35,745821,1,Wealth,14,Moderate
29,2554803,3,Income,0,Moderate
34,343294,3,Wealth,6,Moderate
33,624370,3,Tax,7,Moderate
28,425027,5,Tax,4,Aggressive
27,335077,4,Retirement,3,Moderate
41,943822,5,Wealth,12,Aggressive
26,2045746,1,Retirement,0,Moderate
33,3500372,1,Wealth,6,Moderate
35,782731,1,Income,12,Conservative
46,1147818,2,Income,16,Conservative
36,1177624,2,Education,6,Moderate
36,697861,4,Income,8,Moderate
50,1975694,5,Tax,20,Aggressive
36,718449,3,Retirement,11,Moderate
53,1723967,5,Retirement,23,Aggressive
40,628075,1,Wealth,15,Moderate
34,359634,4,Tax,10,Conservative
28,375648,2,Income,6,Conservative
29,300000,4,Tax,7,Aggressive
57,1952134,3,Education,27,Moderate
32,1970959,4,Education,4,Moderate
31,488931,4,Tax,5,Conservative
34,381817,4,Tax,7,Conservative
41,468146,1,Wealth,19,Moderate
33,913108,3,Wealth,12,Moderate
41,418688,2,Income,17,Moderate
32,1184592,5,Tax,8,Aggressive
30,651559,2,Education,2,Moderate
28,1721357,4,Wealth,6,Aggressive
25,1292540,4,Tax,0,Moderate
40,367529,5,Wealth,14,Aggressive
46,333574,3,Retirement,17,Moderate
43,932220,4,Retirement,13,Moderate
39,709749,1,Wealth,17,Moderate
26,1966619,1,Income,5,Conservative
52,1059075,2,Wealth,31,Moderate
32,585120,1,Education,10,Conservative
52,2615682,2,Retirement,28,Moderate
32,597129,4,Wealth,4,Aggressive
38,315844,1,Tax,17,Conservative
26,697984,1,Education,0,Conservative
28,458625,5,Tax,7,Aggressive
61,1608990,2,Wealth,31,Moderate
33,365671,5,Wealth,7,Aggressive
33,1460572,3,Wealth,10,Moderate
56,671757,5,Tax,26,Moderate
40,300000,1,Wealth,11,Conservative
25,1086465,1,Tax,0,Conservative
51,1849738,3,Wealth,30,Moderate
45,866086,2,Tax,17,Moderate
30,705355,2,Retirement,6,Moderate
38,2961148,2,Income,11,Moderate
54,1867202,3,Retirement,24,Moderate
27,1383147,4,Wealth,0,Aggressive
23,300000,4,Tax,0,Moderate
29,494601,3,Wealth,5,Moderate
39,694162,5,Wealth,12,Aggressive
40,1114800,3,Income,12,Moderate
47,1509374,4,Tax,23,Moderate
37,388857,4,Wealth,15,Moderate
21,1209403,5,Education,0,Aggressive
31,356781,1,Wealth,5,Conservative
29,1325945,1,Tax,8,Moderate
24,372474,1,Wealth,1,Conservative
25,1923725,2,Retirement,1,Moderate
29,963209,4,Wealth,4,Aggressive
31,616088,3,Retirement,1,Moderate
35,997025,5,Wealth,14,Aggressive
29,509822,4,Retirement,8,Aggressive
54,818988,1,Wealth,28,Conservative
22,400836,5,Income,1,Moderate
30,992200,3,Income,5,Moderate
46,675520,4,Wealth,25,Aggressive
40,697692,3,Education,19,Moderate
21,782797,4,Education,0,Aggressive
50,432516,4,Tax,22,Moderate
44,3452200,1,Retirement,21,Moderate
26,698757,5,Income,0,Moderate
42,1739558,1,Income,15,Conservative
31,356766,4,Retirement,6,Moderate
32,300000,1,Tax,10,Conservative
45,965146,4,Income,23,Moderate
38,1700089,1,Income,13,Conservative
23,1887213,4,Education,0,Aggressive
56,1549751,2,Income,26,Conservative
34,695343,2,Retirement,6,Moderate
47,1206381,3,Income,20,Moderate
24,516294,4,Wealth,1,Aggressive
44,525252,1,Wealth,23,Moderate
31,939703,4,Wealth,2,Aggressive
34,951637,1,Retirement,12,Conservative
21,556218,3,Retirement,0,Moderate
33,915940,4,Wealth,3,Aggressive
32,1792279,3,Retirement,3,Moderate
21,433329,1,Retirement,0,Conservative
33,1291302,5,Wealth,4,Aggressive
31,310236,1,Wealth,4,Conservative
58,300000,3,Wealth,34,Moderate
25,996391,4,Tax,0,Moderate
51,770492,4,Education,29,Moderate
35,873907,3,Retirement,13,Moderate
30,864042,4,Retirement,8,Aggressive
45,1574029,2,Wealth,23,Aggressive
25,1169795,5,Education,0,Aggressive
27,1118897,3,Income,6,Moderate
51,2123052,5,Retirement,24,Aggressive
57,1516894,3,Income,33,Moderate
29,914073,5,Retirement,2,Aggressive
33,1687831,1,Retirement,5,Moderate
57,664602,3,Tax,30,Moderate
56,677019,4,Wealth,26,Aggressive
24,2023331,5,Income,0,Aggressive
32,687576,1,Wealth,8,Conservative
57,1070245,1,Education,31,Conservative
30,1031189,1,Education,4,Moderate
31,898559,4,Wealth,7,Moderate
48,2843087,1,Tax,23,Conservative
25,739577,5,Retirement,2,Aggressive
56,2789128,4,Retirement,27,Aggressive
54,379700,3,Wealth,29,Moderate
55,779846,4,Tax,29,Moderate
52,681592,3,Retirement,24,Moderate
22,1386611,3,Wealth,0,Aggressive
33,311763,3,Tax,3,Moderate
30,1053076,3,Income,3,Moderate
44,1540098,4,Wealth,16,Aggressive
31,641114,2,Income,9,Conservative
35,521807,2,Retirement,12,Moderate
37,524512,1,Wealth,14,Conservative
39,1139407,5,Retirement,9,Aggressive
32,300000,5,Retirement,8,Aggressive
33,322573,5,Wealth,6,Aggressive
33,854576,1,Retirement,10,Moderate
40,1213448,5,Retirement,18,Aggressive
50,977394,4,Retirement,22,Moderate
27,1227974,2,Wealth,0,Moderate
31,387360,3,Retirement,2,Conservative
34,300000,5,Wealth,11,Aggressive
23,1495568,1,Wealth,0,Moderate
21,331904,1,Wealth,0,Conservative
24,1155966,4,Tax,1,Moderate
51,300000,3,Education,26,Moderate
33,1294667,3,Income,7,Moderate
33,805154,1,Income,8,Conservative
53,1670476,5,Wealth,26,Aggressive
30,1403660,4,Retirement,1,Moderate
40,633146,4,Retirement,17,Moderate
57,549540,3,Retirement,36,Moderate
21,1005781,4,Wealth,0,Aggressive
28,567448,2,Income,3,Moderate
38,300000,3,Wealth,8,Moderate
36,662298,1,Retirement,9,Conservative
40,441352,4,Retirement,18,Aggressive
34,554221,3,Wealth,4,Moderate
32,992559,5,Tax,8,Aggressive
51,1921791,5,Education,30,Aggressive
26,2917843,2,Income,5,Moderate
23,1135675,1,Education,2,Moderate
48,531498,5,Retirement,20,Aggressive
35,1588908,3,Wealth,12,Moderate
48,300000,4,Wealth,26,Moderate
53,497070,5,Wealth,26,Aggressive
47,686430,5,Tax,25,Moderate
46,300000,2,Retirement,21,Conservative
22,958208,4,Tax,0,Aggressive
33,453375,4,Retirement,4,Moderate
45,957043,5,Education,15,Aggressive
28,669323,4,Tax,0,Moderate
34,447340,1,Education,5,Conservative
54,400549,1,Wealth,30,Moderate
21,779274,5,Wealth,0,Aggressive
38,1338955,5,Retirement,10,Aggressive
56,1310303,1,Retirement,30,Conservative
47,989994,4,Retirement,24,Moderate
42,1203576,2,Income,17,Conservative
35,849179,2,Tax,13,Conservative
27,508665,2,Wealth,5,Aggressive
37,2154537,4,Retirement,13,Aggressive
32,509610,2,Wealth,2,Moderate
31,2429373,1,Retirement,4,Conservative
36,1258480,4,Income,12,Moderate
31,675290,1,Wealth,6,Moderate
35,327967,4,Education,5,Moderate
66,1020474,2,Wealth,37,Moderate
32,779740,2,Wealth,9,Moderate
35,1884894,5,Retirement,7,Aggressive
44,389674,3,Income,21,Moderate
39,1689354,1,Wealth,16,Moderate
34,2263461,2,Wealth,10,Aggressive
55,487213,4,Retirement,29,Moderate
33,1351302,5,Retirement,8,Aggressive
37,2153445,1,Tax,8,Moderate
52,2090120,2,Wealth,25,Aggressive
28,1684162,5,Retirement,0,Aggressive
41,2686858,2,Wealth,16,Aggressive
29,844681,2,Retirement,2,Moderate
56,781210,2,Education,28,Moderate
34,2418103,5,Education,11,Aggressive
26,300000,3,Education,1,Moderate
29,660445,2,Retirement,2,Moderate
54,455223,1,Tax,25,Conservative
48,830063,5,Income,25,Moderate
50,1079387,2,Retirement,21,Moderate
30,1215892,5,Retirement,0,Aggressive
38,851611,1,Tax,11,Conservative
45,909518,1,Retirement,24,Moderate
33,1588756,4,Retirement,12,Moderate
60,540379,4,Retirement,34,Moderate
34,633361,3,Tax,12,Moderate
21,424749,4,Income,0,Moderate
39,798881,5,Retirement,12,Moderate
35,300000,4,Retirement,10,Moderate
28,2002199,5,Education,7,Aggressive
40,1407114,5,Retirement,12,Aggressive
44,405411,3,Retirement,21,Moderate
49,1913968,5,Education,28,Aggressive
53,669159,4,Wealth,26,Moderate
48,493478,4,Tax,24,Moderate
54,1047116,2,Wealth,33,Moderate
32,300000,3,Retirement,7,Moderate
35,632573,1,Wealth,5,Moderate
60,1046621,1,Retirement,33,Moderate
52,2807454,2,Income,28,Moderate
40,330765,4,Retirement,16,Moderate
45,349817,3,Retirement,23,Moderate
24,681417,4,Wealth,0,Aggressive
34,642801,2,Education,6,Moderate
41,1395657,1,Education,14,Moderate
27,2340970,3,Income,2,Conservative
46,1654522,4,Tax,25,Moderate
43,591897,5,Retirement,19,Aggressive
31,2226665,5,Wealth,10,Aggressive
33,763915,5,Income,12,Moderate
30,1158993,1,Retirement,8,Moderate
55,1080950,5,Retirement,33,Aggressive
57,1102573,5,Wealth,36,Aggressive
41,1486160,2,Tax,19,Moderate
37,1416816,2,Retirement,12,Moderate
48,1339695,2,Wealth,27,Moderate
22,558360,4,Wealth,0,Aggressive
34,438785,5,Tax,12,Moderate
55,1357336,1,Income,26,Moderate
53,1019017,5,Retirement,27,Aggressive
43,1491115,5,Income,22,Aggressive
42,583180,4,Wealth,19,Aggressive
34,1354746,2,Retirement,12,Moderate
29,651920,5,Retirement,2,Aggressive
38,624362,3,Wealth,14,Moderate
35,1833102,3,Wealth,12,Moderate
38,1740734,2,Wealth,16,Moderate
58,939425,2,Income,33,Conservative
36,632534,5,Retirement,12,Aggressive
33,760621,3,Income,7,Moderate
60,893890,1,Income,31,Conservative
41,614596,1,Wealth,12,Moderate
27,1009884,3,Retirement,3,Aggressive
42,565834,2,Retirement,16,Moderate
30,2391474,4,Income,7,Moderate
45,300000,4,Tax,24,Moderate
32,517322,1,Retirement,4,Conservative
51,1384838,2,Retirement,21,Conservative
49,2431164,5,Income,22,Aggressive
34,530285,3,Wealth,9,Moderate
62,686095,1,Retirement,35,Conservative
57,1112042,4,Wealth,31,Aggressive
25,1143533,4,Retirement,0,Aggressive
33,886551,5,Education,4,Aggressive
38,1392295,5,Wealth,11,Aggressive
51,991614,4,Education,29,Aggressive
41,1005771,2,Income,14,Conservative
42,2416497,4,Tax,12,Moderate
45,717703,3,Tax,20,Moderate
27,680808,2,Tax,5,Moderate
25,651556,5,Wealth,0,Aggressive
35,533445,5,Income,13,Aggressive
50,743640,5,Education,23,Aggressive
33,524008,3,Wealth,6,Moderate
41,1113653,5,Wealth,20,Aggressive
24,1124172,2,Wealth,0,Moderate
24,954795,5,Tax,2,Aggressive
31,1065576,5,Wealth,5,Aggressive
62,1423247,4,Retirement,34,Aggressive
26,393255,4,Tax,0,Moderate
25,975765,3,Retirement,0,Moderate
25,2481804,2,Tax,0,Moderate
56,555611,2,Education,34,Conservative
29,4659402,4,Wealth,8,Aggressive
44,652254,2,Tax,22,Moderate
21,959112,5,Tax,0,Moderate
21,989147,3,Wealth,0,Moderate
32,300000,4,Wealth,9,Moderate
67,460634,5,Tax,38,Moderate
52,1279951,4,Wealth,29,Aggressive
30,685321,4,Wealth,3,Aggressive
62,438573,3,Education,37,Conservative
36,1887981,3,Wealth,13,Moderate
52,1000623,4,Wealth,24,Aggressive
38,730195,5,Income,14,Moderate
32,3989344,1,Wealth,8,Moderate
34,400395,5,Wealth,7,Aggressive
57,391202,2,Wealth,32,Conservative
30,610168,4,Retirement,9,Aggressive
27,979952,4,Wealth,4,Aggressive
61,1106188,3,Income,34,Moderate
32,484515,2,Retirement,5,Conservative
31,304235,1,Retirement,4,Conservative
46,1213278,1,Wealth,22,Moderate
25,591722,3,Wealth,0,Moderate
32,810647,1,Education,8,Conservative
40,856329,4,Income,19,Moderate
61,1574511,1,Wealth,38,Moderate
52,563062,1,Wealth,22,Moderate
22,2451304,5,Retirement,0,Aggressive
46,727490,1,Retirement,19,Conservative
41,315047,5,Retirement,12,Moderate
62,398063,2,Income,32,Conservative
59,385734,5,Tax,33,Moderate
33,484158,2,Tax,8,Conservative
33,965797,3,Wealth,6,Moderate
27,1630335,4,Retirement,4,Aggressive
27,300000,3,Retirement,2,Moderate
45,1508296,3,Tax,22,Moderate
37,2167911,3,Wealth,14,Aggressive
49,3388456,2,Education,27,Moderate
36,1081438,1,Retirement,13,Conservative
51,300000,5,Retirement,21,Moderate
50,314680,3,Tax,24,Moderate
44,1505494,3,Wealth,14,Aggressive
27,860547,1,Retirement,4,Moderate
26,518651,3,Tax,0,Moderate
26,300000,2,Education,2,Conservative
43,379428,2,Retirement,15,Conservative
44,1164042,1,Tax,15,Conservative
54,1127389,2,Retirement,30,Moderate
30,1585521,3,Retirement,8,Aggressive
38,2030721,3,Retirement,14,Moderate
36,436096,4,Tax,14,Moderate
38,1537995,4,Tax,11,Moderate
56,479574,1,Wealth,29,Moderate
37,738595,3,Wealth,14,Moderate
52,482718,3,Tax,28,Moderate
31,1382024,5,Wealth,4,Aggressive
33,537284,2,Tax,6,Conservative
52,1268496,1,Income,22,Conservative
56,1127111,1,Education,29,Moderate
35,1789042,2,Income,12,Conservative
43,1213631,5,Retirement,20,Aggressive
49,2982888,4,Wealth,24,Aggressive
34,514115,5,Wealth,4,Aggressive
28,1406324,4,Income,7,Moderate
34,1067540,4,Retirement,11,Moderate
28,475350,5,Wealth,0,Aggressive
53,1574909,1,Wealth,25,Moderate
38,1462534,3,Income,14,Moderate
56,513233,1,Retirement,32,Conservative
31,300000,3,Tax,8,Moderate
32,749319,1,Wealth,5,Conservative
29,498824,5,Wealth,0,Aggressive
37,903515,5,Income,9,Moderate
37,812346,5,Wealth,9,Aggressive
29,2805496,3,Education,4,Aggressive
36,481019,1,Income,15,Conservative
49,1219806,4,Wealth,20,Aggressive
35,312939,1,Education,9,Conservative
34,406222,1,Income,5,Conservative
40,591396,2,Income,17,Moderate
50,446070,1,Income,20,Conservative
33,1094096,4,Education,8,Aggressive
48,790510,1,Tax,18,Conservative
48,1435793,2,Retirement,19,Moderate
23,393023,2,Wealth,0,Moderate
33,913563,4,Wealth,10,Aggressive
54,478847,1,Tax,26,Conservative
53,1964263,5,Wealth,26,Aggressive
42,393053,5,Retirement,17,Aggressive
40,300000,2,Wealth,15,Conservative
47,534563,4,Education,18,Moderate
45,367681,5,Wealth,18,Aggressive
36,891124,2,Wealth,7,Moderate
43,1211434,2,Retirement,16,Moderate
25,1343572,1,Tax,0,Conservative
27,300000,4,Retirement,0,Moderate
30,1336536,5,Retirement,4,Aggressive
36,945067,1,Education,13,Conservative
41,1317240,3,Wealth,16,Aggressive
25,1491982,4,Wealth,3,Aggressive
55,523377,2,Education,25,Moderate
23,427892,1,Income,0,Conservative
29,1013862,5,Retirement,7,Aggressive
37,1583891,2,Wealth,11,Moderate
38,335642,2,Wealth,13,Moderate
53,842613,5,Tax,28,Aggressive
62,560646,3,Tax,40,Moderate
25,559237,4,Wealth,3,Aggressive
25,613647,4,Tax,0,Moderate
51,1275082,2,Income,30,Conservative
33,1208797,1,Wealth,10,Conservative
33,432947,3,Retirement,10,Moderate
22,308152,3,Retirement,0,Moderate
31,1710187,2,Income,3,Conservative
28,1413682,1,Wealth,1,Moderate
34,1918431,5,Wealth,10,Aggressive
30,1182871,5,Retirement,4,Aggressive
38,2049543,2,Income,14,Moderate
46,300000,1,Education,20,Conservative
59,743259,3,Retirement,33,Moderate
48,495946,3,Wealth,21,Moderate
49,3235448,3,Income,20,Moderate
42,348197,4,Wealth,12,Aggressive
35,314804,3,Retirement,14,Moderate
30,519706,5,Tax,2,Aggressive
32,558154,1,Wealth,3,Conservative
45,619417,3,Retirement,20,Moderate
52,1517385,2,Retirement,26,Moderate
37,2274688,2,Education,14,Moderate
66,1589657,5,Retirement,40,Aggressive
28,4568999,3,Income,0,Moderate
32,1980156,5,Wealth,8,Aggressive
39,517620,5,Retirement,17,Aggressive
29,745102,5,Tax,1,Aggressive
27,1402292,4,Wealth,5,Aggressive
38,358782,3,Income,15,Conservative
30,648095,2,Income,2,Conservative
27,1271207,4,Tax,0,Aggressive
43,3073899,5,Retirement,13,Aggressive
41,825165,2,Tax,17,Moderate
39,922712,5,Wealth,11,Aggressive
51,1157103,4,Wealth,24,Aggressive
39,300000,1,Retirement,17,Conservative
27,626148,5,Retirement,0,Aggressive
30,443147,5,Retirement,1,Aggressive
38,1389142,2,Wealth,11,Moderate
30,593012,2,Wealth,5,Moderate
50,1888505,5,Education,29,Aggressive
30,1093797,3,Education,3,Moderate
51,721053,2,Wealth,29,Moderate
31,543841,1,Wealth,8,Conservative
57,489146,1,Wealth,31,Moderate
27,2492000,5,Income,5,Aggressive
30,300000,2,Wealth,1,Moderate
32,760278,1,Education,8,Conservative
22,855919,4,Wealth,0,Aggressive
44,300000,1,Retirement,15,Conservative
26,2015257,2,Education,3,Moderate
26,934317,5,Wealth,4,Aggressive
40,1344727,1,Wealth,19,Moderate
30,1356748,5,Retirement,2,Aggressive
57,1524512,4,Tax,27,Moderate
27,1420852,1,Tax,0,Conservative
45,1420303,5,Retirement,20,Aggressive
38,1059518,1,Retirement,10,Moderate
44,1610745,1,Tax,14,Conservative
24,5432843,2,Wealth,3,Aggressive
54,443390,2,Wealth,27,Moderate
39,1155780,3,Tax,15,Moderate
32,1449954,2,Wealth,8,Moderate
29,300000,2,Wealth,2,Moderate
53,3033337,3,Income,32,Moderate
44,1271024,3,Tax,22,Moderate
37,1002765,1,Tax,13,Conservative
30,626677,1,Tax,8,Conservative
38,1457058,1,Tax,10,Conservative
31,368873,2,Tax,2,Conservative
35,2706216,5,Wealth,5,Aggressive
28,1678588,5,Income,0,Aggressive
29,739654,2,Wealth,8,Aggressive
29,2210999,4,Retirement,2,Aggressive
32,300000,1,Retirement,5,Conservative
53,398243,2,Income,24,Conservative
54,842199,4,Retirement,24,Moderate
23,867549,1,Retirement,0,Moderate
66,1107214,3,Income,40,Conservative
33,934813,2,Education,4,Moderate
57,1934336,4,Tax,34,Aggressive
32,300000,5,Wealth,5,Aggressive
30,300000,2,Wealth,6,Moderate
52,303914,5,Tax,22,Moderate
58,326094,4,Tax,35,Moderate
26,832739,2,Retirement,0,Moderate
55,736021,2,Tax,31,Moderate
43,1019753,2,Wealth,17,Moderate
29,1050819,2,Education,0,Moderate
29,990783,3,Retirement,4,Moderate
21,300000,2,Retirement,0,Moderate
38,703957,4,Retirement,14,Moderate
50,573272,4,Retirement,23,Moderate
41,1935204,3,Tax,19,Moderate
50,1050399,2,Wealth,26,Moderate
31,3028814,2,Education,10,Moderate
46,412613,1,Wealth,25,Moderate
49,668288,1,Tax,28,Conservative
45,1563783,5,Wealth,23,Aggressive
39,582787,3,Retirement,15,Moderate
37,1073434,1,Income,12,Conservative
25,538984,4,Wealth,0,Aggressive
28,1865549,4,Retirement,2,Aggressive
31,308696,4,Tax,5,Moderate
45,3156048,3,Wealth,23,Aggressive
55,1414838,4,Retirement,30,Moderate
25,1169861,1,Tax,0,Conservative
47,1087796,1,Tax,19,Conservative
55,507959,5,Retirement,34,Aggressive
34,1357387,5,Retirement,12,Aggressive
24,575499,3,Wealth,0,Moderate
34,300000,5,Education,10,Moderate
39,883158,3,Education,16,Moderate
34,491847,2,Wealth,11,Moderate
21,916564,5,Wealth,0,Aggressive
53,818714,3,Wealth,30,Moderate
36,307089,1,Wealth,9,Conservative
26,2535899,5,Tax,0,Aggressive
38,519231,5,Retirement,8,Moderate
43,1747131,3,Wealth,18,Aggressive
36,502228,2,Retirement,8,Conservative
32,834833,5,Retirement,9,Aggressive
45,1006309,3,Wealth,21,Aggressive
43,300000,2,Wealth,17,Moderate
25,535265,3,Retirement,0,Moderate
30,991137,2,Tax,4,Moderate
31,858320,4,Wealth,2,Moderate
47,844576,5,Wealth,24,Aggressive
43,1560121,4,Income,21,Moderate
26,467495,3,Wealth,0,Moderate
40,863032,4,Wealth,14,Aggressive
23,317709,2,Income,0,Conservative
26,576676,1,Retirement,3,Moderate
51,1940244,4,Retirement,29,Aggressive
60,827734,3,Education,34,Moderate
57,589212,5,Tax,35,Moderate
59,463234,4,Income,34,Moderate
28,311446,4,Wealth,0,Aggressive
28,1594603,1,Tax,3,Moderate
47,3598300,3,Retirement,26,Aggressive
40,604918,4,Education,17,Moderate
37,300000,5,Retirement,15,Moderate
29,2387860,2,Tax,6,Moderate
58,432600,5,Wealth,33,Aggressive
38,1058047,4,Wealth,15,Aggressive
32,1168723,4,Wealth,6,Aggressive
29,1777373,1,Retirement,1,Moderate
25,687817,3,Income,2,Moderate
34,1117366,1,Income,12,Conservative
52,642672,5,Wealth,28,Aggressive
40,300000,3,Tax,11,Moderate
50,603137,1,Income,22,Conservative
41,1047593,4,Income,20,Aggressive
29,400785,3,Wealth,5,Aggressive
56,859910,2,Tax,35,Conservative
24,974224,2,Retirement,2,Moderate
39,2060760,5,Tax,14,Aggressive
54,421536,1,Retirement,29,Conservative
44,956871,5,Tax,21,Aggressive
35,375384,2,Wealth,12,Conservative
31,300000,4,Wealth,5,Moderate
34,577498,4,Education,4,Moderate
45,549718,4,Tax,15,Moderate
49,1025201,4,Education,27,Aggressive
27,1817139,4,Income,1,Moderate
30,869089,2,Wealth,7,Moderate
49,511771,3,Tax,25,Moderate
46,453336,4,Retirement,22,Moderate
38,1822682,3,Wealth,10,Moderate
30,1303901,4,Income,3,Aggressive
33,434377,5,Tax,3,Moderate
23,309826,1,Wealth,0,Conservative
40,433901,3,Retirement,19,Moderate
55,1610802,1,Tax,29,Conservative
35,416302,2,Wealth,10,Moderate
55,1112387,5,Education,26,Aggressive
55,2636615,4,Tax,26,Aggressive
59,461841,4,Income,29,Moderate
59,619172,2,Retirement,33,Moderate
29,788583,3,Wealth,0,Moderate
49,300000,4,Income,27,Conservative
39,490404,3,Retirement,11,Moderate
26,913095,4,Retirement,0,Moderate
53,408112,3,Retirement,26,Moderate
48,3599126,1,Wealth,22,Moderate
26,571067,3,Wealth,0,Moderate
32,711919,2,Wealth,3,Moderate
31,539308,4,Wealth,2,Moderate
26,680004,5,Wealth,4,Aggressive
43,486174,3,Retirement,17,Moderate
38,300000,5,Wealth,16,Aggressive
38,626434,3,Retirement,17,Moderate
40,2855734,1,Retirement,14,Moderate
54,2520882,5,Tax,27,Aggressive
38,385252,2,Income,16,Conservative
27,300000,5,Wealth,0,Aggressive
28,300000,3,Retirement,2,Conservative
58,407962,2,Retirement,34,Conservative
45,546335,1,Tax,18,Conservative
56,1068335,5,Retirement,28,Aggressive
21,602835,2,Wealth,0,Moderate
34,1490833,5,Tax,10,Aggressive
49,1221236,1,Tax,23,Moderate
46,1027255,1,Tax,17,Moderate
40,740446,1,Retirement,13,Conservative
54,1609291,1,Wealth,33,Moderate
47,1256765,2,Retirement,21,Moderate
48,300000,2,Wealth,20,Moderate
58,1166947,1,Education,32,Moderate
27,539131,3,Retirement,0,Moderate
31,1533898,2,Retirement,5,Moderate
36,1276832,1,Tax,13,Moderate
59,2685455,2,Education,31,Moderate
52,300000,5,Retirement,29,Moderate
27,999484,3,Wealth,3,Aggressive
26,511357,1,Retirement,1,Conservative
34,3581045,3,Tax,5,Moderate
44,300000,2,Tax,20,Conservative
36,1094731,2,Tax,8,Moderate
23,1190555,5,Tax,0,Aggressive
36,300000,1,Education,10,Conservative
34,1159463,1,Retirement,7,Conservative
49,300000,4,Wealth,24,Moderate
56,485604,5,Wealth,26,Aggressive
41,1073310,3,Wealth,17,Aggressive
51,406713,1,Wealth,23,Conservative
28,850533,4,Wealth,0,Aggressive
33,802288,3,Wealth,11,Aggressive
27,1172199,2,Wealth,0,Moderate
35,381580,2,Wealth,11,Moderate
28,1540843,5,Wealth,7,Aggressive
51,300000,2,Wealth,22,Moderate
31,2334468,2,Retirement,5,Moderate
47,673427,4,Wealth,21,Moderate
49,723308,3,Wealth,28,Moderate
27,1000278,3,Wealth,6,Aggressive
26,921378,4,Income,0,Moderate
40,804644,3,Retirement,16,Moderate
33,1930169,3,Retirement,11,Aggressive
34,300000,5,Wealth,13,Aggressive
40,413188,1,Retirement,14,Conservative
54,1091927,3,Tax,33,Moderate
45,623631,3,Retirement,20,Moderate
23,1989938,3,Retirement,0,Moderate
43,3863310,2,Retirement,18,Aggressive
25,808994,4,Tax,1,Moderate
49,300000,5,Income,20,Aggressive
29,435224,2,Wealth,8,Moderate
21,300000,4,Income,0,Moderate
53,1243319,5,Retirement,28,Aggressive
26,415508,2,Education,4,Moderate
45,721090,5,Wealth,23,Aggressive
42,658323,3,Wealth,14,Moderate
34,1777750,2,Wealth,7,Moderate
21,838346,2,Wealth,0,Moderate
35,666982,1,Retirement,14,Conservative
42,423323,3,Wealth,20,Moderate
53,1230262,3,Tax,27,Moderate
38,372977,2,Wealth,17,Moderate
28,335102,2,Tax,3,Moderate
33,532039,4,Wealth,7,Aggressive
41,3467772,1,Income,16,Moderate
60,752082,2,Wealth,30,Moderate
35,777758,5,Tax,13,Moderate
46,1007384,4,Wealth,22,Aggressive
49,948798,2,Wealth,25,Moderate
64,692205,3,Wealth,38,Aggressive
43,409337,1,Income,13,Conservative
33,592695,4,Retirement,4,Moderate
39,697541,5,Wealth,17,Aggressive
53,300000,4,Tax,29,Moderate
36,693131,1,Retirement,15,Moderate
40,924290,1,Income,19,Conservative
61,554007,4,Tax,34,Moderate
27,1918328,5,Retirement,4,Aggressive
31,977338,4,Wealth,6,Aggressive
49,472978,3,Retirement,19,Moderate
32,603510,4,Retirement,6,Aggressive
30,1904727,2,Retirement,0,Moderate
40,523648,2,Wealth,17,Aggressive
39,459730,5,Tax,13,Moderate
53,445965,2,Wealth,25,Moderate
57,849193,2,Education,30,Moderate
37,940222,4,Income,16,Moderate
23,1297090,4,Wealth,1,Aggressive
28,484625,1,Retirement,5,Conservative
57,2332971,2,Retirement,29,Aggressive
48,1152436,2,Income,21,Moderate
54,602263,1,Tax,30,Conservative
56,1438133,1,Wealth,34,Moderate
21,3055690,5,Retirement,0,Aggressive
29,1132863,1,Wealth,6,Aggressive
24,2762043,1,Retirement,0,Moderate
32,397776,2,Tax,9,Conservative
54,300000,3,Retirement,33,Conservative
33,1170564,5,Education,10,Aggressive
51,1785315,5,Wealth,22,Aggressive
36,318454,4,Income,10,Conservative
35,1923827,5,Wealth,11,Aggressive
45,593763,1,Income,17,Conservative
29,1235110,5,Wealth,3,Aggressive
45,969970,5,Wealth,16,Aggressive
34,1116110,4,Education,12,Moderate
49,1198857,4,Tax,23,Aggressive
62,758827,5,Retirement,35,Moderate
35,595956,2,Retirement,14,Moderate
33,1025860,1,Wealth,9,Moderate
37,664287,1,Retirement,8,Conservative
44,496182,1,Retirement,15,Conservative
30,1007185,4,Retirement,5,Aggressive
43,530613,1,Retirement,15,Conservative
52,703389,2,Tax,22,Conservative
21,555852,1,Education,0,Conservative
62,2403043,4,Education,37,Aggressive
28,867924,2,Income,5,Moderate
51,300000,5,Wealth,28,Aggressive
34,1928553,3,Wealth,13,Moderate
57,300000,2,Retirement,27,Conservative
27,3603139,4,Education,1,Aggressive
52,828745,2,Retirement,22,Conservative
50,520789,2,Wealth,27,Moderate
41,625008,4,Income,20,Moderate
44,300000,3,Tax,20,Moderate
45,749747,5,Wealth,17,Aggressive
28,590042,4,Tax,1,Moderate
29,771619,5,Wealth,3,Aggressive
53,1513333,5,Retirement,32,Aggressive
48,996929,1,Wealth,27,Moderate
31,358855,2,Retirement,9,Moderate
35,403047,3,Wealth,6,Moderate
59,961139,5,Wealth,30,Aggressive
35,1136211,5,Wealth,6,Aggressive
50,766437,2,Tax,27,Conservative
39,1189192,1,Retirement,11,Moderate
38,890944,1,Wealth,9,Conservative
33,908715,3,Wealth,3,Moderate
29,1451083,1,Wealth,5,Moderate
32,3095748,3,Wealth,8,Aggressive
41,993747,3,Retirement,11,Moderate
37,6976555,5,Income,16,Aggressive
30,891884,3,Wealth,2,Moderate
36,881845,4,Wealth,10,Aggressive
24,3164288,3,Income,0,Moderate
38,718210,3,Retirement,17,Moderate
59,300000,4,Tax,36,Moderate
41,374701,2,Wealth,14,Moderate
55,1518961,1,Income,33,Conservative
31,1134505,1,Retirement,2,Conservative
31,420767,1,Income,8,Conservative
31,300000,2,Retirement,5,Conservative
35,617631,4,Income,10,Moderate
34,1864840,1,Wealth,11,Moderate
55,744563,1,Tax,31,Conservative
33,628359,3,Wealth,5,Moderate
37,373419,2,Income,16,Conservative
56,642573,1,Education,27,Conservative
43,1170336,2,Wealth,19,Aggressive
30,705198,1,Retirement,6,Moderate
22,716147,1,Retirement,0,Conservative
44,1766906,1,Tax,19,Moderate
34,467217,4,Retirement,6,Moderate
58,1119996,3,Income,37,Moderate
30,722115,4,Wealth,7,Aggressive
52,2540478,2,Tax,25,Moderate
36,1477471,3,Wealth,10,Aggressive
34,2055946,5,Education,5,Aggressive
23,1239791,4,Wealth,0,Aggressive
37,571661,3,Tax,8,Moderate
26,2172274,1,Tax,1,Moderate
41,1036907,1,Income,14,Conservative
48,943619,4,Wealth,25,Aggressive
44,463102,3,Retirement,20,Moderate
56,1353319,4,Wealth,26,Aggressive
56,597940,5,Wealth,34,Aggressive
58,556828,2,Tax,29,Conservative
21,993521,4,Education,0,Aggressive
32,522799,2,Wealth,3,Moderate
60,473661,3,Wealth,37,Moderate
46,418400,5,Retirement,17,Moderate
56,1656450,4,Wealth,33,Aggressive
26,2196341,3,Tax,0,Aggressive
28,3074496,4,Wealth,0,Aggressive
24,1550914,1,Income,0,Conservative
34,300000,3,Retirement,7,Moderate
33,1008745,5,Income,6,Aggressive
32,678245,3,Tax,6,Moderate
35,4292668,5,Tax,5,Aggressive
54,1061336,1,Retirement,25,Conservative
34,450650,1,Income,5,Conservative
25,484892,2,Retirement,4,Moderate
40,300000,2,Wealth,16,Moderate
47,767678,1,Income,25,Conservative
51,300000,1,Retirement,21,Conservative
49,300000,2,Income,25,Conservative
37,419990,2,Retirement,11,Conservative
58,393498,2,Wealth,31,Moderate
36,847635,3,Tax,11,Moderate
27,1057572,1,Wealth,0,Moderate
40,808549,4,Wealth,11,Aggressive
26,745518,5,Wealth,0,Aggressive
34,1060198,5,Tax,10,Aggressive
33,1807038,5,Retirement,12,Aggressive
42,401302,5,Retirement,21,Aggressive
47,1014425,2,Retirement,26,Moderate
28,820565,2,Wealth,5,Moderate
55,1073016,1,Tax,33,Conservative
48,704756,2,Wealth,19,Moderate
34,432593,5,Retirement,9,Moderate
28,731241,3,Education,0,Moderate
39,484168,3,Education,9,Moderate
32,403395,4,Tax,7,Moderate
22,1848677,1,Income,0,Conservative
36,896344,3,Tax,13,Moderate
34,300000,3,Income,9,Conservative
40,300000,3,Wealth,11,Moderate
33,724828,5,Retirement,5,Aggressive
29,517763,5,Wealth,4,Aggressive
34,819538,4,Wealth,12,Aggressive
33,955269,2,Wealth,5,Moderate
54,799004,2,Wealth,27,Moderate
23,466744,2,Tax,0,Conservative
24,1591174,3,Wealth,0,Aggressive
29,356727,2,Wealth,4,Moderate
59,1889413,2,Wealth,30,Moderate
51,1212148,5,Retirement,25,Aggressive
55,508898,5,Tax,28,Aggressive
32,1097020,2,Tax,10,Moderate
58,628125,5,Income,33,Moderate
30,2098100,5,Retirement,4,Aggressive
55,516390,3,Wealth,32,Moderate
53,1415783,4,Retirement,31,Moderate
43,332215,5,Retirement,13,Moderate
51,1021310,4,Income,22,Moderate
59,993500,1,Tax,30,Conservative
28,1257580,2,Wealth,6,Aggressive
41,1138778,4,Tax,19,Aggressive
51,651389,4,Income,29,Moderate
30,300000,1,Wealth,3,Moderate
32,314979,2,Tax,10,Moderate
39,300000,2,Tax,11,Conservative
62,668069,2,Retirement,36,Conservative
34,1781539,5,Education,9,Aggressive
35,479961,3,Income,8,Conservative
35,610927,3,Wealth,6,Moderate
21,532746,5,Retirement,0,Aggressive
34,959500,2,Income,10,Conservative
35,910251,1,Income,7,Conservative
25,601049,5,Income,4,Aggressive
57,408699,5,Education,34,Moderate
30,1249890,4,Wealth,8,Aggressive
37,1735135,5,Wealth,8,Aggressive
50,1413937,2,Retirement,23,Moderate
26,361495,5,Income,2,Moderate
40,300000,3,Retirement,17,Moderate
22,682104,3,Education,0,Moderate
33,2112965,5,Wealth,4,Aggressive
33,300000,1,Tax,3,Conservative
23,604379,4,Wealth,0,Aggressive
40,2486888,5,Tax,13,Aggressive
59,1601773,2,Retirement,38,Moderate
34,947740,1,Wealth,5,Moderate
38,349606,2,Income,13,Conservative
44,2291198,2,Retirement,14,Moderate
31,707847,4,Wealth,8,Aggressive
21,300000,4,Wealth,0,Moderate
49,2218259,3,Wealth,23,Aggressive
64,390016,2,Retirement,35,Conservative
45,7473959,5,Wealth,17,Aggressive
59,709186,2,Wealth,31,Moderate
38,1084258,3,Retirement,12,Moderate
37,860370,2,Tax,12,Conservative
34,669326,4,Tax,8,Moderate
33,1404685,3,Income,12,Moderate
60,927882,1,Retirement,30,Conservative
33,841277,2,Wealth,11,Moderate
54,392038,2,Income,28,Conservative
37,726255,4,Wealth,12,Aggressive
28,354077,1,Tax,7,Conservative
26,1070789,2,Tax,0,Moderate
39,1022557,2,Wealth,17,Moderate
50,912116,1,Wealth,26,Conservative
56,1924044,4,Wealth,27,Aggressive
40,1413855,5,Tax,14,Aggressive
30,3469726,1,Income,7,Moderate
43,1605951,4,Wealth,14,Aggressive
62,899488,2,Retirement,40,Conservative
36,654629,1,Wealth,13,Moderate
29,300026,4,Wealth,4,Aggressive
56,2111008,2,Retirement,33,Moderate
23,1201761,3,Wealth,0,Aggressive
47,587202,4,Wealth,22,Aggressive
37,1001305,4,Income,7,Moderate
55,886307,4,Wealth,33,Aggressive
42,756096,2,Tax,14,Conservative
33,1540853,5,Retirement,11,Aggressive
33,300000,5,Tax,3,Moderate
42,1464389,3,Retirement,12,Moderate
38,2028924,1,Tax,16,Moderate
51,370021,3,Tax,25,Moderate
24,300000,1,Wealth,1,Moderate
58,1116400,1,Income,36,Conservative
24,1584966,3,Retirement,2,Moderate
24,435213,3,Tax,0,Moderate
35,302763,4,Retirement,6,Moderate
30,300000,2,Wealth,3,Moderate
38,1720670,5,Retirement,9,Aggressive
61,749038,1,Wealth,39,Moderate
40,2007567,1,Wealth,18,Aggressive
32,300000,4,Wealth,9,Aggressive
36,854540,5,Wealth,6,Aggressive
51,1758340,2,Income,23,Conservative
36,417678,4,Wealth,11,Aggressive
21,1352477,2,Tax,0,Moderate
59,385194,1,Retirement,38,Conservative
54,415086,5,Retirement,27,Moderate
35,847100,1,Wealth,9,Moderate
29,527595,4,Education,3,Moderate
32,2102891,2,Tax,2,Moderate
53,811106,2,Wealth,28,Moderate
33,2157911,1,Retirement,11,Conservative
37,1291807,4,Wealth,8,Aggressive
39,425906,5,Income,15,Moderate
46,942190,3,Retirement,24,Moderate
61,449873,4,Wealth,38,Moderate
55,1808324,5,Wealth,27,Aggressive
46,2235917,5,Retirement,16,Aggressive
47,300000,2,Wealth,23,Conservative
65,1198174,3,Tax,40,Moderate
38,1881698,3,Retirement,15,Moderate
35,1506432,3,Retirement,5,Moderate
46,750027,1,Tax,16,Conservative
30,5506383,2,Education,4,Aggressive
32,950987,4,Education,2,Moderate
45,300000,1,Retirement,15,Conservative
39,1309452,1,Income,10,Conservative
34,1731802,3,Education,7,Moderate
48,1219441,3,Income,23,Moderate
22,931061,5,Wealth,0,Aggressive
27,304655,5,Wealth,4,Aggressive
58,300000,2,Wealth,28,Moderate
46,409213,2,Tax,25,Conservative
24,300000,4,Wealth,0,Aggressive
25,2351203,1,Wealth,2,Moderate
65,846993,3,Wealth,40,Moderate
50,637283,3,Retirement,22,Moderate
53,300000,2,Retirement,31,Moderate
63,327976,5,Tax,34,Moderate
48,817442,4,Wealth,24,Aggressive
31,658301,1,Education,3,Conservative
53,883985,2,Wealth,23,Moderate
53,318046,5,Education,25,Aggressive
24,1054162,5,Wealth,0,Aggressive
58,1975657,1,Income,30,Conservative
45,659880,1,Income,16,Conservative
32,1395641,2,Retirement,9,Conservative
27,713721,1,Tax,2,Conservative
26,615756,3,Tax,3,Moderate
25,1088511,5,Income,4,Aggressive
42,581438,5,Retirement,16,Aggressive
49,519619,3,Wealth,20,Moderate
62,1719022,4,Retirement,40,Moderate
31,300000,4,Wealth,3,Aggressive
32,858632,1,Wealth,2,Moderate
34,384515,2,Education,11,Conservative
26,2854915,4,Retirement,0,Aggressive
57,1520964,2,Tax,28,Moderate
47,1973172,2,Wealth,18,Moderate
44,925321,4,Tax,22,Moderate
39,1254391,2,Retirement,15,Moderate
40,934216,1,Tax,18,Conservative
23,543492,3,Retirement,0,Moderate
41,2785094,3,Education,20,Aggressive
29,1319072,1,Wealth,7,Moderate
44,452751,1,Retirement,22,Conservative
51,300000,5,Wealth,28,Aggressive
34,395649,3,Wealth,11,Moderate
35,838517,1,Retirement,9,Conservative
25,510893,4,Wealth,0,Aggressive
54,1549554,2,Wealth,28,Moderate
61,979961,1,Income,39,Conservative
46,677020,4,Retirement,25,Moderate
30,806942,5,Tax,6,Aggressive
30,739541,3,Retirement,2,Moderate
52,684423,4,Tax,23,Moderate
48,1055731,2,Wealth,22,Moderate
31,562592,4,Wealth,4,Aggressive
45,356024,5,Retirement,16,Aggressive
57,1360693,2,Tax,30,Moderate
26,461868,3,Education,0,Moderate
27,1920837,2,Tax,2,Moderate
40,718259,4,Income,12,Moderate
54,589673,1,Tax,26,Conservative
48,419079,1,Education,19,Conservative
35,649236,2,Tax,13,Conservative
60,1029859,2,Tax,36,Conservative
53,463830,5,Wealth,27,Aggressive
45,1349812,4,Wealth,15,Aggressive
29,371424,2,Wealth,3,Moderate
25,1529502,1,Wealth,4,Moderate
35,870701,3,Wealth,12,Moderate
55,588174,4,Wealth,28,Aggressive
63,1054622,5,Wealth,38,Aggressive
29,2475735,4,Wealth,5,Aggressive
60,1807069,1,Retirement,33,Conservative
40,1040382,4,Wealth,11,Aggressive
27,1552278,5,Wealth,3,Aggressive
38,599330,5,Education,16,Aggressive
31,518701,3,Wealth,7,Aggressive
46,1326865,4,Wealth,23,Aggressive
35,952127,3,Income,12,Conservative
38,657968,2,Wealth,8,Moderate
31,1417887,3,Retirement,2,Moderate
33,831254,2,Income,4,Conservative
31,1980921,2,Retirement,7,Moderate
47,300000,2,Income,18,Conservative
46,565797,1,Tax,23,Conservative
54,1538696,5,Tax,33,Aggressive
34,2562872,2,Tax,12,Moderate
28,2041398,4,Wealth,3,Aggressive
57,517585,1,Wealth,28,Moderate
27,1957552,2,Income,6,Moderate
21,300000,2,Income,0,Conservative
41,423378,5,Wealth,14,Aggressive
35,672737,1,Retirement,10,Conservative
30,1107653,1,Wealth,4,Moderate
35,405608,3,Wealth,5,Moderate
30,731857,4,Retirement,0,Aggressive
43,2092508,5,Tax,21,Aggressive
31,354167,3,Retirement,5,Conservative
29,335254,3,Tax,0,Moderate
38,463684,4,Wealth,15,Aggressive
28,4288178,5,Education,2,Aggressive
55,1081053,4,Retirement,33,Aggressive
34,442224,5,Retirement,11,Moderate
42,1534303,2,Retirement,21,Moderate
47,300000,1,Wealth,19,Moderate
39,735538,2,Wealth,12,Moderate
51,885697,2,Retirement,21,Moderate
35,1755870,2,Tax,14,Moderate
35,300000,4,Wealth,5,Aggressive
55,1980710,5,Retirement,26,Aggressive
42,1653102,2,Wealth,13,Moderate
64,2054186,1,Wealth,40,Moderate
55,347893,2,Income,27,Conservative
26,2714983,3,Wealth,0,Aggressive
38,300000,3,Wealth,8,Moderate
36,335553,4,Retirement,8,Moderate
56,913216,1,Retirement,34,Conservative
48,618827,4,Income,18,Moderate
30,315341,4,Retirement,9,Moderate
52,4216404,4,Income,25,Moderate
23,300000,2,Wealth,0,Moderate
39,300000,5,Income,16,Moderate
29,1012532,5,Wealth,8,Aggressive
33,776026,1,Income,5,Conservative
43,300000,2,Education,22,Moderate
57,3707267,5,Income,30,Aggressive
52,866640,3,Income,24,Conservative
45,541259,4,Retirement,20,Aggressive
22,805690,5,Education,0,Aggressive
52,300000,4,Wealth,28,Moderate
42,1726591,2,Wealth,18,Aggressive
37,967538,5,Wealth,16,Aggressive
30,677492,4,Retirement,4,Aggressive
36,805323,5,Wealth,9,Aggressive
40,433021,5,Income,15,Moderate
25,1785113,1,Wealth,2,Moderate
37,510226,1,Income,11,Conservative
27,546198,2,Wealth,0,Moderate
41,926529,4,Wealth,15,Aggressive
31,300000,1,Tax,7,Conservative
43,1185310,1,Wealth,13,Moderate
28,790334,2,Tax,4,Moderate
43,1169750,3,Education,14,Moderate
55,680786,3,Wealth,26,Moderate
37,447081,5,Income,14,Moderate
29,873364,2,Income,0,Conservative
48,1615204,4,Wealth,23,Aggressive
34,546885,1,Tax,12,Conservative
39,1441211,3,Wealth,17,Aggressive
27,654122,1,Income,6,Conservative
23,585576,5,Retirement,0,Aggressive
41,1498412,1,Wealth,13,Moderate
40,1027377,2,Retirement,11,Moderate
59,309047,4,Wealth,31,Moderate
60,700242,1,Tax,34,Conservative
42,357477,4,Wealth,19,Aggressive
26,1166168,2,Wealth,0,Moderate
35,426330,5,Wealth,11,Aggressive
50,902192,2,Wealth,24,Moderate
33,1159357,3,Retirement,11,Moderate
29,1167626,5,Tax,6,Aggressive
53,549593,1,Retirement,26,Conservative
37,834193,4,Tax,14,Moderate
35,494679,5,Tax,7,Moderate
43,599132,5,Retirement,16,Aggressive
62,414967,3,Tax,32,Conservative
47,838281,1,Income,22,Conservative
28,1126482,5,Wealth,7,Aggressive
34,446655,3,Income,11,Conservative
58,448296,4,Retirement,29,Moderate
54,2462813,4,Wealth,31,Aggressive
38,447713,1,Income,11,Conservative
34,1333472,1,Tax,10,Moderate
21,1631448,1,Wealth,0,Moderate
66,983953,4,Wealth,40,Moderate
35,1040645,2,Education,7,Moderate
28,847594,1,Retirement,0,Conservative
31,310163,2,Wealth,4,Moderate
40,1705913,2,Wealth,13,Moderate
21,589679,1,Retirement,0,Conservative
36,1443845,2,Education,13,Moderate
62,793473,2,Wealth,35,Moderate
32,1127055,2,Wealth,8,Moderate
46,975184,3,Retirement,22,Moderate
23,581386,5,Wealth,1,Aggressive
31,1402734,1,Education,2,Moderate
41,316434,3,Retirement,19,Moderate
39,1907382,1,Retirement,10,Moderate
44,1743881,5,Wealth,20,Aggressive
25,669519,2,Tax,0,Moderate
53,961199,3,Retirement,26,Moderate
39,675259,1,Tax,11,Conservative
40,450919,2,Wealth,13,Moderate
49,759200,4,Wealth,22,Aggressive
41,975777,3,Retirement,19,Moderate
47,2046714,3,Wealth,19,Moderate
26,701153,4,Retirement,1,Moderate
56,811828,2,Education,33,Moderate
31,2010821,5,Retirement,7,Aggressive
47,1150261,4,Wealth,18,Aggressive
29,303252,4,Tax,7,Aggressive
36,789186,1,Wealth,8,Moderate
55,1447966,3,Education,28,Moderate
36,4502964,5,Wealth,13,Aggressive
47,917847,5,Education,19,Aggressive
26,300000,5,Wealth,3,Aggressive
42,300000,3,Education,18,Moderate
39,498385,5,Wealth,16,Aggressive
33,415093,1,Tax,4,Conservative
32,1439113,2,Retirement,5,Moderate
28,2985828,1,Retirement,0,Moderate
53,1387412,2,Education,26,Conservative
64,1520949,3,Education,38,Moderate
52,1280973,4,Tax,28,Aggressive
56,1039265,4,Education,26,Moderate
55,473316,5,Tax,31,Moderate
27,1399947,5,Retirement,0,Aggressive
58,624332,3,Income,30,Conservative
35,1438828,4,Retirement,9,Aggressive
53,1091479,2,Education,32,Moderate
27,806188,3,Retirement,1,Moderate
56,479200,4,Tax,30,Moderate
58,766853,2,Tax,32,Conservative
25,536382,5,Tax,0,Aggressive
41,300000,5,Wealth,15,Aggressive
52,370888,4,Income,30,Conservative
56,989661,2,Income,30,Moderate
44,300000,3,Tax,14,Moderate
40,4254058,4,Wealth,13,Aggressive
57,566613,4,Retirement,35,Moderate
36,1469889,1,Retirement,9,Moderate
61,300000,1,Wealth,39,Conservative
64,406037,1,Education,36,Conservative
36,1694248,4,Tax,15,Aggressive
33,1079643,2,Income,11,Moderate
40,611152,3,Tax,16,Moderate
59,3240957,3,Wealth,35,Aggressive
36,300000,5,Retirement,14,Moderate
62,1735368,4,Income,40,Moderate
61,596843,1,Wealth,37,Conservative
63,445342,3,Wealth,37,Moderate
38,300000,2,Wealth,11,Conservative
37,300000,2,Wealth,12,Conservative
36,889020,4,Retirement,8,Moderate
62,850258,2,Tax,40,Conservative
36,473374,5,Income,15,Moderate
54,698757,4,Retirement,27,Moderate
35,726458,4,Retirement,10,Moderate
29,579982,5,Retirement,5,Aggressive
41,400002,5,Wealth,16,Aggressive
41,1166635,2,Wealth,17,Moderate
31,1927829,1,Tax,10,Conservative
31,1048163,3,Wealth,3,Aggressive
47,1093695,4,Tax,22,Moderate
30,1368494,4,Tax,2,Moderate
32,684825,3,Education,4,Moderate
48,514065,2,Wealth,24,Moderate
29,300000,3,Wealth,0,Moderate
55,547406,1,Wealth,28,Moderate
64,518499,2,Education,40,Conservative
61,386004,4,Retirement,35,Moderate
48,950031,3,Education,22,Moderate
37,704202,3,Wealth,12,Moderate
46,1086829,2,Wealth,19,Moderate
38,366841,4,Tax,9,Moderate
51,300000,3,Wealth,27,Moderate
33,1286885,5,Education,11,Aggressive
24,1436953,3,Retirement,1,Aggressive
38,447371,3,Tax,9,Moderate
27,627926,1,Retirement,1,Conservative
31,976578,1,Wealth,3,Moderate
42,1209768,3,Tax,13,Moderate
21,300000,3,Tax,0,Moderate
29,1605895,1,Income,5,Conservative
27,318043,5,Wealth,1,Aggressive
39,301880,4,Income,14,Conservative
44,603467,2,Wealth,16,Moderate
57,595282,3,Retirement,30,Moderate
35,822170,4,Wealth,11,Aggressive
40,899649,3,Retirement,19,Moderate
54,2642360,1,Wealth,30,Moderate
47,425692,3,Wealth,17,Moderate
42,1698345,4,Wealth,12,Aggressive
31,300000,2,Income,1,Conservative
34,339108,1,Tax,12,Conservative
25,417394,5,Wealth,0,Aggressive
33,300000,3,Retirement,8,Moderate
51,1102790,2,Education,23,Moderate
25,1893000,4,Retirement,0,Moderate
36,1520876,1,Tax,10,Conservative
52,300000,2,Education,22,Conservative
28,3976472,5,Tax,1,Aggressive
22,871638,3,Retirement,0,Moderate
38,2377190,1,Retirement,10,Moderate
57,731166,2,Wealth,29,Moderate
55,736674,4,Wealth,34,Aggressive
43,619637,4,Retirement,14,Moderate
36,3422768,5,Retirement,6,Aggressive
25,2129673,3,Tax,1,Moderate
28,773880,5,Retirement,1,Aggressive
32,643815,2,Tax,10,Moderate
61,1357975,1,Wealth,32,Moderate
30,300000,1,Wealth,0,Moderate
28,300000,2,Income,0,Conservative
28,390371,1,Wealth,7,Moderate
59,1048608,2,Tax,37,Moderate
59,1694645,5,Retirement,34,Aggressive
46,337398,3,Wealth,22,Moderate
32,2366243,4,Wealth,3,Aggressive
35,553854,4,Wealth,10,Aggressive
60,1086716,4,Wealth,32,Aggressive
35,552522,1,Retirement,13,Conservative
52,742849,5,Tax,23,Moderate
38,2854551,5,Tax,11,Aggressive
59,553895,4,Retirement,37,Moderate
30,417094,5,Income,5,Moderate
50,1285533,2,Income,26,Conservative
21,1594164,4,Wealth,0,Aggressive
52,300000,4,Tax,22,Moderate
29,1042606,3,Wealth,2,Aggressive
26,1173717,4,Retirement,0,Aggressive
48,2734894,1,Retirement,22,Conservative
54,608255,2,Retirement,25,Moderate
53,2069473,5,Tax,31,Aggressive
50,902512,1,Wealth,23,Moderate
31,653712,2,Retirement,5,Moderate
46,479373,3,Wealth,17,Moderate
43,1141154,4,Wealth,20,Aggressive
58,355901,5,Tax,35,Moderate
26,375227,4,Income,0,Moderate
26,1231190,1,Retirement,4,Moderate
21,2937753,4,Tax,0,Aggressive
55,300000,2,Retirement,29,Moderate
53,482781,4,Income,27,Moderate
43,989631,4,Education,13,Moderate
50,547544,3,Income,22,Conservative
36,300000,4,Education,12,Moderate
22,443110,3,Wealth,0,Moderate
30,1135677,1,Wealth,5,Moderate
27,662606,3,Retirement,2,Moderate
28,1042253,3,Income,0,Moderate
31,310239,1,Wealth,2,Conservative
30,1019904,3,Wealth,4,Aggressive
29,300000,4,Wealth,3,Aggressive
49,1392989,1,Income,28,Conservative
25,2100044,1,Tax,0,Moderate
31,303996,3,Tax,3,Conservative
57,540179,3,Wealth,28,Moderate
25,300000,2,Retirement,0,Conservative
35,859635,1,Wealth,6,Conservative
24,897185,5,Wealth,3,Aggressive
26,315973,4,Income,5,Moderate
26,537527,3,Tax,0,Moderate
31,1712774,1,Retirement,2,Conservative
51,1190004,1,Income,27,Conservative
32,924401,4,Retirement,3,Moderate
42,1738153,1,Wealth,14,Moderate
46,2852833,5,Income,21,Moderate
28,887946,2,Wealth,3,Moderate
57,999512,4,Income,36,Moderate
52,661335,5,Tax,30,Moderate
23,908315,1,Tax,1,Moderate
27,492072,1,Wealth,6,Conservative
48,300000,3,Retirement,26,Moderate
49,1410067,4,Retirement,20,Aggressive
42,1313523,2,Education,20,Moderate
45,846687,3,Wealth,17,Aggressive
52,880697,1,Tax,26,Conservative
42,495135,2,Retirement,15,Moderate
54,1871030,4,Income,30,Moderate
30,344416,5,Income,7,Moderate
53,2161130,2,Retirement,26,Moderate
35,1213258,3,Wealth,7,Aggressive
27,988992,5,Wealth,1,Aggressive
30,1030773,5,Tax,9,Aggressive
45,1638719,2,Income,16,Moderate
34,544013,2,Retirement,8,Moderate
47,1397365,3,Retirement,22,Moderate
31,609590,2,Wealth,3,Moderate
56,1116347,4,Tax,27,Moderate
31,300000,5,Wealth,1,Moderate
40,502633,5,Tax,16,Aggressive
30,2752646,3,Retirement,7,Aggressive
45,2047765,2,Income,17,Moderate
56,2556681,2,Retirement,34,Moderate
39,1791387,5,Wealth,10,Aggressive
26,517153,5,Retirement,1,Aggressive
57,564257,3,Income,35,Conservative
40,1611182,2,Tax,12,Moderate
47,1716840,1,Wealth,23,Moderate
32,2127019,2,Wealth,2,Aggressive
31,922889,3,Education,3,Moderate
35,770373,5,Tax,14,Aggressive
40,1862419,5,Income,13,Moderate
47,300000,1,Income,19,Conservative
58,716244,1,Retirement,28,Conservative
31,673097,3,Income,9,Conservative
58,678639,2,Wealth,35,Moderate
34,2038271,5,Wealth,9,Aggressive
28,1243192,4,Wealth,1,Aggressive
54,878959,4,Wealth,29,Moderate
43,300000,4,Wealth,14,Moderate
41,364429,5,Tax,17,Moderate
55,1418928,5,Retirement,31,Aggressive
38,963226,4,Retirement,10,Moderate
25,1904620,1,Tax,0,Conservative
51,489834,4,Wealth,24,Moderate
29,830728,1,Education,5,Moderate
25,716843,3,Wealth,0,Moderate
52,1497925,4,Wealth,24,Aggressive
34,3412515,4,Wealth,12,Aggressive
29,543730,1,Retirement,8,Moderate
61,300000,1,Wealth,34,Conservative
31,1133810,1,Tax,10,Conservative
38,1077313,3,Wealth,17,Aggressive
26,300000,4,Education,0,Moderate
38,404012,1,Tax,12,Conservative
30,592676,3,Income,4,Moderate
31,1795767,3,Retirement,8,Moderate
33,391844,5,Retirement,9,Moderate
24,668258,1,Education,1,Moderate
40,300000,1,Wealth,10,Moderate
21,1133769,1,Retirement,0,Moderate
33,337859,5,Wealth,6,Aggressive
35,3690835,1,Education,11,Moderate
25,444520,1,Tax,1,Conservative
40,1566958,3,Wealth,12,Moderate
50,1173228,1,Wealth,27,Moderate
57,439560,4,Income,33,Conservative
30,1753328,2,Wealth,2,Moderate
30,300000,1,Wealth,3,Moderate
60,791890,3,Retirement,37,Moderate
30,1321361,5,Education,0,Aggressive
36,680872,5,Wealth,9,Aggressive
39,361906,2,Tax,14,Conservative
57,2435849,3,Wealth,28,Aggressive
56,737294,1,Wealth,26,Conservative
62,546564,5,Tax,40,Moderate
32,371881,5,Retirement,10,Moderate
55,861964,4,Retirement,27,Aggressive
54,694399,2,Tax,25,Conservative
35,658135,4,Tax,9,Moderate
42,2560704,5,Tax,18,Aggressive
52,2528359,1,Wealth,23,Moderate
32,960401,1,Retirement,5,Conservative
25,1304384,4,Income,2,Moderate
53,300000,1,Income,30,Conservative
27,859316,2,Retirement,0,Moderate
23,972514,4,Wealth,0,Aggressive
42,692499,3,Wealth,15,Moderate
30,593849,1,Income,7,Conservative
33,463937,1,Wealth,7,Conservative
30,826312,3,Wealth,3,Aggressive
21,1796773,2,Income,0,Conservative
39,2018175,4,Tax,12,Aggressive
37,806118,4,Retirement,13,Moderate
61,1700259,2,Tax,33,Moderate
35,419571,4,Wealth,13,Moderate
53,1196100,1,Education,25,Moderate
44,745032,2,Education,17,Moderate
29,500137,1,Education,8,Conservative
35,3646194,1,Tax,10,Moderate
41,578902,1,Wealth,11,Moderate
21,624339,3,Tax,0,Moderate
29,584324,2,Retirement,8,Moderate
61,1026984,1,Retirement,35,Conservative
56,2071916,2,Wealth,26,Moderate
36,360144,5,Income,11,Moderate
39,1125533,1,Income,9,Conservative
40,1028358,4,Wealth,10,Aggressive
43,300000,5,Education,18,Aggressive
29,2075071,4,Wealth,0,Aggressive
30,973222,5,Income,4,Moderate
24,1337130,3,Tax,0,Moderate
32,300000,3,Retirement,9,Moderate
33,2246863,5,Education,11,Aggressive
44,3408881,5,Retirement,19,Aggressive
32,725619,2,Income,2,Conservative
53,485840,3,Wealth,23,Moderate
58,300000,2,Wealth,28,Moderate
26,325107,4,Wealth,0,Aggressive
43,1448055,3,Education,14,Moderate
35,787967,2,Retirement,11,Moderate
40,300000,1,Income,11,Conservative
31,2344852,4,Tax,2,Moderate
39,504648,3,Wealth,15,Moderate
57,300000,1,Wealth,36,Moderate
33,831867,5,Retirement,12,Aggressive
31,1152154,1,Education,1,Conservative
37,315625,5,Wealth,10,Aggressive
54,653357,5,Retirement,26,Aggressive
22,2366591,5,Tax,0,Aggressive
44,312281,5,Wealth,23,Aggressive
32,1030514,4,Retirement,7,Moderate
53,645701,5,Retirement,27,Aggressive
32,1173542,5,Wealth,8,Aggressive
35,387174,5,Tax,6,Moderate
62,949437,3,Tax,32,Moderate
24,413558,2,Tax,3,Moderate
35,300000,1,Wealth,11,Conservative
31,300329,1,Wealth,1,Conservative
45,692068,2,Tax,18,Moderate
40,949516,4,Retirement,18,Aggressive
30,1881352,5,Retirement,0,Aggressive
55,1035835,3,Income,25,Conservative
39,2400201,1,Retirement,14,Moderate
33,700272,2,Wealth,11,Moderate
46,1186195,5,Retirement,22,Aggressive
55,405536,1,Retirement,31,Conservative
32,1004600,1,Tax,3,Conservative
56,620725,1,Retirement,31,Conservative
28,574990,5,Income,0,Aggressive
61,847147,4,Retirement,36,Moderate
28,300000,2,Retirement,6,Conservative
32,1016400,2,Tax,9,Moderate
33,1320104,1,Wealth,6,Moderate
27,492502,4,Income,2,Moderate
47,916235,4,Wealth,17,Aggressive
29,1934010,5,Wealth,7,Aggressive
59,1367033,2,Wealth,33,Moderate
25,734311,1,Retirement,0,Moderate
52,1063745,1,Wealth,29,Moderate
28,2291804,4,Wealth,3,Aggressive
61,962718,3,Wealth,39,Moderate
39,1564215,5,Wealth,14,Aggressive
37,1407075,4,Wealth,15,Aggressive
46,861520,5,Wealth,24,Aggressive
56,1988949,4,Wealth,35,Aggressive
28,397043,4,Wealth,4,Aggressive
42,1087618,4,Education,14,Aggressive
32,547426,3,Retirement,9,Moderate
43,1505418,2,Income,18,Conservative
24,796242,1,Retirement,2,Conservative
51,1572866,5,Tax,24,Aggressive
50,1377616,4,Tax,26,Moderate
33,600637,1,Wealth,10,Moderate
31,1174272,4,Retirement,5,Moderate
34,1110400,2,Wealth,13,Moderate
53,698666,2,Retirement,30,Conservative
30,1478760,2,Wealth,8,Moderate
34,746514,4,Tax,9,Moderate
36,467206,1,Tax,15,Conservative
60,985100,2,Income,35,Conservative
21,1108677,5,Wealth,0,Aggressive
51,300000,3,Tax,25,Moderate
50,4318225,3,Wealth,26,Aggressive
49,5846731,3,Income,22,Moderate
37,449402,3,Tax,9,Conservative
26,1240438,3,Income,2,Moderate
47,381637,3,Wealth,24,Moderate
59,300000,4,Retirement,30,Conservative
21,584696,1,Retirement,0,Conservative
44,305492,5,Tax,17,Aggressive
24,1171613,1,Education,0,Moderate
50,1491750,5,Wealth,20,Aggressive
57,2764589,2,Tax,31,Moderate
34,833308,5,Wealth,11,Aggressive
41,1475081,4,Retirement,18,Aggressive
32,1059130,2,Income,4,Conservative
38,986156,3,Retirement,11,Moderate
43,400705,4,Income,15,Conservative
30,681656,4,Tax,3,Moderate
28,623369,1,Income,6,Conservative
36,1218799,1,Tax,12,Conservative
44,300000,2,Tax,17,Moderate
33,1683464,4,Tax,6,Moderate
21,669073,2,Retirement,0,Moderate
29,505618,3,Income,2,Conservative
34,1026304,1,Retirement,8,Conservative
49,793070,4,Wealth,21,Moderate
38,900863,3,Tax,8,Moderate
55,2014568,4,Tax,28,Aggressive
50,300000,3,Wealth,27,Moderate
47,304536,5,Wealth,25,Aggressive
52,547094,3,Wealth,24,Aggressive
32,2144996,5,Retirement,7,Aggressive
28,1402046,1,Retirement,3,Moderate
59,739352,5,Wealth,38,Aggressive
36,1231450,2,Retirement,10,Moderate
49,1451221,3,Wealth,27,Moderate
21,1158501,1,Wealth,0,Conservative
48,1721837,4,Wealth,21,Aggressive
30,911464,3,Retirement,1,Moderate
38,1136090,3,Wealth,8,Moderate
36,1140693,5,Education,13,Aggressive
46,604904,5,Tax,24,Aggressive
32,733961,3,Tax,11,Moderate
29,1150802,3,Retirement,7,Moderate
29,407110,2,Education,6,Moderate
33,485421,4,Tax,6,Moderate
60,671286,2,Wealth,30,Moderate
32,837312,2,Wealth,3,Moderate
54,795118,4,Retirement,33,Moderate
49,796399,1,Retirement,22,Conservative
28,885807,4,Retirement,7,Moderate
27,684285,1,Education,3,Conservative
55,499896,3,Tax,29,Moderate
31,826744,2,Retirement,4,Moderate
31,1260657,3,Tax,4,Moderate
21,1472390,2,Wealth,0,Moderate
42,300000,5,Tax,21,Moderate
51,402695,2,Income,28,Conservative
50,1560613,2,Education,23,Moderate
28,662844,2,Wealth,3,Moderate
59,300000,1,Wealth,32,Conservative
45,1895858,5,Wealth,23,Aggressive
24,1630145,1,Tax,0,Moderate
24,352218,4,Wealth,0,Aggressive
45,354798,4,Retirement,20,Moderate
43,6501486,5,Tax,22,Aggressive
52,424244,4,Income,24,Moderate
39,1889318,3,Tax,17,Moderate
32,2376489,1,Retirement,9,Moderate
27,300000,2,Wealth,0,Moderate
29,425931,3,Tax,0,Conservative
25,1659543,2,Tax,3,Moderate
50,310564,4,Wealth,25,Moderate
39,380833,1,Tax,11,Conservative
37,702849,4,Wealth,15,Aggressive
32,738511,1,Tax,7,Conservative
28,1729703,2,Wealth,0,Moderate
22,1195517,2,Income,0,Conservative
30,931548,2,Retirement,1,Moderate
55,727169,5,Tax,26,Moderate
35,386375,4,Wealth,5,Moderate
29,1888661,5,Income,3,Aggressive
50,888586,3,Education,27,Moderate
54,1275590,5,Wealth,32,Aggressive
37,941153,2,Wealth,8,Moderate
48,872186,1,Retirement,23,Conservative
53,866996,4,Education,30,Aggressive
28,808449,4,Tax,1,Moderate
64,730142,4,Education,40,Moderate
52,530035,3,Income,24,Conservative
56,1169582,4,Tax,31,Aggressive
31,1770984,3,Wealth,2,Moderate
31,953971,2,Income,8,Moderate
53,2478959,1,Tax,30,Conservative
43,584161,2,Retirement,18,Moderate
31,3622982,5,Retirement,2,Aggressive
34,1099270,4,Education,8,Aggressive
34,300000,5,Wealth,11,Aggressive
64,3074091,3,Tax,40,Aggressive
52,414124,2,Tax,28,Conservative
35,933205,4,Wealth,6,Moderate
55,1152862,3,Education,27,Aggressive
60,846164,2,Retirement,33,Moderate
55,744862,2,Tax,32,Conservative
35,514587,3,Retirement,14,Moderate
33,562975,1,Wealth,3,Conservative
39,1852323,2,Retirement,15,Conservative
53,395616,4,Income,30,Moderate
35,836958,5,Tax,7,Aggressive
27,1324992,3,Tax,2,Moderate
32,385328,1,Wealth,10,Moderate
34,1117958,2,Wealth,6,Moderate
26,1678963,5,Tax,0,Aggressive
29,1032070,1,Wealth,6,Moderate
44,1772462,3,Retirement,21,Moderate
36,783139,2,Wealth,8,Moderate
61,445467,2,Tax,38,Conservative
45,724246,3,Retirement,16,Moderate
32,310122,5,Wealth,5,Aggressive
27,4252941,5,Retirement,4,Aggressive
30,801598,4,Tax,0,Aggressive
34,300000,2,Wealth,7,Moderate
34,510840,3,Wealth,7,Moderate
32,700488,2,Income,3,Conservative
52,329432,4,Wealth,26,Moderate
36,326660,4,Education,11,Moderate
26,633557,1,Wealth,1,Moderate
54,1177025,2,Wealth,30,Moderate
31,1567364,3,Retirement,5,Moderate
43,1760268,1,Education,19,Moderate
34,533678,3,Income,5,Moderate
34,300000,4,Tax,13,Moderate
43,2799373,5,Tax,13,Aggressive
25,692261,5,Retirement,4,Aggressive
27,593708,3,Income,2,Moderate
30,1920292,3,Wealth,4,Aggressive
39,647987,5,Retirement,9,Moderate
52,1136555,1,Income,29,Conservative
36,957648,5,Retirement,9,Aggressive
57,339048,4,Income,28,Moderate
58,376604,2,Wealth,32,Moderate
36,690131,3,Wealth,9,Moderate
53,796820,1,Retirement,31,Conservative
37,521685,4,Tax,13,Moderate
30,518429,2,Retirement,1,Moderate
29,766537,1,Retirement,4,Moderate
39,492556,3,Tax,13,Moderate
28,1505641,1,Education,7,Moderate
36,995985,4,Retirement,9,Moderate
38,557241,5,Wealth,11,Aggressive
43,1217192,3,Retirement,14,Moderate
48,2045297,2,Tax,25,Moderate
25,912827,3,Wealth,0,Moderate
52,300000,4,Retirement,24,Moderate
48,2423839,2,Tax,24,Conservative
30,2593591,4,Wealth,0,Aggressive
29,1920078,3,Wealth,6,Aggressive
28,1253143,1,Tax,0,Moderate
29,1149857,4,Wealth,0,Aggressive
56,890728,5,Wealth,30,Aggressive
33,862571,5,Tax,7,Aggressive
29,357396,3,Wealth,0,Aggressive
29,362602,2,Wealth,5,Moderate
24,435517,1,Tax,0,Conservative
46,300000,2,Income,21,Conservative
36,336633,4,Retirement,14,Moderate
21,802902,3,Wealth,0,Aggressive
26,300000,1,Retirement,0,Conservative
45,413943,3,Tax,20,Moderate
34,685515,3,Education,7,Conservative
56,471583,3,Education,27,Moderate
36,637654,2,Wealth,8,Moderate
46,984463,4,Tax,19,Moderate
34,1579656,4,Income,10,Moderate
39,481135,2,Tax,13,Conservative
48,651174,5,Income,27,Moderate
53,300000,1,Retirement,24,Conservative
34,1220799,1,Retirement,5,Moderate
53,440888,2,Wealth,28,Conservative
24,1024835,3,Retirement,0,Moderate
39,646558,3,Wealth,11,Moderate
36,3844780,4,Tax,9,Aggressive
60,2903365,2,Retirement,37,Moderate
43,1251726,5,Income,17,Aggressive
25,1086878,5,Wealth,2,Aggressive
26,963524,1,Wealth,0,Moderate
56,584163,1,Retirement,29,Moderate
47,469419,3,Education,25,Moderate
46,417235,3,Education,16,Moderate
58,517399,2,Tax,34,Moderate
37,1081592,3,Wealth,12,Moderate
40,682179,3,Retirement,14,Moderate
26,300000,4,Education,1,Moderate
29,4855900,2,Tax,0,Moderate
58,719050,1,Tax,34,Conservative
34,3630343,2,Education,11,Moderate
36,608283,5,Tax,14,Moderate
38,678475,3,Wealth,8,Moderate
52,1543039,1,Retirement,31,Conservative
47,653870,2,Wealth,19,Moderate
32,1067944,1,Retirement,8,Conservative
36,640308,3,Education,7,Moderate
27,576891,1,Retirement,6,Moderate
52,2363084,1,Retirement,27,Moderate
38,346440,1,Wealth,16,Moderate
32,563988,5,Wealth,10,Aggressive
52,2894036,4,Wealth,22,Aggressive
48,640108,2,Tax,22,Conservative
26,300000,1,Retirement,0,Moderate
48,1239720,5,Retirement,23,Aggressive
31,786324,1,Education,3,Conservative
39,1104232,1,Tax,11,Conservative
24,844040,4,Retirement,0,Moderate
34,371874,5,Wealth,13,Aggressive
58,952825,4,Retirement,31,Moderate
31,1956935,5,Wealth,4,Aggressive
29,567612,2,Wealth,7,Moderate
35,433637,2,Tax,8,Conservative
39,713964,4,Wealth,10,Aggressive
23,696349,2,Wealth,0,Moderate
33,643777,1,Retirement,7,Conservative
36,1913982,2,Education,12,Moderate
22,955166,2,Tax,0,Conservative
25,2572004,2,Retirement,0,Aggressive
42,945005,1,Retirement,16,Moderate
24,1037735,5,Income,0,Aggressive
22,3707120,2,Wealth,0,Moderate
23,1024939,2,Wealth,0,Moderate
38,674185,3,Retirement,12,Moderate
49,417011,3,Tax,25,Moderate
55,443264,5,Wealth,27,Aggressive
60,602020,2,Income,35,Conservative
23,676783,2,Wealth,0,Moderate
37,300000,5,Wealth,11,Aggressive
63,797094,5,Retirement,37,Aggressive
46,300000,3,Education,23,Moderate
47,1970254,1,Wealth,18,Moderate
27,300000,5,Wealth,2,Aggressive
35,917384,3,Retirement,8,Moderate
43,892649,4,Wealth,15,Aggressive
55,2062872,1,Tax,28,Moderate
30,887115,3,Retirement,6,Aggressive
37,752032,5,Retirement,8,Aggressive
44,1005107,4,Tax,21,Aggressive
32,557333,4,Wealth,9,Moderate
37,563209,5,Education,7,Aggressive
55,936412,5,Retirement,29,Aggressive
22,656452,4,Wealth,0,Aggressive
56,1262940,1,Wealth,29,Moderate
32,434988,4,Tax,3,Moderate
46,1569765,5,Wealth,20,Aggressive
22,1120369,1,Tax,0,Moderate
28,820693,3,Tax,7,Moderate
33,300000,2,Education,11,Conservative
25,1449006,2,Wealth,1,Moderate
59,3184352,2,Retirement,32,Moderate
35,582561,3,Tax,6,Conservative
49,1470885,3,Wealth,20,Moderate
27,743966,4,Tax,4,Aggressive
48,374042,3,Retirement,25,Moderate
53,471154,3,Retirement,32,Moderate
27,747908,5,Retirement,1,Aggressive
21,1107199,3,Retirement,0,Moderate
29,300000,5,Tax,0,Moderate
39,492095,4,Education,12,Moderate
33,824953,2,Tax,3,Conservative
38,333642,1,Wealth,9,Conservative
21,1060894,2,Wealth,0,Moderate
58,2694318,4,Wealth,35,Aggressive
39,750814,1,Retirement,9,Conservative
29,1348587,2,Income,3,Moderate
24,330030,4,Retirement,0,Moderate
37,518426,4,Wealth,9,Aggressive
23,1617194,5,Retirement,2,Aggressive
40,310227,3,Tax,10,Moderate
39,490465,5,Tax,10,Aggressive
31,1794130,5,Retirement,7,Aggressive
26,525986,2,Retirement,0,Moderate
50,300000,4,Tax,21,Moderate
41,543289,3,Retirement,18,Moderate
48,2732371,4,Wealth,27,Aggressive
31,2208477,1,Tax,7,Moderate
37,762773,2,Retirement,11,Moderate
28,684648,5,Wealth,0,Aggressive
33,4203224,3,Wealth,10,Aggressive
58,418688,3,Income,35,Conservative
30,514423,3,Wealth,8,Moderate
30,1692236,1,Tax,8,Moderate
26,439567,5,Wealth,0,Aggressive
29,1042050,3,Wealth,8,Aggressive
39,339262,4,Retirement,14,Aggressive
56,2287859,3,Education,35,Moderate
30,595610,3,Income,1,Moderate
52,511582,3,Wealth,22,Moderate
28,446786,1,Retirement,6,Moderate
27,360456,5,Tax,0,Aggressive
41,631236,4,Retirement,19,Moderate
55,300000,2,Income,33,Conservative
49,375832,3,Retirement,20,Moderate
49,815717,5,Income,23,Moderate
42,857461,1,Wealth,21,Moderate
26,767249,4,Tax,2,Moderate
46,473879,5,Retirement,20,Moderate
59,2325723,3,Wealth,29,Aggressive
25,1481308,5,Retirement,1,Aggressive
57,749471,1,Wealth,27,Moderate
60,743654,2,Wealth,36,Moderate
22,578387,1,Tax,0,Moderate
33,513930,2,Retirement,6,Moderate
21,722380,3,Wealth,0,Moderate
21,1562276,4,Wealth,0,Aggressive
51,589612,1,Retirement,21,Conservative
39,1975499,4,Retirement,15,Moderate
34,511113,1,Wealth,4,Moderate
31,2289743,4,Wealth,8,Aggressive
26,654670,2,Tax,5,Moderate
55,1297911,5,Retirement,28,Aggressive
49,3965178,5,Wealth,23,Aggressive
41,4381095,2,Wealth,19,Aggressive
54,315041,2,Retirement,25,Moderate
43,1662101,3,Wealth,19,Moderate
38,416267,1,Wealth,13,Moderate
57,1048281,4,Wealth,35,Aggressive
59,1135036,2,Income,34,Conservative
30,1473064,4,Wealth,7,Aggressive
60,329124,1,Wealth,32,Conservative
30,353262,4,Income,7,Moderate
21,451715,5,Tax,0,Aggressive
37,1212563,3,Education,14,Moderate
59,957332,1,Tax,30,Conservative
27,1075233,1,Tax,0,Conservative
29,353791,3,Retirement,7,Moderate
25,906381,1,Tax,2,Conservative
57,508274,3,Retirement,32,Moderate
53,523953,2,Wealth,26,Moderate
46,737051,2,Wealth,25,Moderate
31,300000,4,Tax,7,Moderate
36,1168652,5,Wealth,6,Aggressive
22,300000,5,Retirement,0,Moderate
51,604494,1,Wealth,21,Moderate
49,1354921,1,Retirement,20,Moderate
63,300000,4,Income,40,Moderate
53,301955,5,Tax,27,Moderate
27,1664285,2,Retirement,0,Moderate
57,379868,2,Retirement,34,Conservative
29,1587175,3,Retirement,0,Aggressive
35,1096360,2,Tax,12,Conservative
45,315551,5,Wealth,18,Aggressive
51,908768,3,Wealth,23,Moderate
28,1106908,1,Tax,4,Moderate
24,303729,4,Tax,2,Moderate
55,841170,5,Income,28,Moderate
61,1447015,2,Wealth,35,Moderate
55,761290,3,Income,34,Conservative
22,895275,2,Income,0,Conservative
55,730844,1,Wealth,28,Moderate
51,1650249,2,Tax,22,Conservative
61,753149,2,Tax,35,Conservative
36,494636,4,Wealth,8,Moderate
27,688879,2,Retirement,2,Conservative
25,300000,4,Education,0,Moderate
43,300000,3,Education,17,Conservative
34,451558,1,Tax,12,Conservative
35,2342952,4,Income,5,Moderate
27,1644889,2,Wealth,1,Moderate
22,300000,3,Retirement,0,Moderate
57,386787,4,Education,30,Moderate
34,520869,4,Income,10,Moderate
67,705230,3,Wealth,40,Moderate
44,391862,1,Wealth,14,Conservative
63,525048,3,Retirement,34,Moderate
40,1651750,1,Retirement,14,Moderate
23,400383,1,Wealth,0,Conservative
40,1194618,2,Wealth,18,Aggressive
31,1374144,4,Education,2,Moderate
33,4321169,3,Wealth,10,Aggressive
46,498256,1,Retirement,16,Conservative
32,368534,3,Retirement,8,Moderate
35,300000,4,Wealth,10,Moderate
34,1279948,3,Retirement,13,Moderate
34,1088159,5,Tax,10,Aggressive
30,749783,3,Wealth,2,Moderate
52,1010740,1,Tax,27,Conservative
33,854340,2,Wealth,10,Moderate
64,605575,5,Tax,37,Moderate
21,637305,2,Education,0,Moderate
25,753318,2,Retirement,2,Moderate
52,4483563,4,Education,27,Aggressive
53,1524743,2,Tax,24,Moderate
51,356623,2,Tax,26,Conservative
29,1064484,3,Retirement,5,Aggressive
35,802176,5,Wealth,7,Aggressive
38,2853587,5,Education,14,Aggressive
26,1945755,3,Education,1,Moderate
57,751253,1,Income,32,Conservative
40,790310,5,Retirement,17,Aggressive
32,363814,5,Wealth,3,Aggressive
59,1275030,5,Wealth,38,Aggressive
43,1798707,4,Retirement,16,Aggressive
32,877844,5,Wealth,4,Aggressive
26,970107,1,Income,0,Conservative
34,641423,5,Retirement,9,Moderate
40,1494423,1,Education,10,Moderate
50,315266,5,Tax,25,Moderate
36,368439,1,Retirement,15,Conservative
25,1544734,3,Tax,0,Moderate
57,300322,5,Education,31,Moderate
37,517393,1,Retirement,16,Moderate
42,663343,4,Wealth,14,Aggressive
36,1121108,4,Retirement,11,Aggressive
38,897836,3,Tax,13,Moderate
34,300000,2,Education,8,Conservative
64,1210683,4,Retirement,39,Moderate
52,690605,5,Tax,23,Aggressive
43,1700743,3,Wealth,16,Aggressive
21,408853,1,Tax,0,Conservative
35,2429083,1,Tax,12,Conservative
47,354021,1,Retirement,17,Conservative
46,583123,1,Tax,17,Conservative
28,1947618,5,Wealth,0,Aggressive
64,3907824,4,Retirement,37,Aggressive
44,354480,1,Income,23,Conservative
37,4617457,5,Wealth,8,Aggressive
29,300000,3,Wealth,1,Moderate
28,1368390,5,Tax,3,Aggressive
38,2766223,3,Wealth,17,Aggressive
33,391450,4,Retirement,6,Moderate
50,1905422,1,Income,27,Conservative
30,563611,2,Wealth,5,Moderate
54,476913,3,Tax,33,Moderate
36,311987,2,Retirement,11,Moderate
21,762842,5,Wealth,0,Aggressive
44,891048,5,Wealth,23,Aggressive
34,349519,2,Retirement,12,Conservative
33,2184864,4,Wealth,8,Aggressive
36,526783,1,Retirement,12,Conservative
40,784699,5,Tax,17,Aggressive
34,948080,2,Income,5,Conservative
43,6563704,2,Retirement,22,Aggressive
55,1978529,3,Retirement,30,Moderate
52,1426741,2,Retirement,31,Moderate
30,591845,2,Wealth,2,Moderate
46,1047289,3,Retirement,23,Moderate
29,1125771,3,Income,6,Moderate
40,788914,5,Income,17,Moderate
36,1576417,4,Wealth,10,Aggressive
50,7215458,5,Income,27,Aggressive
28,370630,4,Income,1,Moderate
35,1077012,1,Tax,6,Moderate
21,1060001,3,Income,0,Moderate
32,682871,5,Retirement,10,Aggressive
29,504538,3,Education,0,Moderate
45,486588,3,Tax,22,Moderate
39,3870898,4,Wealth,9,Aggressive
64,900748,2,Wealth,40,Moderate
27,1638483,2,Wealth,3,Aggressive
31,662708,3,Tax,3,Conservative
57,1091519,5,Income,28,Moderate
42,1157276,5,Wealth,19,Aggressive
36,681888,4,Tax,10,Moderate
25,969738,1,Retirement,1,Moderate
31,1980109,5,Retirement,5,Aggressive
29,369936,1,Income,3,Conservative
21,944130,3,Retirement,0,Moderate
40,1203322,4,Wealth,11,Aggressive
39,1409689,4,Wealth,16,Aggressive
54,1578395,3,Education,29,Moderate
25,1338316,3,Tax,0,Moderate
34,1860138,1,Wealth,10,Moderate
37,606918,5,Wealth,12,Aggressive
54,2237769,5,Tax,31,Aggressive
46,878990,2,Retirement,20,Moderate
65,1485815,1,Tax,40,Conservative
37,322443,4,Retirement,7,Moderate
50,1282261,1,Wealth,25,Moderate
50,898036,1,Retirement,26,Conservative
54,653135,3,Retirement,31,Conservative
44,1994721,3,Retirement,22,Moderate
33,943267,3,Retirement,11,Moderate
39,928338,3,Education,15,Moderate
30,300000,3,Education,3,Moderate
37,498694,1,Retirement,11,Conservative
37,916943,3,Tax,8,Moderate
30,502809,5,Wealth,1,Aggressive
46,2227474,5,Education,17,Aggressive
36,656459,2,Retirement,12,Moderate
28,410504,5,Retirement,2,Aggressive
42,369023,2,Retirement,21,Moderate
39,734289,5,Wealth,9,Aggressive
26,1462883,4,Wealth,0,Aggressive
52,417646,2,Education,26,Conservative
32,387792,1,Retirement,4,Conservative
31,538584,3,Education,7,Moderate
56,768967,2,Retirement,28,Moderate
28,384635,5,Retirement,0,Aggressive
46,877543,1,Wealth,17,Moderate
53,2396399,5,Wealth,32,Aggressive
43,798435,1,Tax,21,Conservative
29,605857,5,Retirement,3,Aggressive
50,1763493,3,Tax,29,Moderate
37,359948,4,Retirement,10,Moderate
49,1168743,5,Education,25,Aggressive
53,821399,5,Income,29,Aggressive
51,2635981,2,Income,25,Moderate
40,1939369,3,Tax,19,Moderate
27,300000,1,Tax,5,Conservative
22,933359,2,Income,0,Conservative
21,300000,3,Income,0,Moderate
30,1791312,3,Wealth,9,Aggressive
28,413742,2,Tax,1,Conservative
32,1398485,1,Income,11,Conservative
52,1804949,4,Tax,27,Moderate
29,300000,2,Wealth,4,Moderate
26,2261359,5,Tax,5,Aggressive
35,1769200,4,Wealth,5,Aggressive
35,385638,1,Tax,8,Conservative
34,1817402,1,Tax,12,Conservative
24,348305,2,Wealth,3,Moderate
23,1522698,2,Wealth,0,Moderate
31,756259,4,Income,4,Moderate
42,300000,4,Retirement,13,Moderate
53,2265477,5,Retirement,23,Aggressive
47,2261582,5,Wealth,26,Aggressive
31,922377,5,Wealth,4,Aggressive
37,818911,4,Wealth,13,Aggressive
39,608806,3,Wealth,11,Aggressive
28,1187375,4,Wealth,0,Aggressive
55,1073232,5,Wealth,26,Aggressive
57,2346543,3,Education,32,Moderate
56,933915,5,Retirement,31,Aggressive
28,2147685,3,Retirement,1,Moderate
55,300000,1,Retirement,32,Conservative
30,1421625,4,Income,2,Moderate
32,913078,1,Tax,3,Conservative
37,1036424,2,Wealth,7,Moderate
32,2878931,1,Tax,11,Conservative
30,1749753,1,Wealth,2,Moderate
27,630816,2,Income,0,Moderate
31,443922,4,Tax,9,Moderate
67,300000,5,Education,40,Aggressive
40,1104879,4,Income,17,Aggressive
22,1906821,5,Retirement,1,Aggressive
55,1958431,2,Income,32,Moderate
34,607738,3,Income,8,Conservative
32,1934966,2,Retirement,6,Moderate
28,1961887,4,Tax,4,Aggressive
34,1585111,3,Wealth,11,Aggressive
25,836301,2,Retirement,0,Moderate
27,780980,4,Wealth,0,Moderate
44,1172355,3,Retirement,15,Moderate
52,1299637,4,Tax,30,Aggressive
47,578273,2,Tax,24,Conservative
51,625765,1,Retirement,27,Conservative
23,973159,1,Wealth,0,Moderate
54,522835,2,Tax,24,Conservative
27,564756,5,Wealth,5,Aggressive
27,300000,4,Wealth,3,Aggressive
56,397778,2,Income,34,Conservative
30,1357438,1,Retirement,5,Moderate
39,1631381,4,Education,10,Aggressive
38,784281,5,Tax,12,Moderate
29,1402188,1,Retirement,4,Moderate
27,300000,3,Wealth,1,Aggressive
29,1087773,5,Retirement,6,Aggressive
25,300000,4,Wealth,0,Aggressive
33,447772,1,Tax,7,Conservative
29,1269927,4,Wealth,7,Aggressive
31,1430261,1,Education,2,Conservative
22,300000,1,Retirement,0,Conservative
25,300000,3,Wealth,0,Moderate
58,504035,3,Income,37,Conservative
49,300000,1,Retirement,20,Conservative
39,603379,3,Tax,16,Moderate
30,1478690,3,Income,7,Moderate
54,300000,5,Wealth,27,Aggressive
44,3298213,3,Wealth,19,Aggressive
59,671666,5,Wealth,30,Aggressive
51,1046052,2,Wealth,21,Moderate
56,392454,5,Retirement,26,Moderate
24,1671074,5,Education,0,Aggressive
38,949504,1,Retirement,15,Conservative
27,963330,2,Income,5,Conservative
57,1056784,2,Wealth,28,Moderate
57,325985,4,Income,33,Moderate
23,1074530,2,Tax,0,Moderate
42,1319816,4,Education,18,Aggressive
50,300000,4,Income,26,Moderate
36,667549,5,Income,9,Moderate
31,650005,5,Wealth,4,Aggressive
43,830417,1,Tax,19,Moderate
32,1335927,1,Wealth,9,Moderate
58,1429297,3,Wealth,28,Aggressive
27,751723,4,Retirement,4,Aggressive
33,1573963,3,Income,11,Moderate
52,307359,1,Wealth,23,Moderate
53,967980,2,Education,30,Moderate
28,300000,3,Income,0,Conservative
44,568862,1,Wealth,20,Moderate
55,1129420,5,Wealth,34,Aggressive
24,1328951,4,Wealth,0,Aggressive
28,990250,3,Tax,4,Moderate
25,2426214,1,Wealth,3,Moderate
43,869778,3,Wealth,14,Moderate
49,300000,3,Retirement,24,Conservative
27,300000,1,Retirement,0,Conservative
58,402540,1,Income,31,Conservative
33,400757,4,Retirement,9,Moderate
41,827596,3,Wealth,15,Moderate
56,548012,2,Tax,27,Conservative
31,414052,3,Wealth,8,Moderate
23,536077,5,Wealth,0,Aggressive
46,636266,1,Wealth,19,Conservative
28,449077,5,Wealth,7,Aggressive
48,828407,5,Wealth,23,Aggressive
49,1564673,3,Income,22,Moderate
41,511902,3,Income,16,Conservative
54,854279,3,Education,28,Moderate
30,3432622,3,Wealth,3,Aggressive
27,956993,4,Income,2,Moderate
55,1729369,5,Retirement,26,Aggressive
60,579084,2,Tax,30,Conservative
47,1827251,4,Tax,24,Moderate
30,459292,5,Wealth,8,Aggressive
29,1228304,1,Wealth,5,Moderate
32,1713492,3,Wealth,9,Aggressive
22,2372594,3,Wealth,0,Aggressive
40,880235,3,Retirement,13,Moderate
36,667316,5,Retirement,11,Aggressive
39,306199,1,Retirement,11,Conservative
50,765687,1,Retirement,28,Conservative
46,1415439,4,Wealth,18,Aggressive
36,1314034,4,Education,8,Moderate
43,795214,5,Income,16,Moderate
22,1044891,4,Wealth,1,Aggressive
47,2596553,4,Retirement,25,Aggressive
29,1298621,3,Income,0,Moderate
30,684310,4,Retirement,2,Moderate
54,804596,4,Retirement,30,Moderate
33,1293591,4,Education,12,Aggressive
46,1222086,5,Tax,24,Aggressive
39,3913672,4,Wealth,9,Aggressive
33,2559893,2,Retirement,3,Moderate
29,393350,2,Income,3,Conservative
32,511324,4,Wealth,2,Moderate
34,1972457,2,Wealth,7,Moderate
48,468015,3,Wealth,18,Moderate
52,907062,5,Income,28,Moderate
45,2513334,4,Retirement,21,Aggressive
31,1002958,2,Retirement,3,Moderate
30,1604047,3,Wealth,8,Aggressive
33,941263,3,Wealth,4,Moderate
50,767047,4,Tax,20,Moderate
48,300000,3,Tax,27,Moderate
53,965015,3,Wealth,29,Aggressive
49,556252,4,Income,26,Moderate
25,2063576,2,Retirement,1,Moderate
34,300000,1,Wealth,12,Conservative
39,565116,5,Wealth,15,Aggressive
53,2130818,4,Wealth,24,Aggressive
40,3170169,2,Retirement,15,Moderate
39,1806537,3,Income,12,Moderate
28,1287902,1,Retirement,5,Moderate
46,300000,3,Tax,24,Conservative
55,383996,1,Wealth,30,Conservative
33,1544507,1,Wealth,7,Moderate
31,326824,2,Retirement,8,Conservative
31,684051,4,Wealth,1,Moderate
41,648263,2,Wealth,12,Moderate
21,1081179,4,Wealth,0,Aggressive
60,1288944,2,Wealth,39,Moderate
49,300000,1,Income,28,Conservative
21,984043,2,Retirement,0,Moderate
54,500612,5,Retirement,25,Aggressive
38,1189808,4,Wealth,14,Aggressive
29,300000,4,Wealth,6,Aggressive
40,1641463,2,Income,13,Moderate
24,489000,1,Tax,3,Conservative
36,614851,1,Tax,13,Conservative
38,2524413,3,Wealth,9,Aggressive
28,732711,2,Wealth,5,Moderate
26,1609688,3,Wealth,4,Aggressive
24,792454,1,Retirement,1,Moderate
58,2585636,3,Tax,33,Moderate
33,1022619,4,Education,3,Aggressive
49,1157462,4,Retirement,20,Aggressive
38,914463,5,Wealth,10,Aggressive
49,655200,4,Tax,20,Moderate
36,1487447,5,Tax,8,Aggressive
36,477764,1,Wealth,9,Moderate
26,1342443,5,Wealth,0,Aggressive
31,1579778,2,Tax,2,Moderate
43,1173765,2,Wealth,18,Aggressive
33,416973,4,Income,11,Moderate
48,1102681,5,Income,19,Moderate
30,1679329,2,Wealth,6,Aggressive
56,332068,5,Retirement,27,Aggressive
29,300000,1,Wealth,1,Moderate
30,1456915,3,Retirement,6,Moderate
54,512665,2,Tax,28,Moderate
52,1359371,5,Wealth,28,Aggressive
41,2670579,2,Income,12,Moderate
40,300000,2,Retirement,13,Conservative
42,300000,1,Wealth,13,Conservative
27,1413682,2,Wealth,0,Moderate
33,2020188,3,Education,11,Moderate
32,2676570,2,Tax,2,Moderate
45,1417829,1,Retirement,20,Conservative
34,733868,4,Income,11,Moderate
35,862091,1,Retirement,6,Conservative
39,1020075,1,Tax,14,Moderate
65,2619677,5,Education,36,Aggressive
37,989630,5,Tax,10,Moderate
43,497422,4,Wealth,17,Aggressive
59,942360,3,Education,38,Moderate
55,300000,2,Wealth,26,Moderate
49,546473,1,Education,25,Conservative
43,649965,4,Education,16,Aggressive
33,613662,3,Wealth,10,Moderate
44,300000,2,Wealth,22,Moderate
40,351252,5,Income,18,Moderate
42,795021,4,Wealth,16,Aggressive
25,1449803,1,Income,0,Conservative
59,601770,4,Retirement,38,Moderate
59,849711,2,Wealth,34,Moderate
21,1489807,1,Tax,0,Moderate
45,5227758,1,Wealth,21,Aggressive
57,646069,3,Wealth,29,Moderate
60,447267,1,Retirement,34,Conservative
30,1401496,2,Wealth,6,Aggressive
57,1463480,2,Retirement,32,Moderate
21,322698,2,Tax,0,Moderate
34,368368,1,Tax,4,Conservative
61,308995,5,Retirement,38,Moderate
30,488266,4,Wealth,8,Aggressive
33,1475282,2,Tax,8,Moderate
21,1035068,3,Retirement,0,Moderate
37,907070,3,Wealth,8,Moderate
33,405470,1,Wealth,3,Moderate
45,383886,1,Tax,16,Conservative
57,849147,3,Wealth,29,Moderate
29,779188,1,Wealth,4,Moderate
50,1135549,3,Tax,29,Moderate
48,2129486,4,Tax,21,Aggressive
22,363228,5,Retirement,0,Moderate
59,726116,2,Retirement,38,Moderate
53,872698,4,Income,28,Moderate
31,922997,1,Wealth,5,Moderate
30,849106,4,Income,4,Moderate
27,785703,5,Income,0,Moderate
25,920474,3,Retirement,0,Moderate
32,1157617,3,Wealth,4,Aggressive
60,491822,3,Education,35,Moderate
57,1119864,1,Wealth,27,Moderate
38,1155784,5,Retirement,11,Aggressive
58,950266,5,Tax,28,Moderate
36,2430014,1,Wealth,15,Moderate
28,937908,2,Tax,2,Conservative
55,1040602,3,Tax,32,Moderate
64,406739,4,Tax,40,Conservative
29,1669392,4,Wealth,5,Aggressive
22,3079916,4,Wealth,0,Aggressive
54,899348,2,Wealth,30,Moderate
41,300000,1,Wealth,11,Conservative
26,1710950,1,Retirement,0,Conservative
30,2102288,3,Wealth,4,Aggressive
30,938054,2,Wealth,4,Moderate
28,560845,4,Tax,6,Aggressive
58,1965959,1,Wealth,28,Moderate
30,1864504,2,Wealth,8,Aggressive
42,961396,5,Wealth,18,Aggressive
43,1789899,2,Tax,14,Moderate
48,485246,3,Retirement,18,Moderate
52,1991850,4,Wealth,28,Aggressive
36,976303,1,Wealth,8,Moderate
45,651138,1,Education,24,Moderate
31,873976,5,Wealth,5,Aggressive
50,1419153,5,Tax,27,Aggressive
28,1000463,5,Income,2,Moderate
52,2914127,3,Retirement,29,Aggressive
23,1885018,4,Retirement,0,Aggressive
31,355000,5,Income,7,Moderate
24,1539596,4,Wealth,0,Aggressive
40,1630396,4,Wealth,11,Aggressive
33,1240039,5,Tax,9,Aggressive
29,414494,4,Retirement,4,Aggressive
23,1764604,1,Education,0,Moderate
56,967306,4,Wealth,27,Aggressive
37,397174,4,Income,12,Moderate
30,1034766,1,Education,3,Moderate
21,1780454,1,Wealth,0,Moderate
62,446972,2,Wealth,35,Moderate
32,447091,2,Education,6,Moderate
43,1342622,5,Income,14,Aggressive
53,1042307,3,Wealth,25,Moderate
27,1432476,4,Wealth,0,Aggressive
35,847211,4,Tax,11,Moderate
28,4667868,3,Wealth,4,Aggressive
53,630290,5,Retirement,31,Aggressive
36,1287731,4,Wealth,8,Aggressive
24,585955,2,Wealth,2,Moderate
54,302486,4,Wealth,30,Moderate
35,739928,1,Retirement,14,Conservative
52,664412,4,Tax,29,Moderate
44,2815889,4,Retirement,20,Aggressive
37,1097430,1,Wealth,14,Moderate
33,470898,2,Tax,9,Conservative
30,844004,1,Income,9,Conservative
37,430292,3,Tax,15,Moderate
29,680456,2,Income,0,Moderate
51,1675073,4,Retirement,25,Aggressive
59,1128322,1,Education,36,Moderate
54,300000,1,Tax,32,Conservative
40,464719,2,Tax,11,Conservative
46,452136,1,Wealth,19,Moderate
44,499072,3,Tax,21,Moderate
42,992318,5,Wealth,21,Aggressive
43,1678292,4,Wealth,21,Aggressive
36,637439,3,Tax,8,Moderate
61,519407,1,Tax,35,Conservative
45,1447853,5,Retirement,16,Aggressive
45,1004277,4,Tax,16,Aggressive
49,559862,3,Income,19,Moderate
28,614362,2,Income,2,Conservative
51,657951,4,Income,27,Moderate
59,1754548,2,Income,38,Conservative
43,1098243,4,Retirement,16,Aggressive
36,2912417,1,Retirement,9,Moderate
32,1183352,3,Wealth,10,Aggressive
53,433547,4,Education,28,Moderate
47,300000,2,Wealth,22,Moderate
31,521480,4,Income,5,Moderate
42,300000,4,Wealth,19,Aggressive
42,467667,4,Wealth,19,Aggressive
35,817396,1,Wealth,7,Moderate
51,324572,3,Tax,28,Conservative
37,1398277,5,Retirement,16,Aggressive
51,565622,4,Education,28,Moderate
59,1411679,4,Income,29,Moderate
57,416000,1,Retirement,36,Conservative
29,1338106,2,Tax,3,Moderate
37,566167,5,Income,10,Moderate
29,683162,5,Income,0,Moderate
50,516777,5,Wealth,23,Aggressive
34,725564,1,Income,6,Conservative
62,1206426,5,Wealth,34,Aggressive
41,307178,2,Income,19,Conservative
33,3818209,3,Wealth,10,Aggressive
58,3848336,5,Wealth,37,Aggressive
40,567932,4,Retirement,19,Aggressive
27,1619306,2,Income,3,Conservative
53,349014,2,Wealth,26,Moderate
42,300000,5,Wealth,17,Aggressive
53,3119047,4,Tax,27,Aggressive
46,1405098,2,Income,17,Moderate
33,899680,1,Retirement,7,Conservative
25,1366942,5,Tax,0,Aggressive
59,506015,4,Wealth,35,Aggressive
35,868855,3,Retirement,10,Moderate
50,955905,2,Wealth,26,Moderate
30,300000,3,Wealth,4,Moderate
41,1812592,4,Wealth,15,Aggressive
46,590188,1,Wealth,23,Conservative
39,355176,4,Wealth,10,Aggressive
40,2634900,3,Education,10,Moderate
33,1918680,4,Income,6,Moderate
34,697868,4,Wealth,6,Aggressive
57,336232,2,Income,32,Conservative
43,1172265,4,Income,14,Moderate
35,851153,1,Wealth,5,Moderate
27,3761229,2,Tax,5,Moderate
36,2072936,1,Wealth,6,Moderate
25,588712,3,Tax,0,Moderate
33,2253290,4,Wealth,4,Aggressive
52,2091787,5,Income,31,Aggressive
23,300000,4,Income,0,Moderate
54,1221734,5,Wealth,24,Aggressive
25,1897746,2,Retirement,2,Moderate
50,609543,3,Wealth,24,Aggressive
55,341926,5,Wealth,27,Aggressive
22,6679272,4,Wealth,0,Aggressive
62,2475092,4,Wealth,34,Aggressive
36,990245,4,Education,10,Moderate
50,300000,3,Income,27,Conservative
35,621252,5,Retirement,13,Aggressive
41,3291878,5,Wealth,14,Aggressive
40,2126886,3,Wealth,16,Aggressive
30,689338,1,Tax,8,Moderate
27,585692,2,Wealth,0,Moderate
53,2320678,3,Income,25,Moderate
44,704814,4,Retirement,14,Moderate
48,766463,1,Wealth,25,Moderate
33,1132139,5,Wealth,8,Aggressive
40,1265534,2,Tax,11,Moderate
31,387480,4,Tax,3,Moderate
27,1291428,4,Retirement,4,Aggressive
34,416578,4,Education,9,Moderate
57,2079754,3,Wealth,32,Aggressive
39,661253,5,Wealth,18,Aggressive
45,1027855,1,Retirement,16,Moderate
31,300000,2,Retirement,1,Conservative
30,1507753,4,Retirement,9,Aggressive
52,1661887,3,Retirement,29,Moderate
44,583136,3,Income,15,Conservative
58,320809,2,Retirement,29,Moderate
40,313798,1,Education,17,Moderate
27,839723,3,Education,3,Moderate
51,383853,3,Tax,21,Moderate
43,800831,5,Tax,17,Aggressive
28,910132,5,Tax,5,Aggressive
30,984726,1,Income,0,Conservative
32,2297541,2,Income,5,Conservative
59,2097785,4,Tax,36,Moderate
43,936376,3,Income,15,Moderate
52,1341629,4,Retirement,26,Aggressive
31,1110084,4,Retirement,1,Moderate
39,2350099,4,Income,14,Aggressive
42,932761,1,Wealth,17,Moderate
43,1611121,2,Tax,15,Moderate
61,3957551,2,Tax,38,Conservative
55,1137141,5,Wealth,29,Aggressive
53,605869,4,Retirement,28,Moderate
33,624338,4,Tax,12,Moderate
23,506165,3,Tax,0,Moderate
59,1445504,1,Tax,36,Moderate
32,1093388,4,Wealth,9,Aggressive
39,660139,1,Tax,17,Moderate
31,2497068,5,Wealth,6,Aggressive
39,644298,1,Education,11,Conservative
29,907407,2,Wealth,0,Moderate
59,491209,1,Retirement,38,Conservative
40,786098,4,Tax,18,Moderate
42,483779,4,Wealth,21,Aggressive
35,789233,4,Tax,9,Moderate
29,407209,4,Wealth,3,Aggressive
34,593097,1,Wealth,7,Moderate
38,515482,4,Wealth,14,Aggressive
24,533797,2,Wealth,0,Moderate
34,449764,3,Tax,5,Moderate
60,666077,4,Education,32,Moderate
53,300000,5,Retirement,32,Moderate
22,1346447,3,Tax,0,Moderate
45,1022063,1,Retirement,20,Moderate
43,1032491,2,Wealth,18,Moderate
41,740112,2,Tax,11,Moderate
36,2007902,5,Wealth,13,Aggressive
42,504784,4,Tax,20,Aggressive
34,300000,5,Income,12,Moderate
32,1000857,4,Wealth,9,Aggressive
54,3144179,4,Tax,26,Aggressive
42,2275748,2,Income,19,Moderate
51,1568992,2,Retirement,22,Conservative
49,4041790,4,Retirement,27,Aggressive
36,619989,2,Retirement,14,Moderate
48,598995,2,Income,19,Conservative
34,688425,2,Tax,10,Conservative
42,300000,4,Retirement,14,Moderate
58,2287427,4,Retirement,29,Aggressive
30,820778,3,Wealth,8,Moderate
34,528164,2,Wealth,12,Moderate
36,711210,4,Retirement,6,Moderate
54,420270,2,Tax,26,Conservative
57,843424,3,Wealth,31,Moderate
45,567751,3,Tax,16,Moderate
32,586606,1,Retirement,2,Conservative
48,436992,4,Tax,23,Moderate
39,831478,3,Retirement,17,Moderate
36,568023,4,Retirement,11,Moderate
39,2088131,4,Wealth,16,Aggressive
53,1176234,2,Wealth,32,Aggressive
49,322667,4,Wealth,26,Aggressive
47,1238455,2,Income,26,Moderate
30,1024235,2,Retirement,3,Moderate
33,846975,2,Education,9,Moderate
45,722216,5,Income,24,Aggressive
28,1836999,4,Wealth,4,Aggressive
52,371618,3,Income,26,Conservative
32,768613,4,Tax,8,Moderate
52,300000,1,Education,28,Conservative
28,1171072,4,Income,0,Moderate
46,770520,5,Retirement,19,Aggressive
43,405761,1,Tax,21,Conservative
36,917381,1,Tax,13,Conservative
41,2094910,2,Education,14,Moderate
45,871521,3,Wealth,20,Aggressive
31,300000,1,Retirement,8,Conservative
47,795665,5,Retirement,25,Aggressive
27,990753,3,Wealth,4,Aggressive
25,496395,4,Wealth,3,Aggressive
28,3812799,5,Tax,0,Aggressive
24,300000,3,Retirement,0,Moderate
27,300000,5,Wealth,2,Aggressive
34,418348,1,Wealth,12,Conservative
33,300000,2,Tax,10,Conservative
37,1561205,2,Retirement,11,Moderate
53,1694824,3,Wealth,31,Aggressive
55,300000,2,Wealth,32,Conservative
50,376248,1,Tax,27,Conservative
38,344405,5,Retirement,13,Moderate
23,793387,2,Retirement,0,Moderate
55,1120377,1,Retirement,28,Conservative
43,2296336,5,Wealth,14,Aggressive
29,1085224,1,Tax,6,Moderate
26,636831,3,Wealth,0,Moderate
59,616942,5,Income,32,Moderate
58,863150,5,Retirement,34,Aggressive
40,900344,1,Education,17,Moderate
45,739868,2,Retirement,15,Moderate
38,862989,3,Education,9,Moderate
30,792748,2,Tax,7,Moderate
29,300000,4,Wealth,7,Aggressive
51,894051,3,Retirement,28,Moderate
34,437028,3,Wealth,7,Moderate
28,931513,1,Retirement,1,Conservative
25,1135510,1,Tax,0,Conservative
21,1837826,3,Wealth,0,Aggressive
48,787518,3,Wealth,22,Moderate
34,515682,5,Tax,9,Moderate
38,1455787,2,Wealth,9,Moderate
29,842731,1,Income,3,Conservative
37,3186750,5,Tax,10,Aggressive
58,300000,4,Retirement,31,Moderate
29,537129,3,Retirement,5,Moderate
36,489293,1,Education,13,Conservative
41,2931160,3,Tax,19,Moderate
37,1108375,5,Wealth,7,Aggressive
34,300000,3,Retirement,5,Conservative
51,300000,3,Wealth,22,Moderate
30,1470732,5,Tax,8,Aggressive
45,384427,2,Wealth,19,Moderate
31,809144,5,Wealth,7,Aggressive
41,697609,3,Education,19,Moderate
40,3219653,2,Retirement,10,Moderate
30,682897,5,Wealth,7,Aggressive
30,599874,5,Retirement,9,Aggressive
34,1196553,1,Wealth,8,Conservative
36,1755827,5,Tax,7,Aggressive
24,878340,3,Wealth,0,Aggressive
62,300000,1,Wealth,33,Conservative
52,1419935,2,Retirement,28,Moderate
21,311786,1,Retirement,0,Conservative
43,300000,4,Retirement,22,Moderate
53,571157,2,Retirement,32,Moderate
57,879883,4,Retirement,35,Moderate
49,2238023,3,Retirement,25,Aggressive
23,300000,2,Education,0,Moderate
35,898363,2,Retirement,8,Moderate
49,2267837,1,Retirement,21,Moderate
57,750736,4,Wealth,30,Aggressive
26,1382755,4,Wealth,1,Aggressive
34,1303739,1,Tax,12,Conservative
33,541123,1,Education,10,Conservative
32,1232980,1,Retirement,6,Moderate
34,875117,1,Education,10,Conservative
42,645367,5,Wealth,21,Aggressive
53,2464265,1,Education,32,Moderate
35,713413,1,Tax,14,Conservative
37,2320152,1,Wealth,14,Moderate
53,634977,5,Wealth,30,Aggressive
52,737121,3,Education,28,Moderate
61,684946,3,Wealth,36,Moderate
33,1680831,1,Wealth,9,Moderate
38,440104,2,Wealth,17,Moderate
61,1113509,5,Retirement,35,Aggressive
29,1063188,1,Wealth,5,Moderate
26,1067519,5,Tax,0,Aggressive
58,3383170,5,Income,36,Aggressive
44,694711,3,Retirement,17,Moderate
30,5457083,4,Tax,2,Aggressive
21,1767367,4,Tax,0,Aggressive
37,300000,4,Retirement,12,Moderate
35,363121,1,Wealth,10,Conservative
44,1654670,4,Tax,16,Aggressive
49,478747,1,Wealth,26,Conservative
54,957748,2,Wealth,28,Moderate
37,496267,3,Wealth,8,Moderate
29,583134,2,Wealth,4,Moderate
29,674394,1,Wealth,3,Moderate
32,1607136,2,Wealth,3,Moderate
21,688447,4,Wealth,0,Aggressive
55,2188806,2,Retirement,26,Moderate
23,407339,5,Retirement,0,Aggressive
24,1405810,5,Income,3,Aggressive
25,936265,3,Education,0,Moderate
21,339596,2,Wealth,0,Moderate
49,533439,1,Education,21,Conservative
21,742347,3,Retirement,0,Moderate
21,1919748,4,Income,0,Moderate
28,738118,4,Wealth,4,Aggressive
43,3428056,5,Wealth,21,Aggressive
47,644994,3,Retirement,22,Moderate
27,863619,4,Retirement,0,Moderate
48,2034209,2,Retirement,27,Moderate
50,333856,3,Wealth,29,Moderate
50,1869426,2,Retirement,29,Moderate
29,511361,2,Tax,4,Moderate
44,684650,2,Wealth,20,Moderate
31,960654,3,Retirement,9,Moderate
24,458073,3,Wealth,3,Moderate
41,5194152,5,Income,17,Aggressive
52,942219,3,Income,31,Conservative
39,887766,1,Tax,16,Conservative
36,533543,3,Wealth,10,Moderate
47,315123,5,Education,21,Moderate
34,1785618,3,Tax,11,Moderate
44,666876,1,Wealth,20,Moderate
31,1016201,3,Retirement,9,Moderate
31,407028,5,Tax,2,Moderate
32,1425070,1,Retirement,11,Moderate
49,646748,5,Retirement,24,Aggressive
31,300000,4,Wealth,8,Moderate
31,658285,2,Wealth,10,Moderate
30,1390572,5,Education,7,Aggressive
32,1216495,4,Tax,6,Aggressive
62,1054534,3,Retirement,38,Moderate
30,786530,1,Retirement,0,Conservative
43,828113,5,Wealth,16,Aggressive
21,546287,1,Wealth,0,Moderate
60,1817588,4,Wealth,38,Aggressive
34,778065,5,Education,8,Aggressive
52,557833,3,Tax,25,Moderate
28,2824534,3,Wealth,0,Aggressive
62,1917928,3,Tax,34,Moderate
58,862837,2,Income,35,Conservative
55,630516,3,Tax,26,Moderate
57,644082,2,Wealth,30,Moderate
26,410732,5,Wealth,1,Aggressive
58,1570621,5,Wealth,30,Aggressive
34,2920416,4,Retirement,11,Aggressive
56,1203977,4,Education,30,Aggressive
32,2388469,1,Wealth,6,Moderate
36,1472865,5,Retirement,7,Aggressive
50,300000,1,Wealth,27,Conservative
33,2245446,4,Income,6,Moderate
57,688942,1,Tax,34,Conservative
35,939798,4,Wealth,10,Aggressive
60,426411,2,Wealth,35,Moderate
40,300000,4,Tax,11,Moderate
36,521472,5,Retirement,11,Aggressive
50,976736,5,Education,27,Aggressive
42,882242,2,Retirement,20,Moderate
26,1408218,2,Wealth,1,Moderate
34,987662,4,Income,12,Moderate
55,897199,5,Income,26,Moderate
36,550866,4,Wealth,15,Moderate
33,3325008,4,Income,7,Moderate
47,3200110,2,Wealth,25,Moderate
57,972521,4,Retirement,36,Moderate
35,305683,4,Retirement,12,Moderate
61,1044027,2,Income,39,Conservative
31,333735,2,Wealth,6,Moderate
29,303118,3,Wealth,3,Moderate
23,1622906,4,Retirement,0,Aggressive
43,443357,3,Tax,20,Moderate
28,571189,2,Education,6,Moderate
47,1532609,5,Wealth,21,Aggressive
24,1123744,3,Retirement,0,Moderate
22,1316424,1,Tax,0,Moderate
37,2841408,1,Retirement,13,Moderate
49,554927,3,Education,23,Moderate
29,1023125,1,Wealth,4,Moderate
23,2308182,5,Wealth,0,Aggressive
52,422472,4,Tax,23,Moderate
29,735065,5,Tax,8,Aggressive
44,1475432,1,Retirement,19,Moderate
50,340328,4,Tax,21,Moderate
32,947048,1,Wealth,3,Moderate
34,659082,3,Wealth,5,Moderate
60,427323,5,Wealth,36,Aggressive
39,1871522,4,Tax,17,Aggressive
23,1533294,2,Income,0,Conservative
28,1171807,5,Wealth,4,Aggressive
40,1322795,2,Wealth,16,Aggressive
33,609306,3,Income,5,Conservative
27,836918,1,Wealth,1,Conservative
28,453604,3,Wealth,0,Moderate
42,1384954,2,Retirement,18,Moderate
31,427967,4,Retirement,8,Moderate
51,568569,3,Tax,26,Moderate
55,393978,1,Tax,32,Conservative
21,938276,4,Wealth,0,Aggressive
33,672433,4,Wealth,7,Moderate
32,1068502,1,Wealth,11,Moderate
35,506703,4,Wealth,7,Moderate
41,475205,5,Education,18,Aggressive
27,1094971,4,Wealth,1,Aggressive
28,733823,2,Wealth,0,Moderate
62,5891752,5,Retirement,35,Aggressive
33,1272596,3,Retirement,9,Moderate
43,889740,4,Education,21,Moderate
28,1999045,1,Retirement,4,Moderate
31,1625647,5,Wealth,1,Aggressive
41,916544,4,Retirement,16,Aggressive
38,6798028,2,Tax,11,Moderate
24,1810506,4,Wealth,0,Aggressive
54,369686,4,Wealth,29,Moderate
24,638159,5,Tax,0,Aggressive
30,300000,2,Retirement,7,Moderate
25,300000,4,Tax,0,Moderate
32,6506968,5,Retirement,11,Aggressive
52,2076530,1,Income,30,Conservative
37,300000,4,Retirement,7,Moderate
24,803015,3,Tax,0,Moderate
49,628466,1,Retirement,28,Conservative
49,5158506,4,Retirement,19,Aggressive
27,300000,1,Retirement,4,Conservative
35,516914,3,Tax,13,Moderate
37,520733,1,Wealth,10,Conservative
30,489347,4,Wealth,2,Aggressive
37,965515,3,Wealth,16,Aggressive
56,1501234,2,Retirement,31,Moderate
41,559731,5,Income,15,Moderate
38,763858,5,Tax,11,Moderate
31,413199,4,Income,1,Moderate
29,437330,5,Wealth,7,Aggressive
51,1074943,5,Wealth,28,Aggressive
21,1207997,4,Tax,0,Moderate
40,300000,4,Income,13,Moderate
27,484084,1,Education,5,Moderate
39,643134,5,Retirement,13,Aggressive
54,615546,1,Tax,32,Conservative
44,670113,5,Tax,17,Aggressive
26,300000,5,Income,5,Moderate
43,1707843,2,Tax,14,Moderate
53,763770,5,Retirement,25,Aggressive
57,5755135,4,Tax,33,Aggressive
48,1251402,5,Retirement,18,Aggressive
28,1053700,3,Education,0,Moderate
25,442419,2,Retirement,0,Conservative
24,536518,1,Wealth,0,Conservative
62,1413731,5,Tax,40,Moderate
56,664220,5,Wealth,34,Aggressive
34,496203,1,Tax,11,Conservative
33,3025130,2,Wealth,5,Moderate
33,1046426,1,Education,11,Conservative
28,1405358,5,Tax,4,Aggressive
54,650112,1,Tax,29,Conservative
36,1893304,1,Tax,10,Conservative
54,556138,5,Wealth,25,Aggressive
43,1854842,2,Wealth,17,Aggressive
41,588985,4,Wealth,14,Aggressive
30,2531662,2,Tax,0,Moderate
41,2017993,4,Tax,13,Aggressive
50,601225,5,Income,27,Moderate
24,3963447,5,Tax,0,Aggressive
28,892337,4,Retirement,7,Aggressive
43,2693864,5,Income,13,Aggressive
53,368223,5,Tax,24,Moderate
26,1320895,4,Wealth,2,Aggressive
50,1067932,1,Income,26,Conservative
35,614959,2,Income,14,Moderate
27,1582722,2,Tax,0,Moderate
26,2010999,3,Education,0,Aggressive
28,1175797,5,Retirement,3,Aggressive
63,1063604,1,Income,35,Conservative
32,972660,1,Education,8,Conservative
31,1165706,5,Tax,7,Aggressive
35,1414083,2,Tax,13,Moderate
50,1365186,3,Retirement,21,Moderate
55,1234789,3,Wealth,25,Aggressive
22,591867,3,Income,0,Moderate
40,1637320,4,Wealth,13,Aggressive
54,1208293,4,Wealth,29,Aggressive
52,1059193,5,Tax,26,Aggressive
29,691826,3,Wealth,7,Aggressive
48,1612672,1,Tax,19,Conservative
32,300000,4,Education,7,Moderate
57,775876,4,Wealth,29,Moderate
60,614641,5,Wealth,30,Aggressive
36,578221,4,Retirement,10,Moderate
30,671431,5,Tax,7,Aggressive
29,391583,1,Education,4,Conservative
59,633360,5,Retirement,34,Aggressive
54,353933,3,Wealth,33,Moderate
49,1077476,4,Income,24,Moderate
65,1558794,2,Tax,38,Moderate
28,1682780,5,Tax,4,Aggressive
30,1183599,1,Income,7,Moderate
31,544352,3,Wealth,10,Moderate
41,371818,5,Retirement,15,Aggressive
56,511086,3,Income,33,Moderate
56,645753,1,Wealth,35,Moderate
55,518493,3,Retirement,30,Moderate
36,4413368,1,Wealth,11,Moderate
48,1320377,4,Retirement,18,Aggressive
46,1209167,3,Wealth,23,Aggressive
42,1002036,2,Retirement,21,Moderate
36,566966,2,Retirement,14,Moderate
56,887685,2,Wealth,30,Moderate
32,1312900,5,Wealth,9,Aggressive
54,1583462,4,Wealth,24,Aggressive
41,992585,4,Retirement,11,Aggressive
44,1374954,1,Wealth,20,Moderate
51,576170,1,Retirement,23,Conservative
33,300000,5,Retirement,3,Aggressive
23,2023957,3,Wealth,0,Aggressive
39,531577,5,Income,15,Moderate
21,530020,2,Wealth,0,Moderate
35,436003,4,Income,12,Conservative
50,1000539,1,Retirement,23,Conservative
27,553035,1,Wealth,0,Moderate
49,2284514,4,Tax,25,Aggressive
45,2242360,2,Tax,21,Moderate
25,1057578,2,Tax,0,Moderate
25,494233,2,Wealth,1,Moderate
42,2962530,4,Retirement,20,Aggressive
37,1808498,5,Retirement,14,Aggressive
48,505827,2,Retirement,27,Moderate
50,1084370,5,Retirement,22,Aggressive
43,985927,3,Income,14,Conservative
47,1217695,1,Education,26,Conservative
31,894106,5,Retirement,6,Aggressive
49,819281,3,Income,23,Moderate
62,6306447,4,Tax,39,Aggressive
61,1224787,3,Retirement,39,Moderate
37,511856,3,Tax,14,Moderate
38,614655,1,Wealth,14,Moderate
25,3039810,3,Tax,0,Moderate
45,661842,3,Wealth,17,Moderate
26,437481,1,Education,0,Conservative
30,877989,4,Tax,1,Moderate
53,743631,2,Tax,28,Conservative
35,2261045,5,Income,14,Aggressive
49,2584716,5,Tax,21,Aggressive
39,692174,3,Retirement,12,Moderate
23,1522571,2,Tax,0,Moderate
36,779036,2,Education,9,Conservative
52,486332,3,Education,25,Moderate
53,3003684,5,Wealth,23,Aggressive
55,3363911,5,Retirement,31,Aggressive
56,1099286,2,Tax,35,Moderate
32,555047,2,Education,2,Conservative
40,434148,3,Wealth,12,Moderate
40,1371470,5,Tax,18,Aggressive
53,2195819,5,Retirement,30,Aggressive
40,962045,3,Income,13,Moderate
25,1878831,3,Tax,0,Aggressive
41,752702,4,Retirement,19,Aggressive
38,591958,2,Education,16,Moderate
26,1050242,2,Retirement,5,Moderate
33,300000,2,Retirement,4,Conservative
39,626674,1,Tax,17,Conservative
38,1564696,1,Wealth,12,Moderate
24,300000,3,Tax,0,Moderate
45,359422,4,Tax,21,Moderate
34,804932,1,Tax,10,Conservative
29,383721,2,Retirement,0,Conservative
33,634257,4,Retirement,9,Moderate
30,300000,5,Retirement,5,Aggressive
66,1386434,3,Wealth,40,Moderate
52,1904472,1,Retirement,24,Moderate
58,305960,4,Wealth,28,Moderate
44,1028506,1,Wealth,21,Moderate
47,769901,1,Income,19,Conservative
32,1223968,3,Wealth,5,Moderate
34,2485894,1,Retirement,8,Moderate
35,397923,3,Retirement,10,Moderate
32,2138507,3,Tax,8,Moderate
31,2892436,5,Education,10,Aggressive
49,300000,2,Retirement,21,Conservative
58,1770744,5,Retirement,32,Aggressive
62,485570,1,Wealth,40,Conservative
21,1386018,5,Income,0,Aggressive
39,511704,4,Retirement,10,Aggressive
50,601979,5,Wealth,24,Aggressive
38,562740,5,Retirement,10,Aggressive
37,451805,5,Income,16,Moderate
46,1496559,3,Retirement,17,Moderate
45,1242932,2,Retirement,23,Moderate
33,1264973,5,Wealth,6,Aggressive
42,684699,5,Education,14,Aggressive
26,734676,2,Retirement,0,Moderate
30,1151485,5,Wealth,1,Aggressive
38,503282,2,Wealth,13,Moderate
28,628096,5,Tax,2,Aggressive
30,1690373,5,Retirement,5,Aggressive
33,1161643,4,Wealth,4,Aggressive
21,1990099,4,Wealth,0,Aggressive
33,300000,4,Retirement,4,Moderate
36,2471224,3,Tax,13,Moderate
35,1690151,1,Wealth,12,Moderate
53,1712287,4,Wealth,30,Aggressive
23,300000,1,Retirement,0,Conservative
27,600252,2,Retirement,2,Moderate
60,656156,1,Retirement,35,Conservative
31,993966,2,Retirement,9,Conservative
29,3064698,1,Income,0,Moderate
34,1020398,2,Retirement,12,Moderate
61,2008648,4,Wealth,39,Aggressive
40,2343870,4,Wealth,15,Aggressive
37,1432414,4,Retirement,12,Aggressive
41,1033732,2,Income,20,Moderate
53,2102807,3,Tax,32,Moderate
25,300000,1,Retirement,1,Conservative
34,1374544,2,Tax,13,Moderate
27,2580886,4,Wealth,2,Aggressive
26,977117,1,Wealth,3,Moderate
43,1330228,4,Tax,16,Aggressive
27,1802173,3,Wealth,0,Aggressive
50,676086,5,Wealth,25,Aggressive
27,7236984,4,Education,3,Aggressive
42,377360,5,Tax,19,Aggressive
28,300000,3,Tax,6,Moderate
29,1427579,5,Retirement,7,Aggressive
57,564375,4,Wealth,29,Aggressive
33,982079,3,Tax,5,Moderate
60,1048739,1,Retirement,39,Moderate
49,1180272,5,Wealth,19,Aggressive
32,343639,5,Income,11,Moderate
34,510868,2,Wealth,7,Moderate
40,1909760,4,Wealth,14,Aggressive
32,587157,4,Wealth,5,Aggressive
35,787025,5,Retirement,13,Moderate
30,567925,5,Tax,0,Aggressive
24,1186394,5,Wealth,0,Aggressive
34,625673,4,Retirement,6,Aggressive
44,2614305,2,Wealth,22,Aggressive
38,483007,5,Wealth,12,Aggressive
51,305863,4,Income,21,Moderate
44,359089,4,Tax,21,Moderate
24,1859263,2,Retirement,2,Moderate
36,356216,2,Retirement,15,Conservative
39,320565,2,Tax,14,Conservative
34,1419371,1,Wealth,9,Moderate
54,2931568,1,Wealth,26,Moderate
57,3728855,5,Retirement,32,Aggressive
25,760973,4,Income,0,Moderate
43,300000,2,Retirement,13,Conservative
46,728393,1,Income,24,Conservative
21,1960460,5,Wealth,0,Aggressive
37,398902,4,Wealth,12,Moderate
33,560950,2,Tax,9,Conservative
45,1040394,1,Wealth,22,Moderate
32,1929054,1,Wealth,11,Moderate
35,424049,4,Wealth,12,Aggressive
53,1781302,1,Retirement,31,Conservative
34,1379687,4,Income,7,Moderate
54,701476,2,Wealth,33,Moderate
58,1443399,4,Wealth,37,Aggressive
37,1702135,2,Tax,9,Moderate
55,2678634,3,Retirement,28,Moderate
48,2425241,1,Income,21,Conservative
39,378808,3,Retirement,10,Moderate
36,1175619,4,Wealth,9,Aggressive
42,816486,2,Wealth,12,Moderate
38,1088272,1,Retirement,8,Conservative
32,868903,5,Retirement,2,Moderate
58,942039,1,Retirement,34,Moderate
29,833550,5,Retirement,1,Aggressive
35,543342,1,Tax,8,Moderate
66,997119,2,Income,40,Conservative
32,1603452,4,Tax,7,Moderate
27,737682,2,Retirement,5,Moderate
23,585526,1,Retirement,0,Conservative
31,976312,5,Education,2,Moderate
35,1094117,2,Education,9,Moderate
35,519292,2,Wealth,8,Moderate
32,634328,5,Tax,10,Aggressive
31,382136,3,Wealth,9,Moderate
38,1062476,1,Wealth,9,Moderate
51,668752,2,Education,30,Moderate
52,2205460,2,Wealth,28,Aggressive
29,1215335,1,Wealth,0,Moderate
58,1366740,5,Retirement,33,Aggressive
38,942494,1,Retirement,14,Conservative
48,1564186,4,Wealth,25,Aggressive
29,300000,4,Education,3,Moderate
33,832879,2,Wealth,12,Moderate
48,678320,4,Tax,27,Moderate
60,1881604,1,Retirement,31,Conservative
50,345392,2,Wealth,20,Moderate
47,988301,4,Wealth,17,Aggressive
34,2081996,5,Wealth,8,Aggressive
33,791724,4,Retirement,8,Moderate
52,788725,5,Wealth,27,Aggressive
39,1029784,4,Tax,18,Aggressive
41,729627,5,Wealth,11,Aggressive
51,1125487,1,Retirement,30,Conservative
31,1842956,1,Wealth,6,Conservative
57,1063057,3,Retirement,35,Moderate
35,834741,1,Tax,9,Conservative
54,1476783,4,Wealth,26,Aggressive
54,2469801,2,Income,25,Moderate
54,539039,5,Wealth,33,Aggressive
47,3206054,1,Wealth,21,Moderate
60,565714,2,Wealth,36,Moderate
42,1102447,5,Income,13,Moderate
32,1065732,5,Wealth,7,Aggressive
48,1110173,5,Wealth,25,Aggressive
39,300000,1,Tax,14,Conservative
55,355225,5,Wealth,31,Aggressive
35,640804,3,Retirement,10,Conservative
26,533443,1,Education,5,Moderate
24,1211683,2,Retirement,2,Moderate
27,1947508,3,Retirement,3,Moderate
39,300000,3,Tax,15,Conservative
27,374779,1,Wealth,0,Moderate
31,577232,5,Retirement,10,Aggressive
30,380928,3,Tax,5,Moderate
30,661407,4,Income,4,Moderate
47,457820,2,Tax,25,Conservative
25,1175790,4,Retirement,0,Aggressive
33,5582107,1,Retirement,4,Moderate
25,458343,3,Retirement,3,Moderate
35,2007554,5,Retirement,11,Aggressive
28,5278140,5,Education,2,Aggressive
31,521222,3,Income,1,Conservative
31,3777874,3,Wealth,8,Aggressive
38,450869,5,Wealth,14,Aggressive
26,1978866,2,Tax,0,Moderate
23,474255,1,Tax,1,Conservative
28,300000,2,Tax,3,Conservative
45,1717002,5,Wealth,24,Aggressive
36,1193564,1,Tax,9,Conservative
33,782623,1,Tax,9,Moderate
31,300000,5,Wealth,10,Aggressive
33,2077355,5,Tax,6,Aggressive
52,1767516,3,Retirement,23,Moderate
57,300000,3,Retirement,27,Moderate
46,964649,3,Wealth,24,Aggressive
35,1209669,5,Retirement,6,Aggressive
43,370954,2,Income,17,Conservative
61,1661148,1,Retirement,34,Conservative
29,4729736,2,Education,7,Aggressive
26,1746360,4,Tax,5,Aggressive
32,2806201,2,Income,7,Moderate
31,1545463,4,Retirement,2,Moderate
30,372347,4,Wealth,9,Aggressive
31,1477933,1,Retirement,3,Conservative
24,327514,1,Tax,1,Conservative
39,568111,4,Income,12,Moderate
50,681700,5,Tax,27,Aggressive
58,629610,4,Retirement,31,Moderate
52,464105,3,Wealth,31,Moderate
37,676815,1,Tax,7,Conservative
26,741197,2,Wealth,0,Moderate
63,1988907,1,Retirement,36,Conservative
28,1089035,5,Wealth,5,Aggressive
45,1617274,3,Income,17,Moderate
34,684770,5,Tax,4,Moderate
42,1586986,2,Wealth,14,Moderate
48,300000,1,Retirement,20,Conservative
38,329385,2,Tax,9,Moderate
58,1634708,3,Wealth,30,Moderate
37,532122,2,Retirement,8,Conservative
43,869596,4,Tax,22,Aggressive
33,300000,3,Wealth,12,Moderate
47,617289,5,Education,25,Aggressive
43,336467,5,Retirement,14,Moderate
21,501116,2,Tax,0,Conservative
25,878615,3,Retirement,1,Moderate
48,865992,2,Tax,22,Moderate
21,680592,4,Retirement,0,Aggressive
47,1517247,3,Income,26,Moderate
30,592773,1,Retirement,9,Moderate
53,670398,5,Tax,32,Aggressive
36,349090,2,Retirement,9,Conservative
36,1885316,4,Retirement,9,Aggressive
21,456506,5,Tax,0,Moderate
31,300190,3,Wealth,8,Moderate
30,344502,5,Tax,7,Aggressive
42,925057,5,Retirement,12,Aggressive
50,754135,1,Retirement,25,Conservative
29,689420,1,Retirement,5,Moderate
38,1628552,4,Wealth,16,Aggressive
35,404959,4,Wealth,8,Aggressive
59,1139816,2,Wealth,32,Moderate
26,861326,1,Retirement,0,Conservative
53,1072382,3,Retirement,32,Moderate
41,872873,2,Wealth,13,Moderate
53,477108,3,Tax,25,Moderate
38,300000,1,Tax,12,Conservative
44,1423389,3,Income,18,Aggressive
21,801264,3,Income,0,Moderate
41,878135,1,Income,15,Conservative
25,789229,1,Income,0,Conservative
42,300000,5,Income,17,Moderate
25,944739,3,Retirement,0,Moderate
30,823229,2,Wealth,3,Moderate
36,766593,4,Retirement,11,Moderate
30,2680223,5,Income,1,Aggressive
43,877962,4,Wealth,17,Aggressive
33,738831,2,Income,11,Conservative
29,724787,2,Wealth,2,Moderate
67,381014,1,Wealth,40,Conservative
39,888820,3,Tax,14,Moderate
26,974192,1,Tax,0,Conservative
23,507038,3,Income,0,Conservative
51,1356771,5,Tax,26,Aggressive
30,1133338,1,Wealth,1,Moderate
52,743965,1,Education,31,Conservative
59,1440118,2,Income,31,Conservative
40,615758,3,Education,14,Moderate
54,1409177,2,Tax,33,Moderate
31,572524,1,Income,8,Conservative
24,2436991,3,Wealth,0,Aggressive
38,535466,3,Retirement,13,Moderate
43,722110,5,Wealth,17,Aggressive
42,439728,2,Wealth,17,Moderate
32,1184011,5,Income,3,Aggressive
56,363609,2,Tax,30,Conservative
53,742559,2,Education,28,Conservative
48,306304,3,Tax,19,Conservative
64,1173992,3,Wealth,40,Aggressive
30,1218741,4,Income,1,Moderate
29,879721,1,Wealth,2,Moderate
23,556381,5,Wealth,0,Aggressive
53,1310449,4,Wealth,25,Aggressive
34,416811,5,Income,13,Moderate
36,478972,5,Education,9,Moderate
38,1307169,1,Tax,9,Conservative
37,1180216,5,Education,9,Aggressive
47,1183622,5,Tax,19,Aggressive
30,4026677,3,Education,8,Aggressive
27,908495,3,Retirement,0,Moderate
38,609272,3,Education,12,Moderate
21,729792,1,Wealth,0,Moderate
26,300000,3,Wealth,1,Aggressive
53,1056702,4,Wealth,31,Aggressive
60,2167768,4,Wealth,37,Aggressive
29,632244,4,Retirement,4,Aggressive
32,2017615,1,Retirement,3,Conservative
55,408918,2,Tax,33,Conservative
28,467836,2,Wealth,2,Moderate
39,466579,4,Income,18,Moderate
46,300000,2,Income,19,Conservative
21,2236931,5,Tax,0,Aggressive
65,1156154,1,Education,40,Conservative
41,1245147,4,Wealth,14,Aggressive
37,485553,4,Education,9,Moderate
41,1408022,4,Wealth,14,Aggressive
22,565015,5,Wealth,0,Aggressive
40,583525,3,Retirement,18,Moderate
49,1707715,4,Tax,21,Moderate
36,445813,2,Wealth,8,Moderate
39,400796,3,Retirement,14,Moderate
52,368788,5,Wealth,30,Aggressive
26,727671,4,Wealth,0,Aggressive
37,3414319,3,Income,11,Moderate
33,672036,4,Retirement,12,Aggressive
30,324394,4,Wealth,1,Moderate
23,520466,5,Retirement,0,Aggressive
21,582087,2,Wealth,0,Moderate
45,833166,5,Wealth,18,Aggressive
43,1039419,5,Retirement,20,Aggressive
37,300000,2,Wealth,16,Moderate
46,342327,3,Tax,20,Moderate
44,324613,5,Retirement,21,Aggressive
27,1645758,4,Wealth,2,Aggressive
32,396245,5,Retirement,4,Aggressive
40,980396,2,Tax,15,Conservative
42,1116897,3,Retirement,15,Moderate
35,566176,2,Wealth,9,Moderate
31,300000,4,Wealth,8,Aggressive
28,1831294,3,Retirement,0,Moderate
56,2016848,5,Tax,34,Aggressive
43,794537,3,Wealth,14,Moderate
30,499579,5,Income,7,Moderate
32,2832516,5,Wealth,4,Aggressive
36,488665,1,Wealth,6,Conservative
43,1406337,5,Wealth,16,Aggressive
25,300000,5,Income,4,Moderate
28,1111382,5,Education,2,Aggressive
39,324729,1,Income,9,Conservative
24,1050803,3,Tax,0,Moderate
48,808163,1,Wealth,21,Conservative
55,623882,2,Tax,28,Conservative
33,611804,5,Wealth,10,Aggressive
38,1721131,1,Retirement,8,Moderate
38,759449,1,Wealth,13,Conservative
29,1062956,3,Retirement,0,Moderate
45,5915512,3,Income,17,Moderate
53,335849,3,Tax,27,Moderate
37,470076,4,Retirement,10,Moderate
31,300000,3,Tax,1,Conservative
32,300000,5,Tax,11,Moderate
29,3059866,1,Retirement,6,Moderate
29,601166,2,Wealth,4,Moderate
38,300000,2,Wealth,8,Moderate
32,661419,2,Wealth,2,Moderate
57,570466,5,Education,30,Aggressive
21,386708,1,Income,0,Conservative
33,591968,4,Wealth,10,Moderate
53,900175,4,Wealth,31,Aggressive
59,604955,3,Wealth,36,Moderate
40,1463612,4,Retirement,14,Aggressive
51,772128,1,Wealth,28,Moderate
26,813754,3,Income,0,Conservative
31,704585,5,Tax,8,Aggressive
57,339866,2,Retirement,27,Conservative
61,349503,2,Income,38,Conservative
26,877198,3,Retirement,0,Moderate
25,474130,3,Wealth,0,Moderate
25,1225057,3,Retirement,0,Moderate
52,637560,1,Retirement,29,Conservative
26,469291,3,Tax,0,Moderate
33,966307,1,Wealth,7,Moderate
28,821645,3,Retirement,0,Moderate
31,300000,1,Education,3,Conservative
37,300000,1,Income,16,Conservative
31,1202459,4,Income,7,Moderate
60,479357,4,Retirement,34,Moderate
27,896524,3,Tax,0,Moderate
45,948563,3,Education,17,Moderate
32,1871635,1,Education,9,Moderate
58,2557899,1,Wealth,28,Moderate
32,361921,4,Wealth,11,Aggressive
46,726169,5,Retirement,25,Aggressive
44,739345,2,Income,15,Conservative
33,2334529,2,Retirement,3,Moderate
32,300000,5,Tax,2,Moderate
43,2202054,5,Retirement,18,Aggressive
63,1195216,2,Tax,36,Conservative
22,548780,4,Wealth,0,Aggressive
60,1484518,2,Income,34,Conservative
54,620054,5,Tax,30,Moderate
31,300000,2,Wealth,2,Moderate
42,877370,2,Income,20,Conservative
31,669968,5,Wealth,4,Aggressive
48,573869,4,Tax,21,Moderate
22,463488,2,Income,0,Conservative
34,1240221,3,Income,12,Conservative
28,797766,3,Wealth,1,Moderate
31,577896,2,Wealth,8,Moderate
50,527192,5,Wealth,22,Aggressive
34,584201,3,Wealth,9,Moderate
23,536150,2,Retirement,1,Moderate
35,606460,5,Wealth,6,Aggressive
50,1340665,3,Income,23,Moderate
37,621567,4,Wealth,9,Aggressive
58,897485,5,Tax,34,Aggressive
44,615793,3,Income,14,Conservative
23,300000,1,Education,0,Conservative
56,939336,1,Income,28,Conservative
40,488275,5,Wealth,16,Aggressive
43,1285907,3,Retirement,18,Moderate
44,2567720,4,Wealth,17,Aggressive
34,507424,5,Retirement,8,Moderate
27,1519139,5,Wealth,0,Aggressive
42,604127,4,Wealth,19,Aggressive
34,649987,2,Retirement,13,Conservative
45,1050182,2,Wealth,24,Aggressive
40,300000,4,Retirement,13,Moderate
28,300000,4,Wealth,7,Moderate
58,839184,3,Retirement,31,Moderate
55,300000,4,Retirement,25,Moderate
22,1723186,1,Retirement,0,Moderate
22,2052421,1,Income,1,Conservative
31,1032544,2,Tax,9,Moderate
30,735647,1,Income,3,Conservative
28,1752020,1,Retirement,0,Moderate
44,582224,3,Retirement,21,Moderate
52,619149,2,Retirement,31,Moderate
37,732273,3,Wealth,8,Moderate
47,451682,5,Income,18,Moderate
37,1990890,1,Income,7,Conservative
32,1948193,1,Wealth,5,Moderate
28,417218,3,Income,2,Conservative
40,476973,5,Income,16,Moderate
29,631284,1,Tax,5,Moderate
52,1870019,4,Tax,24,Aggressive
57,628998,3,Education,30,Moderate
29,899920,2,Retirement,0,Moderate
31,381911,5,Tax,5,Aggressive
55,2339290,1,Education,28,Moderate
31,355600,1,Retirement,5,Conservative
37,604365,2,Retirement,14,Moderate
30,300000,1,Tax,1,Conservative
34,1913605,4,Retirement,10,Aggressive
29,788620,4,Wealth,7,Aggressive
32,2799732,5,Tax,11,Aggressive
51,405708,4,Tax,26,Moderate
40,1680346,5,Wealth,16,Aggressive
34,1061742,5,Wealth,10,Aggressive
29,462626,3,Education,8,Moderate
41,508154,1,Income,19,Conservative
33,1182865,1,Education,11,Moderate
52,784929,4,Tax,22,Moderate
50,499265,1,Retirement,29,Conservative
56,2740833,5,Wealth,30,Aggressive
22,831580,5,Wealth,0,Aggressive
37,619987,2,Retirement,10,Moderate
47,378076,1,Wealth,26,Conservative
34,560012,1,Retirement,13,Moderate
41,300000,4,Wealth,17,Aggressive
38,807259,4,Retirement,11,Moderate
39,1346877,3,Retirement,15,Moderate
23,2201514,4,Tax,0,Aggressive
43,601839,5,Retirement,21,Aggressive
44,1127574,5,Wealth,18,Aggressive
41,632642,1,Income,17,Conservative
39,300000,2,Income,12,Conservative
21,300000,1,Tax,0,Conservative
55,746807,2,Income,32,Conservative
27,300000,4,Income,2,Moderate
57,674187,3,Wealth,28,Moderate
23,597317,3,Wealth,0,Aggressive
46,300000,3,Wealth,20,Moderate
22,300000,4,Retirement,0,Moderate
51,481150,2,Tax,28,Conservative
33,2251670,1,Wealth,8,Moderate
32,959088,3,Retirement,6,Moderate
36,477565,1,Income,11,Conservative
43,454387,3,Tax,14,Moderate
29,1015886,2,Retirement,1,Moderate
53,846072,4,Retirement,26,Moderate
35,1272593,2,Retirement,8,Moderate
35,2732057,2,Retirement,9,Moderate
38,1725692,5,Wealth,15,Aggressive
43,1698535,3,Tax,18,Moderate
38,730590,2,Tax,12,Moderate
28,300000,5,Wealth,2,Aggressive
30,300000,1,Wealth,7,Moderate
47,1102355,2,Education,24,Moderate
36,529627,4,Wealth,6,Aggressive
49,2473852,5,Tax,28,Aggressive
48,2184955,4,Retirement,24,Aggressive
30,853334,5,Wealth,8,Aggressive
30,558296,3,Wealth,6,Moderate
53,413318,1,Income,29,Conservative
41,2422917,4,Tax,12,Moderate
26,880391,2,Wealth,0,Moderate
53,479196,1,Wealth,31,Moderate
25,736102,1,Wealth,0,Conservative
34,664381,2,Retirement,8,Moderate
41,2770115,4,Wealth,14,Aggressive
26,909265,4,Tax,0,Moderate
38,815423,3,Wealth,11,Moderate
37,309301,5,Retirement,14,Moderate
39,1114780,1,Retirement,9,Moderate
50,830806,1,Wealth,26,Moderate
52,1167986,3,Retirement,24,Moderate
54,836579,5,Retirement,27,Aggressive
40,632676,5,Wealth,11,Aggressive
45,834626,5,Income,17,Aggressive
38,469362,2,Retirement,17,Conservative
49,898040,3,Income,19,Conservative
31,1990236,2,Retirement,2,Conservative
32,1494496,5,Wealth,4,Aggressive
39,657257,2,Tax,17,Moderate
30,696516,1,Retirement,6,Moderate
53,1214413,2,Tax,32,Moderate
50,1046517,2,Tax,27,Moderate
21,805672,4,Tax,0,Moderate
47,545948,3,Tax,25,Conservative
55,432997,5,Wealth,34,Aggressive
41,428998,3,Education,12,Moderate
39,719903,1,Retirement,16,Conservative
27,1020508,5,Income,6,Aggressive
30,300000,1,Wealth,4,Moderate
38,1345043,2,Retirement,14,Moderate
21,382267,4,Education,0,Moderate
32,499179,5,Income,11,Moderate
59,674698,1,Tax,38,Conservative
41,1054905,2,Wealth,11,Moderate
55,2316045,5,Tax,32,Aggressive
38,582044,5,Wealth,10,Aggressive
60,1717873,3,Tax,30,Moderate
38,608356,5,Education,14,Aggressive
41,2044528,1,Wealth,19,Moderate
56,766992,4,Retirement,31,Aggressive
25,300000,5,Retirement,0,Moderate
59,489395,1,Wealth,30,Conservative
31,811742,2,Education,6,Moderate
38,696521,2,Retirement,15,Moderate
21,395961,5,Education,0,Moderate
33,319685,4,Tax,7,Moderate
29,1411175,5,Wealth,4,Aggressive
57,300000,3,Tax,27,Moderate
61,1147476,5,Wealth,40,Aggressive
27,373657,3,Wealth,3,Moderate
35,3037487,3,Wealth,11,Aggressive
53,300000,3,Wealth,29,Moderate
29,300000,3,Tax,3,Moderate
54,598263,3,Wealth,30,Aggressive
49,1641221,2,Tax,28,Moderate
28,3696460,5,Wealth,1,Aggressive
31,1609187,5,Income,5,Moderate
31,892244,3,Retirement,3,Moderate
43,408289,3,Retirement,17,Moderate
42,472074,3,Wealth,19,Moderate
44,508011,5,Tax,23,Aggressive
36,606341,3,Education,12,Moderate
30,675029,3,Wealth,5,Aggressive
32,926769,4,Tax,3,Moderate
49,535752,5,Tax,22,Moderate
36,902270,4,Retirement,9,Moderate
42,1049981,1,Wealth,21,Aggressive
24,374025,4,Wealth,2,Aggressive
27,335747,4,Education,0,Moderate
35,1737648,1,Retirement,9,Moderate
43,879213,4,Wealth,20,Aggressive
44,725354,4,Income,17,Moderate
29,300000,3,Wealth,2,Moderate
26,1381319,1,Tax,0,Moderate
48,805070,3,Wealth,24,Moderate
34,2296699,2,Tax,12,Moderate
47,922433,5,Tax,24,Aggressive
51,672449,4,Retirement,22,Aggressive
42,523437,2,Retirement,15,Moderate
45,2435274,1,Retirement,19,Moderate
45,1612778,2,Income,20,Moderate
51,941060,1,Wealth,29,Moderate
21,1558605,1,Income,0,Conservative
41,1020266,1,Retirement,16,Moderate
34,300000,4,Wealth,6,Moderate
27,1558130,1,Retirement,6,Moderate
54,1316175,4,Wealth,25,Aggressive
37,374950,2,Retirement,12,Conservative
48,1215997,2,Tax,20,Moderate
58,448682,4,Retirement,36,Moderate
29,597959,2,Wealth,0,Moderate
59,896270,3,Retirement,34,Moderate
36,864490,2,Tax,11,Conservative
21,761242,3,Wealth,0,Moderate
55,300000,2,Tax,30,Conservative
55,832618,2,Income,31,Conservative
38,2599439,1,Wealth,8,Moderate
42,974119,3,Education,16,Moderate
27,711230,4,Wealth,0,Aggressive
61,1307364,1,Retirement,39,Conservative
37,895309,3,Income,12,Moderate
69,600157,1,Wealth,40,Moderate
21,1529220,5,Tax,0,Aggressive
29,968602,1,Wealth,0,Moderate
62,1072074,4,Retirement,36,Moderate
46,701347,5,Tax,20,Moderate
37,751778,4,Retirement,14,Moderate
21,1409404,4,Wealth,0,Aggressive
21,565861,3,Wealth,0,Aggressive
50,4091466,2,Retirement,25,Moderate
29,533365,1,Wealth,3,Moderate
53,526444,4,Retirement,25,Moderate
55,1664360,5,Income,26,Moderate
41,793121,3,Retirement,15,Moderate
27,1226159,1,Wealth,0,Moderate
21,2333070,1,Tax,0,Moderate
31,1071803,3,Retirement,9,Moderate
51,1019227,1,Wealth,28,Moderate
46,547936,2,Tax,16,Conservative
28,444559,2,Income,1,Conservative
27,300000,1,Tax,0,Conservative
41,489214,1,Education,18,Conservative
57,578214,3,Wealth,31,Moderate
22,478839,5,Retirement,0,Aggressive
27,674671,4,Wealth,2,Aggressive
61,578243,4,Education,31,Moderate
34,1454701,5,Wealth,6,Aggressive
31,322201,1,Education,3,Conservative
43,1611921,4,Retirement,15,Aggressive
34,1299416,2,Tax,10,Moderate
44,422335,3,Education,21,Moderate
33,330343,5,Wealth,9,Aggressive
48,1193539,4,Income,21,Moderate
25,1191847,5,Income,0,Aggressive
54,462923,1,Retirement,26,Conservative
38,318923,4,Tax,17,Moderate
48,608576,5,Retirement,26,Aggressive
35,300000,4,Retirement,9,Moderate
40,1181445,4,Wealth,17,Aggressive
35,517661,4,Tax,14,Aggressive
40,926139,5,Wealth,14,Aggressive
50,2826858,3,Wealth,26,Aggressive
34,612265,3,Retirement,5,Moderate
35,1295459,5,Retirement,6,Aggressive
31,673670,2,Tax,2,Moderate
57,591388,1,Retirement,29,Conservative
23,2348104,5,Wealth,0,Aggressive
30,546609,2,Wealth,6,Moderate
32,1182745,5,Retirement,10,Aggressive
54,1005309,1,Retirement,33,Moderate
55,1080765,5,Wealth,30,Aggressive
31,1249716,4,Tax,2,Moderate
39,1157526,5,Wealth,9,Aggressive
45,543146,2,Wealth,17,Moderate
30,595957,5,Wealth,1,Aggressive
57,977293,3,Retirement,32,Moderate
40,300000,5,Education,19,Moderate
37,1041720,2,Income,12,Conservative
38,538461,5,Wealth,17,Aggressive
25,1674492,3,Wealth,1,Aggressive
33,300000,5,Wealth,5,Aggressive
46,1115718,1,Income,17,Conservative
39,974252,3,Income,12,Conservative
37,898425,1,Education,14,Conservative
36,2030702,3,Retirement,13,Moderate
49,814798,2,Wealth,23,Moderate
42,961900,5,Income,16,Aggressive
60,343378,5,Wealth,34,Aggressive
52,881950,1,Income,28,Conservative
29,673749,3,Retirement,6,Aggressive
31,666499,2,Education,9,Moderate
32,300000,3,Wealth,3,Moderate
32,2705355,4,Retirement,10,Aggressive
31,412984,1,Wealth,1,Conservative
22,656757,3,Tax,0,Moderate
51,300000,1,Wealth,26,Moderate
30,300000,4,Wealth,0,Aggressive
21,300000,3,Tax,0,Conservative
39,2384387,3,Wealth,11,Aggressive
37,300000,1,Education,11,Conservative
53,539463,4,Retirement,28,Moderate
35,609116,2,Retirement,14,Moderate
57,481010,5,Wealth,30,Aggressive
25,438600,1,Wealth,0,Moderate
28,596795,1,Income,7,Conservative
37,338876,5,Income,9,Moderate
33,1547429,3,Wealth,12,Aggressive
58,2397474,1,Wealth,29,Moderate
30,1934028,2,Wealth,3,Moderate
28,300000,4,Income,0,Moderate
39,300000,3,Retirement,18,Moderate
29,300000,1,Tax,7,Moderate
27,1175120,2,Income,0,Moderate
41,559514,5,Income,11,Moderate
58,4316375,3,Retirement,32,Aggressive
50,820083,2,Wealth,26,Moderate
60,1702648,1,Tax,39,Conservative
36,1723496,5,Wealth,12,Aggressive
46,400603,1,Tax,16,Conservative
42,447838,4,Wealth,15,Aggressive
54,2376459,1,Tax,26,Moderate
40,300000,5,Wealth,18,Aggressive
21,720659,4,Income,0,Moderate
34,1313251,4,Wealth,5,Aggressive
30,1125395,3,Education,8,Moderate
23,610629,1,Retirement,0,Conservative
59,592940,3,Wealth,34,Moderate
61,333901,5,Wealth,32,Aggressive
28,423409,3,Education,0,Moderate
36,2524316,3,Retirement,11,Moderate
29,929612,5,Tax,0,Aggressive
56,524350,4,Wealth,27,Aggressive
41,1242488,1,Wealth,19,Moderate
39,584541,3,Retirement,12,Moderate
29,375120,2,Retirement,3,Moderate
23,536015,4,Retirement,0,Moderate
35,300000,3,Tax,11,Conservative
35,2461641,2,Wealth,12,Aggressive
38,1250665,5,Wealth,16,Aggressive
33,1244131,3,Retirement,8,Moderate
29,552678,1,Wealth,3,Moderate
66,773190,4,Tax,40,Moderate
54,569378,3,Retirement,27,Moderate
27,300000,1,Wealth,1,Conservative
47,1515154,3,Wealth,23,Aggressive
56,1405882,2,Wealth,32,Moderate
31,1064843,4,Income,10,Moderate
45,821568,1,Wealth,24,Moderate
40,433561,1,Income,19,Conservative
33,1017887,5,Wealth,4,Aggressive
21,407830,4,Retirement,0,Moderate
42,448883,3,Income,13,Conservative
41,409956,2,Tax,14,Conservative
24,510140,3,Wealth,0,Aggressive
53,476520,2,Retirement,31,Conservative
60,1343034,5,Wealth,30,Aggressive
30,396676,1,Wealth,4,Moderate
49,798816,2,Retirement,20,Conservative
48,1233342,1,Income,27,Conservative
50,1884912,1,Retirement,25,Conservative
26,1053944,3,Tax,5,Aggressive
28,300000,2,Wealth,6,Moderate
24,686366,2,Retirement,2,Moderate
33,1329009,1,Wealth,6,Moderate
51,404969,2,Wealth,25,Conservative
50,2043376,4,Tax,22,Aggressive
45,2011951,5,Wealth,24,Aggressive
35,1146343,4,Tax,9,Aggressive
21,1573113,3,Income,0,Moderate
52,1879566,3,Wealth,30,Moderate
26,842426,4,Income,0,Moderate
40,1491214,5,Tax,11,Aggressive
32,359667,2,Income,4,Conservative
28,1339545,5,Tax,1,Aggressive
40,1062734,5,Wealth,12,Aggressive
32,4615753,2,Tax,2,Moderate
32,615303,2,Retirement,10,Moderate
41,1968847,2,Education,11,Moderate
55,1567939,2,Retirement,32,Moderate
36,747709,1,Tax,14,Conservative
46,300000,4,Education,16,Moderate
24,609492,1,Wealth,0,Moderate
46,745451,4,Tax,18,Moderate
55,1572444,4,Wealth,25,Aggressive
26,979929,4,Retirement,0,Aggressive
29,825580,5,Tax,5,Aggressive
24,1435094,4,Wealth,0,Aggressive
46,1386114,2,Retirement,25,Moderate
51,1588752,5,Retirement,28,Aggressive
59,444301,5,Wealth,33,Aggressive
55,1590399,1,Tax,30,Moderate
53,2005495,3,Tax,31,Moderate
40,5231901,5,Wealth,11,Aggressive
47,1140932,2,Wealth,22,Moderate
31,1729515,5,Education,6,Aggressive
32,1112129,1,Wealth,4,Moderate
51,1255279,5,Wealth,30,Aggressive
64,1730981,3,Income,37,Conservative
39,300000,4,Income,17,Moderate
21,990507,5,Education,0,Aggressive
35,1012858,1,Income,10,Conservative
36,527479,3,Wealth,12,Moderate
57,300000,4,Tax,32,Moderate
38,582686,5,Wealth,13,Aggressive
29,1005814,2,Income,2,Moderate
43,694996,5,Retirement,21,Aggressive
36,983459,2,Retirement,13,Moderate
29,420083,1,Retirement,5,Moderate
42,897128,4,Wealth,19,Aggressive
54,1024577,5,Tax,29,Moderate
50,333397,4,Wealth,23,Moderate
29,309274,2,Wealth,8,Moderate
37,1411575,3,Wealth,16,Aggressive
27,884472,1,Retirement,0,Conservative
35,395190,5,Retirement,13,Moderate
21,603154,3,Tax,0,Moderate
27,1122376,1,Wealth,1,Moderate
32,423425,2,Wealth,2,Moderate
32,2375750,1,Wealth,3,Moderate
31,1193405,4,Retirement,4,Aggressive
38,1440916,2,Retirement,10,Conservative
29,909134,1,Income,6,Conservative
39,1234719,4,Income,9,Moderate
27,3544927,4,Retirement,0,Aggressive
35,592434,5,Tax,6,Aggressive
36,614650,5,Retirement,11,Aggressive
56,3520413,1,Education,29,Moderate
22,2003392,4,Wealth,0,Aggressive
26,714711,3,Wealth,0,Moderate
44,465487,4,Wealth,16,Aggressive
57,602733,2,Wealth,31,Moderate
28,3347048,1,Wealth,5,Aggressive
31,858677,1,Wealth,10,Conservative
32,1685783,5,Wealth,11,Aggressive
55,954045,4,Retirement,32,Moderate
55,1009851,5,Income,33,Moderate
38,1222107,4,Wealth,16,Aggressive
50,741254,1,Tax,27,Conservative
27,674160,2,Wealth,0,Moderate
29,2439793,2,Retirement,0,Moderate
22,692771,2,Retirement,0,Moderate
33,1164817,1,Wealth,10,Moderate
61,1712778,5,Education,38,Aggressive
30,1202781,4,Wealth,5,Aggressive
28,1373922,5,Retirement,7,Aggressive
28,300000,1,Retirement,1,Conservative
37,949928,5,Income,13,Moderate
21,1985272,3,Retirement,0,Moderate
42,3912620,4,Tax,15,Aggressive
34,1824505,1,Tax,9,Moderate
45,966883,3,Wealth,23,Moderate
32,1217412,5,Tax,5,Aggressive
21,1342489,2,Retirement,0,Conservative
44,300000,5,Education,14,Aggressive
30,359450,1,Education,4,Conservative
24,891497,2,Tax,0,Moderate
45,763510,5,Retirement,21,Aggressive
29,620013,1,Wealth,6,Moderate
22,1057994,3,Wealth,0,Aggressive
56,1147154,3,Retirement,27,Moderate
23,300000,2,Retirement,0,Conservative
56,308218,5,Retirement,34,Aggressive
30,602989,3,Income,4,Moderate
25,1195512,5,Income,0,Aggressive
29,698121,3,Retirement,8,Moderate
28,551953,1,Retirement,3,Moderate
33,2192598,2,Tax,6,Moderate
57,1285768,2,Income,28,Conservative
57,713109,4,Wealth,34,Moderate
56,2854570,3,Tax,30,Moderate
24,865263,3,Income,0,Conservative
45,1573353,4,Wealth,18,Aggressive
56,411108,5,Retirement,33,Moderate
54,303023,2,Wealth,29,Moderate
45,458563,2,Income,18,Conservative
53,1173313,2,Income,29,Conservative
34,737151,1,Income,6,Conservative
31,715228,5,Tax,10,Aggressive
57,950451,4,Wealth,31,Moderate
39,896828,2,Wealth,16,Moderate
47,1905872,3,Wealth,19,Aggressive
33,546568,3,Wealth,10,Moderate
36,300000,5,Wealth,13,Aggressive
34,2533418,1,Retirement,10,Moderate
49,581186,4,Wealth,19,Aggressive
57,1873135,2,Wealth,32,Moderate
22,1068941,4,Retirement,0,Aggressive
39,2254683,4,Retirement,11,Aggressive
33,521401,3,Retirement,6,Moderate
23,1483327,1,Wealth,0,Moderate
33,662336,2,Retirement,5,Moderate
52,504758,3,Tax,22,Moderate
54,2614746,3,Tax,31,Moderate
47,478183,3,Tax,23,Moderate
29,463410,3,Income,0,Conservative
52,368643,4,Tax,22,Moderate
27,589350,1,Wealth,3,Moderate
50,900681,4,Tax,28,Moderate
36,719194,1,Retirement,10,Moderate
42,1058173,1,Wealth,13,Moderate
35,300000,2,Wealth,5,Moderate
30,784374,4,Wealth,9,Aggressive
56,300000,5,Tax,34,Moderate
60,592379,1,Income,37,Conservative
32,682493,5,Wealth,2,Aggressive
27,788591,3,Retirement,1,Moderate
29,1036510,1,Wealth,1,Moderate
38,333254,1,Retirement,10,Conservative
50,588893,4,Wealth,23,Moderate
33,3991490,1,Wealth,4,Moderate
30,763125,5,Retirement,1,Aggressive
23,704323,1,Education,0,Conservative
25,300000,2,Tax,3,Moderate
55,906322,2,Tax,31,Conservative
27,300000,4,Wealth,0,Moderate
35,300000,2,Retirement,14,Conservative
29,1096780,1,Income,3,Moderate
42,1092475,2,Retirement,16,Moderate
24,300000,3,Wealth,0,Moderate
30,301454,4,Wealth,6,Aggressive
25,466282,1,Retirement,0,Conservative
54,3139268,2,Wealth,28,Moderate
54,980172,3,Wealth,31,Moderate
43,1206903,2,Wealth,21,Moderate
51,1905837,2,Wealth,30,Moderate
48,2341177,2,Wealth,25,Moderate
52,891906,1,Retirement,28,Conservative
46,1109904,4,Wealth,23,Aggressive
55,815674,3,Retirement,28,Moderate
33,300000,4,Education,11,Moderate
61,986850,4,Retirement,39,Moderate
41,550035,5,Income,15,Moderate
50,300000,3,Wealth,23,Moderate
32,467257,1,Tax,4,Conservative
59,570340,1,Retirement,30,Conservative
40,1530292,5,Wealth,15,Aggressive
30,721599,5,Wealth,2,Aggressive
50,477710,5,Retirement,24,Moderate
28,319428,5,Tax,1,Aggressive
36,685511,1,Wealth,15,Conservative
40,890908,1,Tax,14,Conservative
47,1185939,2,Income,19,Conservative
21,1425021,4,Tax,0,Aggressive
33,300000,4,Income,4,Conservative
51,957259,4,Tax,28,Moderate
38,714001,4,Tax,15,Moderate
25,670476,1,Income,0,Conservative
25,925894,1,Retirement,0,Conservative
58,2658162,5,Income,29,Aggressive
47,653655,1,Tax,21,Conservative
53,865192,1,Wealth,27,Moderate
32,399781,2,Wealth,10,Moderate
52,370939,3,Income,22,Conservative
30,358336,5,Retirement,7,Aggressive
25,300000,5,Education,0,Aggressive
51,502830,2,Tax,29,Conservative
30,2765665,3,Wealth,4,Aggressive
29,460197,1,Retirement,1,Conservative
22,634513,5,Tax,0,Aggressive
34,300000,3,Retirement,10,Moderate
22,689103,4,Retirement,0,Aggressive
24,375755,5,Wealth,0,Aggressive
44,632784,3,Wealth,19,Aggressive
56,629662,4,Wealth,33,Aggressive
35,740933,4,Wealth,6,Aggressive
60,1749134,1,Tax,34,Conservative
43,2808677,3,Tax,17,Aggressive
54,2789207,5,Wealth,31,Aggressive
43,869364,5,Tax,18,Aggressive
40,909747,3,Retirement,18,Moderate
44,860795,2,Retirement,15,Conservative
36,1381086,2,Tax,14,Moderate
45,497580,1,Wealth,21,Conservative
27,395416,1,Tax,0,Moderate
57,300000,2,Wealth,28,Moderate
25,1504710,4,Retirement,0,Moderate
28,942963,4,Income,3,Moderate
46,453602,2,Retirement,16,Conservative
26,2479964,5,Retirement,0,Aggressive
49,507382,2,Tax,26,Conservative
53,2317236,5,Wealth,24,Aggressive
25,437885,5,Education,0,Aggressive
41,915278,4,Tax,15,Moderate
33,1096785,4,Wealth,11,Aggressive
25,555701,4,Tax,0,Moderate
51,326570,5,Income,22,Moderate
67,824065,5,Income,38,Moderate
30,468101,1,Education,5,Moderate
39,300000,2,Wealth,17,Moderate
26,300000,4,Wealth,3,Aggressive
25,918591,3,Education,0,Moderate
37,300000,3,Tax,13,Moderate
29,656789,5,Income,7,Aggressive
35,1369327,1,Wealth,5,Moderate
35,300000,2,Tax,9,Conservative
52,312808,5,Retirement,31,Moderate
33,1004143,2,Tax,7,Moderate
29,300000,5,Retirement,0,Aggressive
47,766644,4,Tax,26,Moderate
50,570449,1,Wealth,24,Moderate
49,2206528,4,Education,22,Aggressive
59,2462761,4,Retirement,35,Aggressive
24,1012956,3,Income,0,Moderate
44,491626,3,Wealth,21,Moderate
39,849857,3,Wealth,11,Moderate
51,1483671,3,Wealth,24,Aggressive
30,1311940,5,Tax,7,Aggressive
26,300000,5,Wealth,0,Aggressive
35,300000,1,Tax,7,Conservative
31,1361679,3,Wealth,1,Moderate
30,327063,3,Retirement,8,Moderate
28,1016589,5,Wealth,0,Aggressive
57,1422763,2,Wealth,28,Moderate
45,1219348,4,Tax,15,Moderate
55,1124366,1,Income,28,Conservative
32,569832,5,Income,7,Moderate
60,305457,5,Wealth,30,Aggressive
32,2822781,4,Education,4,Aggressive
60,300000,1,Income,31,Conservative
31,871871,5,Wealth,4,Aggressive
54,540486,3,Income,26,Conservative
30,2031746,3,Wealth,3,Aggressive
29,821527,5,Wealth,8,Aggressive
39,435310,2,Income,12,Conservative
28,577391,2,Education,2,Conservative
37,1493687,2,Retirement,8,Moderate
38,1695194,3,Tax,17,Moderate
33,1263434,3,Wealth,12,Aggressive
59,865201,4,Tax,34,Moderate
41,406774,2,Income,15,Conservative
34,481426,4,Wealth,8,Aggressive
48,1108106,5,Tax,22,Aggressive
33,1632678,5,Income,12,Aggressive
42,300000,1,Tax,18,Conservative
43,300000,1,Tax,17,Conservative
29,693926,1,Wealth,7,Moderate
27,943411,1,Income,0,Conservative
38,900522,3,Retirement,13,Moderate
63,1165940,4,Wealth,40,Aggressive
32,550893,3,Tax,4,Moderate
54,1903036,5,Tax,33,Aggressive
58,2314551,2,Tax,36,Moderate
29,1163125,2,Education,0,Moderate
32,560024,4,Wealth,3,Aggressive
27,300000,4,Wealth,1,Aggressive
42,502265,5,Education,17,Aggressive
35,881117,3,Tax,5,Moderate
24,1252482,2,Retirement,0,Moderate
21,625570,3,Wealth,0,Moderate
48,743637,5,Income,23,Moderate
29,2615781,3,Wealth,6,Aggressive
34,371380,2,Income,13,Conservative
34,300000,5,Retirement,8,Aggressive
70,300000,3,Retirement,40,Moderate
21,1563834,3,Tax,0,Moderate
55,313954,3,Retirement,26,Conservative
60,625712,3,Wealth,38,Moderate
31,1421968,4,Retirement,7,Aggressive
33,2364828,5,Retirement,12,Aggressive
41,830068,5,Retirement,19,Aggressive
53,396541,3,Tax,27,Moderate
33,1022484,3,Wealth,6,Moderate
35,381575,4,Wealth,14,Aggressive
45,762914,2,Wealth,18,Moderate
56,301089,4,Retirement,28,Moderate
30,446090,3,Wealth,8,Aggressive
43,3873818,3,Wealth,20,Moderate
45,1702337,3,Wealth,15,Moderate
42,500498,3,Tax,15,Moderate
57,589170,4,Tax,35,Moderate
57,1330403,3,Wealth,27,Aggressive
45,601273,2,Wealth,20,Aggressive
22,1882135,1,Retirement,0,Conservative
36,300000,2,Retirement,15,Conservative
32,766145,3,Wealth,10,Moderate
34,458813,4,Retirement,6,Moderate
28,962757,3,Wealth,0,Moderate
36,875215,4,Wealth,12,Aggressive
41,818628,1,Wealth,19,Conservative
27,1084141,5,Wealth,3,Aggressive
30,974921,2,Wealth,1,Moderate
34,362397,1,Tax,10,Conservative
21,744163,3,Income,0,Conservative
33,745780,4,Income,6,Moderate
30,777236,4,Tax,3,Aggressive
35,3750569,5,Retirement,9,Aggressive
38,821266,1,Wealth,8,Conservative
36,2534144,2,Wealth,14,Moderate
55,300000,4,Retirement,26,Moderate
46,534278,2,Wealth,22,Moderate
31,674630,3,Wealth,1,Moderate
34,2370043,4,Education,12,Aggressive
65,300000,4,Retirement,36,Moderate
50,1587686,1,Wealth,25,Moderate
45,1171117,5,Wealth,19,Aggressive
43,1173768,3,Wealth,16,Aggressive
32,698117,5,Tax,8,Aggressive
44,898139,1,Tax,21,Conservative
60,776787,2,Retirement,31,Moderate
32,500357,1,Retirement,10,Moderate
31,1511603,1,Income,5,Conservative
34,852250,1,Wealth,11,Conservative
38,464995,4,Wealth,9,Moderate
35,1073407,3,Wealth,13,Moderate
61,695231,2,Wealth,38,Moderate
53,588723,5,Income,24,Moderate
31,300000,2,Wealth,6,Moderate
36,558553,4,Wealth,13,Moderate
34,539058,4,Education,9,Moderate
60,997004,5,Retirement,35,Aggressive
28,615703,4,Retirement,2,Aggressive
36,5275349,5,Retirement,7,Aggressive
35,300000,4,Tax,10,Moderate
58,336914,1,Tax,28,Conservative
33,552351,4,Retirement,12,Aggressive
39,1040141,5,Income,16,Aggressive
46,641034,5,Tax,17,Moderate
35,525109,5,Income,7,Moderate
47,349100,3,Wealth,21,Moderate
33,1088475,2,Wealth,9,Moderate
27,5466563,2,Wealth,6,Aggressive
21,384032,1,Retirement,0,Conservative
56,1205300,5,Wealth,26,Aggressive
40,2417922,3,Wealth,10,Aggressive
33,889717,3,Income,9,Moderate
24,1021444,3,Income,0,Moderate
56,761897,5,Retirement,32,Aggressive
43,2821915,3,Wealth,15,Aggressive
32,1409349,3,Wealth,3,Moderate
36,1787998,2,Tax,9,Moderate
51,735956,4,Tax,26,Moderate
42,1296755,4,Tax,15,Moderate
21,765172,4,Income,0,Moderate
37,1383840,5,Income,11,Aggressive
37,606604,1,Education,14,Conservative
34,1827044,1,Retirement,8,Moderate
22,1180287,2,Income,0,Moderate
43,584968,1,Tax,18,Conservative
49,1487611,1,Wealth,22,Moderate
23,646468,4,Retirement,0,Moderate
55,339700,4,Retirement,34,Moderate
32,662461,5,Wealth,10,Aggressive
23,666551,1,Wealth,0,Conservative
26,358499,5,Tax,3,Aggressive
36,1143168,3,Wealth,10,Moderate
41,1082743,2,Tax,19,Moderate
29,797544,2,Income,0,Conservative
27,1428662,3,Retirement,0,Moderate
37,624322,2,Education,12,Moderate
41,300000,1,Wealth,16,Moderate
22,511459,5,Income,0,Moderate
50,450317,1,Education,27,Conservative
25,623997,2,Retirement,3,Conservative
21,865770,1,Retirement,0,Moderate
22,3322777,2,Retirement,0,Moderate
58,300000,5,Retirement,37,Moderate
54,1501343,2,Tax,24,Moderate
25,399435,3,Retirement,0,Moderate
54,1111579,2,Tax,25,Conservative
26,516157,3,Tax,1,Moderate
32,948171,5,Wealth,9,Aggressive
47,2526395,2,Income,24,Moderate
57,300000,5,Tax,32,Moderate
41,1001751,4,Tax,13,Aggressive
21,1032089,4,Wealth,0,Aggressive
31,1650177,2,Retirement,6,Moderate
40,847766,4,Retirement,13,Aggressive
22,8982133,1,Wealth,0,Moderate
39,1846795,1,Education,10,Moderate
30,1254178,3,Tax,9,Moderate
30,1043446,4,Retirement,7,Aggressive
23,1220058,3,Retirement,2,Moderate
49,887203,4,Income,22,Moderate
45,891660,1,Wealth,21,Moderate
36,300000,4,Wealth,12,Aggressive
40,1214377,1,Education,14,Moderate
34,1205251,1,Wealth,12,Moderate
28,1033378,5,Retirement,5,Aggressive
46,1051646,1,Retirement,18,Conservative
43,1372677,1,Education,14,Moderate
59,1113406,3,Retirement,38,Moderate
59,857099,4,Education,37,Aggressive
24,1016260,2,Wealth,0,Moderate
38,1907998,2,Wealth,15,Moderate
21,2251200,1,Wealth,0,Moderate
54,405022,4,Wealth,25,Aggressive
44,612479,5,Education,23,Aggressive
24,1570163,2,Education,0,Moderate
55,1192295,3,Wealth,31,Moderate
32,516191,3,Retirement,3,Moderate
58,842635,3,Wealth,29,Moderate
43,1399009,5,Wealth,14,Aggressive
43,3087745,5,Tax,20,Aggressive
43,4188199,5,Income,15,Aggressive
50,300000,4,Tax,23,Moderate
60,1462868,4,Wealth,38,Aggressive
56,520147,4,Income,35,Moderate
48,1807745,5,Income,18,Aggressive
43,308797,2,Retirement,21,Moderate
24,499624,2,Retirement,0,Conservative
54,713529,2,Retirement,25,Moderate
52,1288853,4,Tax,24,Moderate
39,621989,4,Income,12,Moderate
32,484170,2,Income,4,Conservative
54,300000,5,Tax,31,Moderate
59,506247,2,Retirement,35,Moderate
32,1294114,2,Retirement,4,Moderate
31,2284381,1,Tax,4,Moderate
37,388444,4,Tax,13,Moderate
53,414779,1,Income,26,Conservative
32,481305,1,Tax,11,Conservative
45,742566,3,Education,19,Moderate
38,923222,1,Wealth,16,Moderate
28,650379,5,Education,0,Aggressive
57,300000,2,Education,28,Conservative
31,300000,3,Income,3,Moderate
41,570747,5,Wealth,12,Aggressive
64,1169987,3,Education,40,Moderate
44,809958,3,Tax,17,Moderate
43,2619720,3,Retirement,18,Aggressive
57,300000,1,Retirement,34,Conservative
26,865890,5,Wealth,4,Aggressive
32,2139716,3,Retirement,4,Moderate
56,654004,3,Wealth,30,Moderate
31,329654,2,Tax,2,Conservative
34,300000,1,Retirement,8,Conservative
52,644974,4,Education,25,Moderate
33,563311,5,Tax,9,Aggressive
27,511627,2,Tax,2,Moderate
49,994193,4,Income,24,Moderate
52,2873165,4,Wealth,23,Aggressive
26,308206,5,Income,3,Moderate
31,411491,5,Wealth,2,Aggressive
55,727138,4,Wealth,25,Aggressive
35,1335186,1,Retirement,11,Conservative
27,615771,5,Retirement,0,Aggressive
35,1212512,3,Education,9,Moderate
37,300000,1,Retirement,10,Conservative
36,833432,5,Retirement,13,Aggressive
28,798318,3,Income,7,Moderate
33,2416361,5,Wealth,11,Aggressive
43,1783403,5,Tax,18,Aggressive
35,873380,1,Wealth,12,Moderate
37,414477,3,Retirement,15,Moderate
55,300000,4,Income,30,Moderate
48,433865,2,Retirement,25,Moderate
43,3724563,4,Education,17,Aggressive
57,300000,3,Retirement,35,Moderate
30,425231,2,Wealth,1,Moderate
42,881536,1,Tax,15,Moderate
55,1955558,2,Wealth,30,Aggressive
28,329355,1,Tax,4,Moderate
28,1115564,1,Retirement,0,Moderate
25,464774,4,Education,3,Moderate
35,343437,2,Retirement,6,Conservative
25,531441,1,Income,2,Conservative
56,781024,2,Tax,32,Conservative
30,331576,3,Wealth,7,Moderate
48,1760036,4,Tax,24,Moderate
36,2223813,3,Tax,9,Moderate
46,490310,2,Education,18,Moderate
24,1390036,5,Retirement,0,Aggressive
33,300000,2,Retirement,12,Conservative
46,708409,1,Tax,18,Conservative
25,1448792,4,Tax,0,Moderate
39,1331790,5,Tax,17,Aggressive
43,892664,2,Retirement,17,Moderate
46,1866728,4,Tax,25,Moderate
39,481386,1,Wealth,18,Conservative
34,857287,2,Wealth,10,Moderate
45,836208,3,Income,23,Moderate
32,1081901,5,Education,9,Aggressive
40,1231839,4,Tax,14,Aggressive
38,325660,2,Wealth,14,Moderate
21,1300283,4,Retirement,0,Moderate
42,346579,5,Wealth,21,Aggressive
29,1535482,3,Retirement,6,Aggressive
62,2746945,2,Wealth,35,Aggressive
51,567686,5,Wealth,30,Aggressive
25,417656,1,Wealth,0,Moderate
57,2581902,2,Income,32,Moderate
57,769078,1,Wealth,33,Moderate
54,314408,3,Wealth,31,Moderate
22,423551,3,Wealth,0,Aggressive
33,440070,2,Retirement,3,Conservative
53,1873398,4,Wealth,24,Aggressive
36,397040,4,Retirement,13,Moderate
54,300000,4,Tax,24,Moderate
52,778341,4,Retirement,26,Aggressive
55,991168,5,Tax,34,Moderate
37,1202992,2,Retirement,9,Moderate
37,300000,4,Wealth,11,Aggressive
25,708609,3,Tax,2,Moderate
62,596421,2,Wealth,37,Moderate
43,1081394,4,Retirement,15,Aggressive
44,300000,1,Education,16,Conservative
33,895558,2,Wealth,9,Moderate
35,915335,4,Income,8,Moderate
31,1784666,5,Retirement,6,Aggressive
39,1032624,1,Income,9,Conservative
45,1311790,1,Income,24,Moderate
35,338948,3,Tax,11,Conservative
53,747692,4,Wealth,26,Aggressive
35,2005192,4,Education,6,Aggressive
44,568340,2,Income,16,Conservative
38,1385313,3,Education,10,Aggressive
50,409058,1,Education,20,Conservative
28,684212,5,Retirement,0,Aggressive
30,300000,4,Wealth,5,Aggressive
42,755875,1,Retirement,13,Conservative
55,445530,4,Wealth,32,Moderate
32,1789671,4,Retirement,5,Aggressive
38,3333658,5,Retirement,14,Aggressive
24,300000,5,Retirement,3,Aggressive
28,337564,5,Wealth,7,Aggressive
31,1532697,2,Income,5,Moderate
46,469631,5,Retirement,23,Aggressive
22,756696,5,Tax,0,Aggressive
30,2312449,5,Wealth,3,Aggressive
46,2358477,5,Tax,16,Aggressive
48,322091,3,Retirement,20,Conservative
34,3105893,2,Tax,10,Moderate
41,1284108,4,Education,15,Moderate
22,1624314,2,Tax,0,Moderate
37,503168,2,Tax,13,Moderate
24,468540,2,Tax,0,Conservative
63,300000,5,Tax,35,Moderate
33,336260,2,Retirement,4,Conservative
58,1298269,3,Income,33,Moderate
36,1109678,4,Retirement,13,Aggressive
51,1395632,2,Tax,25,Moderate
34,948058,4,Retirement,4,Moderate
27,790845,1,Education,0,Moderate
38,491497,1,Retirement,13,Conservative
30,659251,2,Wealth,1,Moderate
24,1507199,3,Wealth,0,Aggressive
37,1423082,1,Wealth,11,Moderate
52,959430,1,Wealth,27,Conservative
57,417169,3,Education,31,Moderate
57,573932,5,Tax,28,Aggressive
41,312411,2,Wealth,19,Moderate
25,626045,1,Income,0,Conservative
25,300000,3,Retirement,3,Moderate
37,635301,1,Wealth,13,Conservative
21,504233,4,Retirement,0,Moderate
47,797777,1,Retirement,17,Conservative
25,466437,4,Wealth,0,Moderate
52,1344344,5,Retirement,30,Aggressive
35,300000,3,Tax,8,Moderate
29,300000,5,Retirement,0,Moderate
32,666720,4,Wealth,8,Aggressive
46,969088,1,Tax,25,Conservative
58,604052,5,Education,30,Aggressive
27,640777,4,Education,6,Aggressive
50,860642,5,Education,25,Aggressive
56,1141487,4,Retirement,32,Moderate
21,597711,1,Wealth,0,Moderate
49,920548,5,Tax,22,Aggressive
21,1604387,3,Tax,0,Aggressive
23,309217,5,Education,0,Aggressive
47,1953936,4,Retirement,18,Aggressive
62,1852627,2,Education,38,Moderate
35,448929,1,Wealth,5,Moderate
60,1160541,5,Retirement,35,Aggressive
49,300000,4,Tax,23,Conservative
38,995583,3,Tax,10,Conservative
54,2095799,1,Wealth,25,Moderate
30,387671,1,Retirement,3,Moderate
48,473884,3,Wealth,18,Moderate
62,1038067,3,Education,38,Moderate
32,632409,4,Retirement,4,Moderate
46,921560,5,Income,24,Moderate
52,4460943,1,Retirement,24,Moderate
27,602981,2,Wealth,3,Moderate
35,300000,3,Retirement,12,Moderate
33,507990,3,Tax,5,Moderate
26,917587,1,Income,3,Moderate
31,329176,3,Wealth,1,Moderate
60,499370,3,Wealth,31,Moderate
41,1846106,5,Wealth,15,Aggressive
32,2526613,4,Wealth,4,Aggressive
57,611695,4,Retirement,31,Moderate
49,623099,3,Tax,26,Moderate
27,341517,2,Retirement,5,Moderate
64,962817,3,Income,40,Conservative
30,4295222,2,Retirement,2,Moderate
39,622777,2,Retirement,12,Moderate
49,638337,2,Income,23,Moderate
54,1141002,2,Wealth,29,Moderate
24,587532,1,Tax,0,Conservative
28,594776,3,Retirement,1,Moderate
53,2120587,1,Retirement,31,Moderate
34,326147,2,Retirement,9,Conservative
48,377791,5,Tax,20,Moderate
37,1265084,4,Retirement,9,Moderate
28,725931,3,Tax,2,Moderate
32,379667,3,Retirement,2,Moderate
46,988245,1,Retirement,25,Conservative
30,638223,2,Retirement,8,Moderate
43,908822,2,Retirement,20,Moderate
48,661376,1,Income,24,Conservative
45,300000,3,Income,18,Moderate
49,1692209,1,Wealth,23,Moderate
45,2635661,4,Wealth,18,Aggressive
60,423082,3,Wealth,37,Moderate
47,2488890,2,Wealth,24,Moderate
51,748509,5,Retirement,21,Moderate
24,300000,5,Wealth,0,Aggressive
37,1085502,3,Tax,11,Moderate
30,300000,3,Tax,7,Moderate
35,572570,2,Wealth,14,Moderate
38,1321877,5,Wealth,8,Aggressive
36,1124159,1,Wealth,10,Moderate
59,486766,1,Education,29,Conservative
38,1250972,1,Income,10,Conservative
26,1515099,1,Retirement,4,Moderate
31,528662,5,Retirement,5,Aggressive
39,634903,5,Retirement,9,Aggressive
28,926674,2,Retirement,1,Moderate
35,358497,3,Retirement,11,Moderate
57,457230,5,Wealth,28,Aggressive
47,1622428,5,Retirement,23,Aggressive
30,4026157,3,Education,3,Aggressive
35,1233433,4,Retirement,8,Moderate
31,970207,1,Tax,7,Conservative
52,2901273,5,Education,22,Aggressive
38,421573,5,Retirement,13,Moderate
31,854085,1,Retirement,1,Conservative
50,1439799,5,Wealth,21,Aggressive
54,450780,3,Wealth,28,Moderate
38,300000,5,Retirement,12,Moderate
47,1434059,2,Tax,23,Moderate
22,1570043,5,Retirement,0,Aggressive
38,1454814,1,Wealth,9,Moderate
24,1472996,3,Retirement,3,Moderate
26,858246,5,Retirement,0,Aggressive
35,890707,4,Wealth,12,Moderate
31,946824,3,Wealth,4,Moderate
30,1751019,3,Wealth,2,Aggressive
44,980201,4,Retirement,19,Aggressive
46,856205,5,Wealth,20,Aggressive
29,1018491,2,Wealth,3,Moderate
21,1101505,1,Wealth,0,Moderate
29,384147,3,Wealth,0,Moderate
53,2130581,2,Tax,24,Moderate
29,506998,1,Retirement,1,Conservative
30,847601,1,Income,7,Moderate
54,417883,5,Education,26,Moderate
23,699467,2,Wealth,0,Moderate
42,1173408,3,Tax,17,Moderate
28,1003288,3,Wealth,1,Aggressive
53,553708,5,Retirement,23,Moderate
51,498144,3,Wealth,29,Moderate
52,966928,1,Tax,28,Conservative
49,1717619,5,Wealth,25,Aggressive
37,2200030,1,Retirement,9,Moderate
44,3302126,1,Wealth,14,Moderate
49,493245,4,Tax,22,Moderate
56,470165,4,Wealth,28,Aggressive
27,742162,5,Education,2,Aggressive
25,713390,1,Wealth,0,Moderate
26,300000,5,Retirement,2,Aggressive
42,1451675,4,Tax,16,Aggressive
28,468588,5,Wealth,1,Aggressive
53,512724,2,Wealth,25,Moderate
52,1089873,5,Retirement,31,Aggressive
47,349311,2,Tax,18,Moderate
21,675062,5,Tax,0,Aggressive
31,1354004,2,Income,6,Conservative
50,834546,2,Wealth,26,Moderate
32,1359804,2,Wealth,2,Moderate
44,1602970,2,Tax,23,Moderate
50,759709,3,Wealth,25,Moderate
21,300000,3,Retirement,0,Moderate
21,1905406,5,Income,0,Aggressive
26,779858,4,Tax,1,Moderate
29,1402081,1,Income,0,Conservative
32,2098997,3,Tax,7,Moderate
27,300000,2,Retirement,0,Conservative
54,803860,3,Wealth,26,Aggressive
25,2374963,2,Wealth,4,Aggressive
56,697754,4,Wealth,30,Aggressive
28,1596235,3,Tax,1,Moderate
38,374553,1,Tax,10,Conservative
30,1127024,1,Wealth,9,Moderate
23,335774,3,Income,0,Conservative
48,1514972,3,Education,26,Moderate
65,587401,1,Wealth,40,Conservative
60,2192812,4,Retirement,32,Aggressive
40,2249545,5,Retirement,19,Aggressive
27,528178,3,Wealth,3,Aggressive
32,2612134,3,Tax,9,Moderate
29,534856,1,Income,2,Conservative
53,1296939,1,Retirement,25,Moderate
43,788257,1,Wealth,15,Moderate
51,599851,1,Wealth,26,Conservative
65,1412880,3,Tax,40,Moderate
43,563425,2,Tax,20,Moderate
34,541959,1,Retirement,5,Conservative
25,809347,4,Tax,0,Moderate
22,1522460,4,Retirement,0,Aggressive
29,951135,3,Wealth,4,Aggressive
45,627111,1,Wealth,24,Moderate
49,562761,5,Retirement,27,Aggressive
36,696567,1,Income,6,Conservative
33,1180770,3,Education,5,Moderate
23,380183,5,Wealth,0,Aggressive
34,507400,3,Income,13,Conservative
24,1400810,2,Wealth,1,Aggressive
46,451836,4,Tax,21,Moderate
26,538754,3,Retirement,2,Moderate
51,788871,1,Tax,29,Conservative
31,456328,1,Retirement,8,Conservative
53,584254,3,Retirement,32,Moderate
33,884673,4,Wealth,9,Aggressive
29,1332373,3,Wealth,2,Aggressive
46,472062,3,Wealth,18,Moderate
31,453766,1,Tax,4,Conservative
64,1790357,1,Tax,39,Conservative
27,512162,1,Retirement,3,Conservative
30,477266,4,Retirement,5,Moderate
42,300000,1,Retirement,17,Conservative
30,1749635,5,Wealth,5,Aggressive
38,2110624,5,Wealth,17,Aggressive
38,795163,3,Income,11,Conservative
33,924498,3,Tax,9,Moderate
53,806642,2,Wealth,28,Moderate
27,374488,5,Wealth,6,Aggressive
30,1244567,4,Wealth,1,Aggressive
36,2098627,3,Retirement,6,Aggressive
35,804946,3,Education,8,Moderate
55,1328585,4,Retirement,34,Aggressive
33,436493,5,Wealth,11,Aggressive
21,409956,2,Tax,0,Moderate
44,1118355,4,Retirement,16,Aggressive
33,2345300,2,Income,11,Moderate
36,527563,2,Retirement,9,Moderate
30,709863,3,Income,0,Moderate
26,1164637,5,Income,5,Aggressive
52,590134,2,Wealth,26,Moderate
25,1132496,4,Income,3,Moderate
42,414094,5,Wealth,13,Aggressive
62,1093295,1,Wealth,36,Moderate
35,685369,1,Wealth,14,Moderate
27,300000,4,Education,3,Moderate
21,391643,1,Retirement,0,Conservative
25,1014188,5,Wealth,3,Aggressive
29,2082512,5,Wealth,0,Aggressive
55,321979,3,Wealth,28,Moderate
60,1644124,5,Wealth,30,Aggressive
34,1078639,2,Wealth,9,Moderate
27,1578175,3,Wealth,4,Aggressive
34,723721,2,Wealth,6,Moderate
56,1253345,5,Wealth,30,Aggressive
32,2942245,3,Retirement,3,Aggressive
51,921340,4,Retirement,28,Aggressive
35,406511,4,Wealth,5,Moderate
30,2223991,4,Wealth,4,Aggressive
46,1168491,3,Tax,19,Moderate
38,956829,5,Tax,17,Aggressive
30,2821282,5,Tax,3,Aggressive
55,2158790,3,Education,34,Moderate
59,1127779,3,Wealth,29,Aggressive
29,428219,1,Wealth,5,Moderate
25,623148,1,Retirement,2,Conservative
33,921266,3,Wealth,5,Aggressive
30,790760,4,Wealth,7,Aggressive
32,578572,5,Retirement,4,Aggressive
38,703847,4,Retirement,14,Aggressive
33,1682641,2,Tax,3,Moderate
25,931746,2,Wealth,0,Moderate
46,579927,2,Tax,18,Moderate
31,1277654,4,Retirement,1,Aggressive
35,1193586,1,Retirement,7,Conservative
58,785893,2,Tax,30,Moderate
34,370884,3,Wealth,11,Moderate
42,741146,5,Retirement,16,Aggressive
28,800310,1,Retirement,0,Conservative
40,1494291,2,Wealth,12,Moderate
26,488592,5,Education,0,Aggressive
39,664206,5,Tax,13,Aggressive
41,2365828,1,Tax,13,Moderate
29,682413,4,Tax,0,Aggressive
53,790102,5,Wealth,24,Aggressive
22,2894062,1,Wealth,0,Moderate
27,430938,2,Tax,1,Moderate
47,2025394,1,Education,23,Conservative
28,616847,4,Tax,5,Moderate
43,938452,2,Wealth,16,Moderate
26,989213,4,Income,0,Moderate
35,684903,5,Retirement,8,Aggressive
49,417081,1,Tax,19,Conservative
23,507675,3,Retirement,0,Moderate
61,699030,4,Tax,31,Moderate
37,466344,1,Education,13,Conservative
40,803150,3,Retirement,11,Moderate
56,474070,3,Retirement,30,Moderate
36,429803,1,Income,7,Conservative
35,300000,2,Income,13,Conservative
65,2621512,3,Income,40,Moderate
27,752498,1,Retirement,0,Conservative
52,503025,1,Education,23,Conservative
31,406003,2,Wealth,4,Moderate
27,550338,1,Wealth,5,Moderate
47,300000,4,Wealth,21,Moderate
57,529420,4,Retirement,34,Moderate
31,1323889,2,Tax,9,Moderate
41,512787,5,Retirement,19,Aggressive
57,1242273,1,Education,31,Moderate
41,1530737,4,Wealth,15,Aggressive
21,1265146,4,Income,0,Aggressive
32,825640,1,Tax,2,Conservative
27,1835012,1,Wealth,0,Conservative
31,1770630,3,Retirement,1,Moderate
33,491492,2,Tax,3,Conservative
50,439655,3,Income,25,Moderate
48,592132,2,Tax,24,Conservative
34,648530,3,Education,9,Moderate
54,1830809,2,Tax,32,Moderate
34,1409717,1,Retirement,13,Moderate
32,886122,2,Tax,3,Conservative
55,908792,4,Tax,30,Moderate
28,375695,5,Retirement,5,Aggressive
50,1740565,4,Wealth,20,Aggressive
55,913454,2,Tax,25,Moderate
56,387073,2,Income,26,Conservative
54,300000,2,Education,33,Conservative
46,331078,5,Retirement,22,Moderate
35,848808,5,Tax,13,Moderate
60,300000,3,Income,33,Conservative
36,355783,2,Tax,7,Conservative
27,1128527,3,Retirement,0,Moderate
31,593803,4,Tax,4,Moderate
45,300000,5,Education,17,Aggressive
29,518178,1,Tax,0,Conservative
63,752866,5,Tax,38,Moderate
35,1555846,3,Wealth,14,Aggressive
27,1108060,1,Tax,0,Moderate
30,1080603,1,Wealth,9,Moderate
50,1334095,1,Income,29,Conservative
40,300000,5,Wealth,16,Aggressive
32,1926379,2,Wealth,11,Moderate
49,1929946,1,Wealth,28,Conservative
34,525195,4,Retirement,13,Aggressive
26,300000,4,Wealth,0,Aggressive
46,2044423,1,Wealth,24,Moderate
54,300000,4,Retirement,24,Moderate
63,1050604,4,Retirement,40,Moderate
46,587935,4,Wealth,16,Aggressive
35,529121,3,Wealth,9,Moderate
25,595710,3,Retirement,4,Aggressive
36,884570,4,Income,11,Moderate
29,300000,2,Retirement,0,Moderate
27,705386,4,Retirement,3,Aggressive
45,300000,3,Retirement,24,Moderate
30,566512,1,Wealth,1,Moderate
53,902881,4,Income,25,Moderate
52,1488444,5,Wealth,24,Aggressive
49,481897,3,Wealth,22,Moderate
25,2822746,3,Wealth,0,Aggressive
28,431290,3,Tax,0,Moderate
40,439142,1,Retirement,14,Conservative
47,1656089,5,Tax,19,Aggressive
24,677776,5,Wealth,0,Aggressive
39,914579,5,Tax,15,Moderate
40,572447,3,Wealth,16,Moderate
58,620538,4,Wealth,30,Aggressive
32,1029735,4,Tax,6,Moderate
59,1962655,5,Wealth,37,Aggressive
35,889248,3,Retirement,8,Moderate
57,1088306,4,Retirement,34,Aggressive
35,1602612,2,Tax,12,Conservative
53,582101,4,Tax,24,Moderate
31,406171,4,Income,10,Moderate
52,393583,2,Tax,29,Conservative
21,433562,4,Retirement,0,Moderate
28,388190,1,Wealth,5,Moderate
27,1740753,3,Retirement,3,Aggressive
65,300000,1,Wealth,40,Conservative
46,1218996,1,Wealth,23,Moderate
22,341950,3,Wealth,0,Moderate
59,2824600,1,Retirement,31,Moderate
28,1068498,4,Retirement,5,Aggressive
31,436558,5,Tax,1,Aggressive
42,551747,5,Income,19,Moderate
62,760182,1,Income,38,Conservative
36,1257892,5,Wealth,15,Aggressive
45,1019832,1,Tax,15,Moderate
43,798559,3,Retirement,17,Moderate
47,491480,2,Tax,21,Conservative
27,658099,1,Tax,1,Moderate
39,2062311,2,Wealth,10,Moderate
32,3575474,4,Wealth,4,Aggressive
46,1744267,3,Wealth,24,Aggressive
56,412797,5,Wealth,27,Aggressive
44,2197607,1,Wealth,21,Moderate
44,639554,1,Wealth,15,Moderate
32,807948,4,Tax,10,Moderate
27,333176,3,Tax,1,Moderate
48,872845,2,Wealth,22,Moderate
35,465298,3,Wealth,5,Moderate
38,2111480,4,Retirement,9,Aggressive
62,4784777,2,Tax,40,Moderate
42,805226,2,Income,12,Conservative
49,1125815,1,Retirement,27,Conservative
52,649914,1,Retirement,23,Conservative
30,876748,3,Tax,8,Moderate
67,532907,2,Wealth,40,Moderate
53,1002417,1,Wealth,30,Moderate
31,1067962,2,Retirement,6,Moderate
37,993665,2,Education,7,Moderate
54,1359526,5,Retirement,33,Aggressive
24,624646,1,Wealth,0,Moderate
53,5298263,1,Income,28,Conservative
33,510547,1,Income,11,Conservative
30,506825,5,Tax,9,Aggressive
28,300000,4,Retirement,0,Moderate
48,1371192,5,Income,26,Aggressive
24,300000,4,Retirement,0,Moderate
21,634642,3,Wealth,0,Moderate
26,476172,1,Education,0,Conservative
45,300000,4,Tax,15,Moderate
21,843084,2,Wealth,0,Moderate
40,2777432,4,Wealth,14,Aggressive
61,1343746,4,Tax,39,Moderate
34,472575,2,Income,13,Conservative
29,3246541,3,Education,0,Moderate
24,482631,1,Wealth,0,Moderate
62,1733259,5,Income,37,Moderate
37,300000,3,Wealth,9,Moderate
56,685162,5,Tax,31,Aggressive
36,350788,5,Wealth,15,Aggressive
53,3451175,3,Retirement,29,Aggressive
26,496528,4,Retirement,0,Aggressive
29,394474,3,Income,1,Conservative
57,1116377,5,Retirement,35,Aggressive
32,676883,3,Tax,6,Moderate
31,3623197,2,Income,5,Moderate
35,1000625,4,Wealth,11,Aggressive
54,843868,4,Wealth,29,Aggressive
52,1334803,5,Wealth,28,Aggressive
28,690202,4,Wealth,0,Moderate
33,952248,5,Retirement,5,Aggressive
29,448517,2,Wealth,0,Conservative
40,521623,5,Wealth,19,Aggressive
41,425200,2,Wealth,13,Moderate
57,1059377,2,Wealth,29,Moderate
25,506026,4,Retirement,0,Moderate
33,1391388,4,Tax,4,Aggressive
41,439815,5,Education,14,Moderate
54,409675,5,Wealth,28,Aggressive
49,952629,4,Tax,21,Moderate
54,888228,5,Retirement,29,Aggressive
34,1468662,3,Income,12,Moderate
55,352341,5,Wealth,31,Aggressive
41,300000,3,Wealth,19,Moderate
32,1888496,5,Retirement,7,Aggressive
46,312387,3,Education,22,Moderate
50,1440993,2,Retirement,26,Moderate
43,300000,1,Wealth,14,Moderate
43,1199699,5,Tax,20,Aggressive
59,799818,5,Income,33,Moderate
53,1070175,2,Income,26,Moderate
29,1379422,4,Income,5,Moderate
30,1564537,4,Wealth,0,Aggressive
40,1116272,4,Wealth,13,Aggressive
25,1446248,2,Tax,0,Moderate
44,1769337,1,Retirement,17,Moderate
42,1967009,4,Retirement,14,Aggressive
36,1158931,4,Retirement,9,Moderate
51,415371,5,Wealth,30,Aggressive
32,676104,2,Education,5,Moderate
29,752039,2,Tax,0,Conservative
31,500893,3,Wealth,8,Moderate
31,361341,5,Retirement,2,Moderate
31,1540559,3,Retirement,4,Moderate
33,994703,3,Retirement,10,Moderate
54,504767,1,Education,25,Conservative
41,827684,4,Retirement,16,Moderate
40,995060,2,Tax,14,Conservative
35,359511,3,Wealth,8,Moderate
23,461016,5,Retirement,1,Moderate
31,647055,2,Retirement,1,Conservative
34,723291,4,Education,4,Moderate
37,300000,2,Education,11,Moderate
33,1358863,1,Income,6,Conservative
43,823934,4,Income,15,Moderate
42,677514,4,Wealth,17,Aggressive
35,488772,2,Income,8,Conservative
38,396604,5,Education,12,Moderate
21,815123,3,Wealth,0,Moderate
28,900158,3,Retirement,0,Moderate
26,3200158,3,Retirement,0,Moderate
23,3407905,2,Tax,0,Moderate
61,554620,5,Wealth,31,Aggressive
35,412048,2,Tax,11,Conservative
51,332281,3,Income,24,Conservative
39,857210,3,Wealth,10,Moderate
64,336568,3,Wealth,40,Moderate
28,306922,5,Wealth,4,Aggressive
30,482107,1,Income,9,Conservative
55,526049,3,Wealth,30,Moderate
25,480107,3,Income,1,Conservative
52,300000,5,Retirement,29,Moderate
58,756404,2,Wealth,36,Moderate
31,746936,4,Wealth,2,Aggressive
24,2056269,4,Wealth,0,Aggressive
25,337910,5,Wealth,0,Aggressive
25,1165409,1,Wealth,3,Moderate
44,2812036,2,Tax,15,Moderate
50,300000,3,Wealth,29,Moderate
54,375746,2,Wealth,31,Moderate
50,334188,1,Tax,20,Conservative
49,1102290,3,Retirement,27,Moderate
30,1072268,5,Wealth,3,Aggressive
23,1571027,5,Wealth,0,Aggressive
26,852089,3,Wealth,0,Moderate
31,2843720,3,Education,4,Aggressive
35,1177672,5,Retirement,8,Aggressive
52,1945468,1,Tax,24,Moderate
25,898518,1,Tax,0,Conservative
30,615362,5,Retirement,6,Aggressive
38,712282,2,Wealth,15,Moderate
47,2106521,1,Education,21,Conservative
37,1405780,1,Retirement,15,Conservative
57,1347051,1,Wealth,33,Moderate
35,1614653,4,Tax,13,Moderate
33,969855,4,Income,10,Moderate
33,5785906,3,Tax,11,Moderate
33,689000,1,Retirement,8,Moderate
62,870018,4,Education,35,Moderate
42,588856,1,Wealth,14,Conservative
35,1143022,1,Wealth,9,Moderate
32,300000,3,Wealth,3,Moderate
60,300000,5,Wealth,33,Aggressive
54,512629,5,Retirement,28,Aggressive
41,1213021,1,Retirement,16,Moderate
30,1653840,3,Wealth,0,Aggressive
46,333617,4,Wealth,16,Moderate
24,300000,2,Retirement,3,Moderate
48,486127,3,Retirement,27,Conservative
53,480181,1,Income,30,Conservative
38,938614,5,Wealth,14,Aggressive
21,880017,4,Retirement,0,Moderate
50,2250842,3,Wealth,25,Aggressive
38,603397,5,Wealth,8,Aggressive
25,317795,3,Wealth,0,Moderate
44,998108,2,Income,15,Conservative
46,410038,3,Wealth,18,Moderate
28,414533,2,Income,7,Conservative
35,2646752,4,Tax,12,Aggressive
37,1546330,1,Wealth,11,Moderate
51,598067,1,Wealth,29,Conservative
38,2886357,2,Wealth,17,Aggressive
52,1441110,4,Wealth,30,Aggressive
50,1057885,3,Tax,29,Moderate
35,501544,3,Wealth,13,Moderate
52,300000,4,Wealth,25,Moderate
53,443031,2,Tax,29,Conservative
31,571539,2,Tax,5,Conservative
23,348800,1,Income,0,Conservative
52,879081,1,Wealth,24,Moderate
51,300000,4,Retirement,21,Moderate
45,2045809,3,Wealth,19,Aggressive
52,585293,5,Wealth,27,Aggressive
40,1352503,2,Income,16,Conservative
42,1341310,4,Wealth,20,Aggressive
57,339760,5,Retirement,28,Aggressive
40,300000,4,Income,14,Moderate
50,515019,3,Wealth,21,Moderate
51,1048466,5,Wealth,21,Aggressive
36,887056,2,Wealth,11,Moderate
34,1822984,4,Income,7,Moderate
53,1060910,4,Income,27,Moderate
29,1116859,1,Wealth,8,Moderate
40,457730,3,Tax,16,Moderate
38,674392,4,Education,10,Moderate
38,687133,2,Wealth,13,Moderate
21,1242374,5,Tax,0,Aggressive
35,1365628,1,Wealth,6,Moderate
34,685083,5,Retirement,5,Aggressive
59,700990,5,Wealth,30,Aggressive
41,1030955,1,Tax,18,Moderate
55,3118757,4,Tax,27,Moderate
25,300000,3,Tax,0,Moderate
63,422221,3,Income,38,Conservative
55,434428,5,Wealth,32,Aggressive
36,320873,5,Wealth,6,Aggressive
56,461914,3,Wealth,31,Moderate
27,1049517,2,Retirement,0,Moderate
53,1562915,2,Retirement,27,Moderate
37,947078,5,Wealth,16,Aggressive
34,933823,3,Education,8,Moderate
61,423717,1,Tax,39,Conservative
29,300000,4,Wealth,5,Aggressive
28,1047975,1,Retirement,4,Moderate
49,2050610,2,Income,19,Moderate
51,1576817,2,Wealth,27,Moderate
53,754603,2,Retirement,32,Moderate
34,851005,5,Tax,6,Moderate
28,2153772,5,Wealth,4,Aggressive
26,495217,1,Income,1,Conservative
37,587103,1,Wealth,13,Conservative
29,300000,1,Retirement,5,Conservative
41,1116408,2,Education,18,Moderate
24,568133,4,Retirement,2,Aggressive
58,653911,4,Income,32,Conservative
37,1299420,3,Income,16,Moderate
51,476285,3,Retirement,21,Moderate
23,1142146,2,Education,0,Moderate
45,1184317,3,Wealth,21,Aggressive
27,626219,4,Wealth,6,Aggressive
36,1450604,5,Income,14,Aggressive
49,750025,2,Retirement,28,Moderate
32,1330130,5,Tax,2,Aggressive
42,523674,3,Wealth,14,Moderate
54,1214184,5,Tax,28,Aggressive
51,628808,1,Income,26,Conservative
32,1019375,2,Tax,6,Moderate
35,1032321,2,Education,6,Moderate
48,609830,3,Tax,19,Moderate
37,597433,4,Wealth,13,Moderate
52,694855,5,Wealth,23,Aggressive
35,847637,5,Tax,10,Aggressive
35,1204637,5,Wealth,6,Aggressive
31,951831,5,Retirement,8,Aggressive
47,300000,3,Retirement,26,Moderate
38,1467145,5,Tax,17,Aggressive
60,1068988,1,Wealth,36,Moderate
24,1838560,5,Education,0,Aggressive
40,1460147,1,Education,12,Moderate
51,599596,5,Retirement,21,Aggressive
39,356189,4,Tax,16,Moderate
35,2855518,5,Wealth,14,Aggressive
39,1979416,2,Wealth,14,Moderate
53,1359249,5,Wealth,24,Aggressive
26,461717,4,Retirement,2,Moderate
30,323970,5,Education,6,Aggressive
42,594704,4,Wealth,17,Aggressive
46,1471638,1,Wealth,17,Moderate
50,300000,3,Wealth,20,Moderate
44,484787,3,Wealth,18,Moderate
23,5253967,1,Tax,0,Moderate
30,628207,5,Retirement,8,Aggressive
39,827551,2,Retirement,10,Conservative
48,791670,2,Tax,18,Moderate
28,2695468,4,Tax,5,Aggressive
35,643046,5,Retirement,9,Moderate
29,300000,4,Wealth,5,Aggressive
38,1658437,5,Income,13,Moderate
50,381406,5,Wealth,21,Aggressive
57,300000,5,Income,31,Moderate
57,2346125,2,Tax,36,Moderate
51,1356359,4,Income,21,Moderate
51,624264,1,Income,25,Conservative
36,1809075,1,Wealth,14,Moderate
21,1595459,3,Retirement,0,Moderate
33,499950,2,Wealth,8,Moderate
42,921165,1,Wealth,18,Conservative
25,748025,1,Wealth,2,Moderate
36,506107,4,Retirement,7,Moderate
30,831397,3,Tax,5,Moderate
40,1380195,4,Retirement,10,Aggressive
32,419093,2,Wealth,11,Conservative
61,1434115,4,Wealth,31,Aggressive
35,300000,5,Wealth,8,Aggressive
23,940158,4,Wealth,1,Aggressive
55,481418,2,Retirement,26,Conservative
30,2432460,3,Tax,9,Aggressive
43,300000,4,Income,22,Moderate
31,681729,1,Wealth,4,Moderate
32,450137,2,Wealth,9,Conservative
26,541829,1,Tax,0,Conservative
38,363480,4,Retirement,15,Moderate
49,909552,3,Wealth,23,Moderate
31,945095,3,Tax,2,Moderate
54,300000,4,Retirement,26,Moderate
22,1247101,2,Retirement,0,Moderate
30,300000,5,Wealth,6,Aggressive
28,822811,4,Wealth,7,Aggressive
35,2767489,4,Education,14,Aggressive
34,441520,3,Tax,9,Conservative
21,653905,4,Wealth,0,Aggressive
50,464096,4,Education,27,Moderate
43,504024,3,Wealth,16,Aggressive
60,1001760,3,Retirement,39,Moderate
56,2493724,2,Education,32,Moderate
30,786571,1,Income,9,Conservative
31,1857820,4,Retirement,3,Moderate
33,485105,5,Tax,9,Moderate
37,1751369,5,Retirement,13,Aggressive
22,2581633,4,Retirement,0,Aggressive
42,1891567,4,Tax,14,Moderate
57,1343442,3,Retirement,36,Moderate
21,1254423,2,Tax,0,Moderate
53,473996,2,Wealth,26,Moderate
38,300000,3,Wealth,8,Moderate
44,1283927,5,Wealth,17,Aggressive
55,465095,1,Income,28,Conservative
60,491475,5,Tax,38,Moderate
37,300000,5,Income,13,Moderate
32,539258,1,Education,11,Conservative
29,1724608,1,Wealth,1,Moderate
49,1574395,2,Wealth,24,Moderate
24,320241,1,Retirement,0,Conservative
57,409764,3,Wealth,31,Moderate
44,300000,1,Wealth,17,Moderate
35,1040956,5,Education,13,Aggressive
24,919049,3,Income,1,Moderate
33,975690,1,Wealth,8,Conservative
35,591046,2,Retirement,9,Moderate
51,1277034,2,Education,30,Moderate
59,657753,5,Retirement,37,Aggressive
48,1575681,4,Retirement,18,Moderate
41,374473,5,Retirement,16,Aggressive
32,1481979,1,Wealth,2,Moderate
37,1091469,5,Wealth,12,Aggressive
37,1279508,3,Income,7,Moderate
53,642181,5,Wealth,28,Aggressive
43,2752155,2,Wealth,18,Aggressive
24,488747,3,Wealth,1,Moderate
48,3979770,2,Retirement,22,Moderate
23,1102164,5,Tax,0,Aggressive
35,1797690,1,Retirement,8,Moderate
26,2232077,5,Wealth,0,Aggressive
55,1390877,3,Retirement,28,Moderate
59,2997480,2,Retirement,37,Moderate
35,1564411,5,Wealth,9,Aggressive
38,1347532,1,Tax,17,Conservative
46,1120966,1,Education,18,Conservative
43,1054462,4,Tax,20,Moderate
31,1765432,1,Wealth,5,Moderate
51,448833,5,Tax,30,Moderate
59,725176,1,Wealth,33,Moderate
34,1151605,1,Retirement,6,Moderate
30,485196,3,Education,4,Moderate
41,1584733,1,Education,14,Conservative
30,695468,5,Income,0,Moderate
39,329652,1,Retirement,18,Conservative
37,527855,2,Tax,11,Moderate
32,1579984,4,Wealth,5,Aggressive
43,388624,4,Education,16,Aggressive
57,411279,3,Retirement,33,Moderate
60,1159344,5,Retirement,36,Aggressive
51,320672,5,Retirement,24,Aggressive
22,1198684,3,Retirement,0,Moderate
58,300000,4,Retirement,31,Moderate
35,1124143,2,Retirement,6,Moderate
26,755190,4,Income,4,Moderate
31,2530562,4,Income,10,Moderate
44,300000,2,Wealth,16,Moderate
33,512822,4,Wealth,10,Moderate
39,1158324,1,Retirement,18,Moderate
29,779410,5,Wealth,6,Aggressive
25,568385,4,Tax,0,Moderate
33,300000,2,Wealth,10,Moderate
33,1082089,5,Wealth,4,Aggressive
27,3933949,5,Wealth,5,Aggressive
56,481126,4,Income,28,Conservative
32,849943,4,Education,7,Moderate
39,1031068,4,Wealth,15,Aggressive
33,609384,3,Retirement,9,Conservative
50,782329,5,Income,29,Moderate
29,390377,3,Retirement,5,Moderate
40,305410,4,Wealth,10,Moderate
32,2309003,2,Wealth,9,Moderate
38,739712,4,Wealth,16,Aggressive
57,1183712,4,Wealth,31,Aggressive
38,1095753,1,Wealth,13,Moderate
30,413377,1,Income,3,Conservative
57,323350,5,Income,30,Moderate
29,523443,5,Income,0,Moderate
27,941858,5,Tax,0,Aggressive
32,451750,3,Tax,9,Moderate
42,581042,5,Tax,12,Moderate
51,300000,1,Income,23,Conservative
30,784429,5,Wealth,1,Aggressive
47,849938,4,Tax,20,Moderate
49,803933,1,Income,22,Conservative
40,397978,3,Tax,13,Moderate
24,404186,3,Income,0,Conservative
53,375431,5,Wealth,25,Aggressive
47,598854,3,Retirement,20,Moderate
49,489587,3,Tax,22,Moderate
47,2164594,1,Wealth,18,Moderate
57,2852010,5,Wealth,36,Aggressive
36,1518738,5,Education,6,Aggressive
61,863655,4,Tax,40,Moderate
28,645405,5,Wealth,0,Aggressive
28,447310,5,Wealth,0,Aggressive
52,844304,1,Retirement,29,Conservative
31,719180,4,Education,8,Moderate
56,390842,4,Education,31,Moderate
26,463268,5,Retirement,0,Moderate
62,300000,2,Retirement,33,Conservative
50,395792,4,Retirement,27,Moderate
34,1065498,5,Tax,8,Aggressive
45,1661242,5,Wealth,18,Aggressive
44,1166156,1,Wealth,14,Moderate
29,566777,4,Income,7,Aggressive
24,300000,4,Retirement,0,Moderate
55,348948,2,Wealth,30,Conservative
37,1097943,5,Income,14,Moderate
29,1071736,4,Tax,0,Moderate
55,511258,3,Tax,31,Moderate
52,606722,4,Tax,27,Moderate
30,3103726,5,Retirement,4,Aggressive
38,300000,3,Income,9,Conservative
25,811863,2,Retirement,0,Conservative
31,344574,3,Wealth,5,Moderate
35,359704,1,Retirement,12,Conservative
25,1079487,3,Retirement,3,Aggressive
30,2643811,3,Wealth,7,Aggressive
33,1242319,3,Wealth,6,Moderate
40,2407465,5,Retirement,13,Aggressive
62,300000,2,Tax,39,Conservative
24,1137104,3,Retirement,0,Aggressive
29,1519669,1,Education,8,Moderate
32,679370,4,Tax,9,Moderate
44,1441894,3,Income,20,Moderate
46,4903072,4,Income,24,Moderate
33,895388,4,Wealth,7,Aggressive
51,612555,4,Income,21,Moderate
31,1785469,3,Wealth,9,Aggressive
37,1751254,5,Retirement,11,Aggressive
36,667394,3,Wealth,13,Moderate
26,547492,3,Retirement,4,Moderate
42,1749364,5,Wealth,20,Aggressive
40,593875,2,Education,11,Moderate
36,776207,5,Tax,11,Aggressive
63,997758,3,Wealth,34,Moderate
38,707737,3,Wealth,12,Moderate
35,817774,5,Wealth,6,Aggressive
57,452319,1,Tax,36,Conservative
53,1195431,5,Retirement,23,Aggressive
31,607127,4,Income,9,Moderate
44,2357400,5,Wealth,14,Aggressive
38,875476,1,Retirement,10,Conservative
29,1657032,4,Retirement,8,Aggressive
31,1252078,3,Education,1,Moderate
28,1766634,2,Tax,0,Moderate
54,589205,5,Retirement,31,Aggressive
29,351913,5,Retirement,3,Aggressive
27,429883,5,Tax,5,Moderate
58,408258,5,Income,29,Moderate
31,454678,1,Wealth,10,Conservative
32,354221,4,Wealth,3,Moderate
60,743305,1,Wealth,37,Moderate
33,1359897,2,Retirement,12,Moderate
43,326151,1,Wealth,21,Moderate
39,503347,5,Wealth,16,Aggressive
35,1649651,2,Retirement,10,Moderate
26,300000,2,Income,3,Conservative
41,805752,2,Wealth,11,Moderate
26,1217667,3,Retirement,0,Moderate
31,3472314,1,Education,3,Moderate
39,300000,2,Wealth,9,Moderate
55,320490,4,Wealth,29,Moderate
27,989407,2,Retirement,0,Moderate
27,620578,4,Wealth,1,Aggressive
51,300000,1,Retirement,23,Conservative
27,590312,4,Income,4,Moderate
53,427299,1,Retirement,32,Conservative
28,300000,1,Wealth,7,Moderate
34,617646,5,Tax,10,Aggressive
25,318761,5,Income,1,Moderate
51,439828,3,Tax,23,Moderate
52,2001295,5,Tax,29,Aggressive
31,2973240,4,Tax,9,Aggressive
31,428657,2,Wealth,5,Moderate
54,874112,1,Retirement,25,Conservative
52,1246942,5,Retirement,24,Aggressive
48,445861,1,Wealth,27,Moderate
32,408814,4,Wealth,7,Aggressive
48,1258377,5,Retirement,27,Aggressive
33,686802,5,Tax,11,Moderate
31,693236,2,Wealth,1,Moderate
28,355431,2,Education,6,Moderate
24,393955,5,Retirement,3,Aggressive
22,842338,1,Income,0,Conservative
50,594090,4,Wealth,29,Aggressive
50,859651,4,Tax,22,Moderate
32,1557333,2,Wealth,3,Moderate
31,894346,1,Retirement,4,Conservative
37,511436,1,Tax,15,Conservative
56,1519492,3,Tax,26,Moderate
44,787458,3,Wealth,16,Aggressive
45,2017904,3,Wealth,21,Aggressive
27,489884,4,Retirement,0,Moderate
26,743520,4,Tax,5,Aggressive
39,634948,5,Wealth,11,Aggressive
40,867517,5,Income,18,Aggressive
34,947739,4,Retirement,5,Moderate
34,801704,1,Income,9,Conservative
36,1417190,1,Tax,6,Conservative
35,1072928,2,Education,7,Conservative
26,4461573,3,Retirement,0,Aggressive
58,4991228,2,Tax,35,Moderate
53,492589,4,Retirement,23,Moderate
37,557119,1,Wealth,11,Moderate
39,327743,1,Wealth,17,Moderate
28,2493818,5,Wealth,2,Aggressive
27,592250,1,Retirement,1,Conservative
59,961932,4,Income,33,Conservative
32,346081,3,Wealth,7,Moderate
35,877668,2,Education,8,Conservative
36,300000,1,Retirement,7,Conservative
27,1859336,1,Retirement,3,Moderate
44,2909206,4,Wealth,14,Aggressive
31,1314341,4,Education,10,Moderate
61,414870,4,Wealth,40,Moderate
34,1188191,5,Wealth,4,Aggressive
39,925512,1,Tax,15,Conservative
39,2132492,2,Tax,9,Moderate
64,1457631,2,Retirement,40,Moderate
28,380090,2,Income,2,Conservative
35,1818720,5,Wealth,5,Aggressive
64,761845,3,Wealth,40,Moderate
31,2025296,5,Wealth,3,Aggressive
27,300000,1,Wealth,0,Moderate
47,1165369,5,Education,25,Aggressive
39,655897,4,Wealth,11,Aggressive
54,861881,2,Tax,30,Moderate
30,501300,1,Education,8,Moderate
21,1144754,1,Income,0,Conservative
32,418600,1,Retirement,7,Conservative
31,300000,1,Wealth,1,Conservative
56,476831,3,Tax,30,Conservative
47,480360,5,Wealth,21,Aggressive
30,646722,1,Wealth,5,Moderate
43,1327634,3,Income,20,Moderate
48,419438,5,Tax,26,Moderate
31,1401399,5,Education,5,Aggressive
38,1209773,3,Education,10,Moderate
39,1632815,4,Retirement,14,Aggressive
41,623087,4,Tax,12,Moderate
43,2400919,1,Tax,13,Moderate
44,654468,3,Wealth,20,Aggressive
26,1510444,3,Tax,3,Moderate
25,2601194,4,Wealth,3,Aggressive
33,1874452,3,Income,8,Conservative
30,743506,3,Education,0,Moderate
54,370825,1,Retirement,27,Conservative
57,412457,1,Tax,30,Conservative
38,403225,3,Tax,17,Conservative
59,498329,2,Wealth,34,Moderate
37,786877,2,Wealth,13,Moderate
41,1264905,3,Income,19,Moderate
45,1391116,4,Wealth,23,Aggressive
36,1580092,1,Tax,11,Conservative
60,1515148,2,Retirement,37,Moderate
29,739614,1,Tax,7,Conservative
34,1271525,3,Wealth,10,Aggressive
21,669417,1,Income,0,Conservative
37,997288,2,Retirement,12,Conservative
56,687402,3,Education,35,Moderate
54,793484,3,Retirement,30,Moderate
62,633194,3,Wealth,40,Moderate
31,300000,1,Wealth,4,Moderate
31,667491,4,Wealth,2,Aggressive
61,1229315,2,Income,38,Conservative
39,1566925,5,Wealth,15,Aggressive
50,1136097,2,Income,28,Moderate
29,412660,2,Retirement,0,Conservative
32,567402,5,Tax,9,Aggressive
32,300000,2,Income,5,Conservative
35,1296346,3,Retirement,12,Aggressive
34,431719,3,Retirement,12,Moderate
24,1046134,1,Tax,0,Moderate
53,1103562,5,Retirement,28,Aggressive
50,432801,3,Wealth,25,Moderate
48,974653,5,Tax,25,Aggressive
56,2863092,3,Wealth,33,Aggressive
29,630752,2,Retirement,7,Moderate
43,1722308,5,Retirement,16,Aggressive
32,971338,3,Wealth,11,Moderate
31,998553,4,Wealth,4,Aggressive
41,756110,5,Retirement,17,Aggressive
35,1548609,5,Retirement,9,Aggressive
52,722123,4,Retirement,29,Moderate
21,1227195,5,Retirement,0,Aggressive
31,1550752,1,Wealth,4,Moderate
44,1640884,2,Tax,21,Moderate
30,1196511,2,Retirement,0,Moderate
51,1371779,3,Wealth,29,Aggressive
45,823005,1,Income,16,Conservative
50,598858,4,Wealth,28,Aggressive
40,1015588,4,Wealth,11,Aggressive
29,1022282,2,Tax,1,Moderate
25,1018824,4,Wealth,0,Aggressive
25,1759262,2,Wealth,1,Moderate
21,825626,1,Retirement,0,Conservative
35,312665,1,Wealth,9,Conservative
30,300000,1,Tax,5,Conservative
55,919691,3,Wealth,28,Moderate
27,1654786,4,Tax,2,Aggressive
53,696157,3,Wealth,29,Moderate
41,3002649,5,Income,15,Aggressive
49,904506,4,Income,27,Moderate
29,4340333,5,Wealth,1,Aggressive
53,759165,1,Retirement,30,Conservative
37,2440542,3,Income,16,Moderate
28,605726,3,Wealth,3,Aggressive
53,1708455,2,Retirement,26,Moderate
43,1226141,1,Education,19,Moderate
29,1036339,2,Retirement,5,Moderate
43,1033212,1,Tax,20,Moderate
22,2192445,2,Tax,0,Moderate
29,721407,3,Tax,8,Moderate
58,881190,3,Education,37,Moderate
34,5523208,2,Tax,10,Moderate
58,1194348,2,Education,36,Moderate
27,1936545,4,Wealth,5,Aggressive
30,687837,3,Retirement,1,Conservative
60,561434,5,Retirement,37,Aggressive
41,1400644,5,Tax,18,Aggressive
31,952681,1,Wealth,5,Moderate
32,710277,4,Wealth,3,Aggressive
31,300000,2,Wealth,6,Moderate
32,300000,5,Wealth,4,Aggressive
31,300000,1,Wealth,8,Conservative
30,1035595,3,Tax,7,Moderate
40,384369,3,Retirement,12,Moderate
23,300000,5,Retirement,0,Moderate
41,439232,1,Wealth,12,Moderate
55,300000,3,Income,32,Moderate
33,527055,1,Income,3,Conservative
37,509091,3,Income,14,Conservative
35,1150160,3,Education,8,Moderate
30,903781,3,Income,2,Conservative
34,575636,2,Tax,9,Moderate
31,1279607,2,Retirement,8,Moderate
44,338268,1,Wealth,23,Moderate
46,577481,3,Wealth,16,Aggressive
39,464377,1,Income,14,Conservative
29,774010,5,Retirement,3,Aggressive
46,300000,3,Income,20,Conservative
23,3985769,3,Wealth,0,Aggressive
48,1032404,1,Wealth,27,Moderate
61,1056746,1,Wealth,35,Conservative
47,300000,5,Retirement,24,Moderate
39,940742,5,Retirement,16,Aggressive
26,689307,1,Tax,1,Moderate
51,1763035,2,Tax,28,Moderate
55,658546,4,Wealth,34,Aggressive
21,629225,5,Education,0,Aggressive
36,775288,4,Retirement,12,Moderate
48,2125338,5,Retirement,18,Aggressive
36,300000,5,Retirement,7,Aggressive
56,300000,5,Income,35,Moderate
53,300000,5,Tax,32,Aggressive
45,1718134,2,Retirement,18,Moderate
34,1582387,2,Tax,12,Moderate
51,346145,4,Income,23,Moderate
57,300000,1,Income,35,Conservative
24,1577016,4,Wealth,0,Aggressive
55,300000,2,Wealth,32,Moderate
22,659502,2,Tax,0,Moderate
32,548550,3,Education,11,Moderate
34,7856733,3,Retirement,12,Aggressive
33,718241,5,Retirement,5,Aggressive
58,1966553,3,Retirement,33,Moderate
47,1112661,1,Retirement,20,Conservative
50,578930,4,Wealth,27,Moderate
25,537433,4,Wealth,3,Aggressive
47,851383,2,Wealth,18,Moderate
25,857181,4,Retirement,1,Aggressive
24,565892,1,Income,0,Conservative
36,1191230,3,Wealth,11,Moderate
46,827309,3,Retirement,19,Moderate
38,494219,1,Retirement,14,Conservative
35,626223,3,Education,13,Moderate
54,1150861,5,Income,26,Moderate
43,384257,4,Retirement,18,Moderate
37,383986,3,Tax,15,Moderate
28,329246,4,Tax,4,Moderate
21,625920,1,Tax,0,Conservative
39,677106,3,Income,12,Conservative
35,370287,5,Retirement,7,Moderate
48,805696,5,Wealth,25,Aggressive
33,810360,1,Tax,5,Conservative
33,1544517,5,Wealth,9,Aggressive
41,1510352,1,Wealth,13,Moderate
36,300000,5,Tax,9,Moderate
45,986210,3,Wealth,16,Aggressive
31,300000,4,Tax,8,Moderate
37,1200529,4,Income,8,Moderate
41,1183446,2,Wealth,11,Moderate
43,399207,4,Wealth,19,Aggressive
56,1020335,5,Wealth,29,Aggressive
41,390851,2,Education,17,Moderate
32,734324,2,Wealth,11,Moderate
49,852161,3,Education,23,Moderate
37,669850,3,Education,9,Moderate
48,1354975,3,Wealth,18,Aggressive
51,465527,5,Retirement,21,Aggressive
40,1144879,5,Tax,11,Aggressive
29,340643,5,Wealth,4,Aggressive
21,300000,4,Retirement,0,Moderate
29,300000,1,Retirement,6,Conservative
38,402935,3,Retirement,16,Moderate
36,1274868,2,Retirement,8,Moderate
31,1182180,2,Tax,7,Moderate
54,690628,2,Wealth,33,Moderate
37,300000,1,Education,13,Conservative
49,2886420,5,Wealth,20,Aggressive
64,300000,5,Education,38,Moderate
41,1035136,5,Tax,11,Aggressive
40,605569,2,Tax,15,Conservative
34,1068149,1,Education,11,Moderate
24,2032022,4,Income,3,Aggressive
28,919040,1,Wealth,1,Moderate
31,1325036,1,Tax,2,Conservative
21,6936242,3,Retirement,0,Moderate
35,1640836,4,Retirement,13,Aggressive
52,300000,1,Wealth,26,Conservative
37,300000,4,Retirement,16,Moderate
29,1170610,1,Wealth,3,Moderate
36,582582,4,Wealth,8,Aggressive
58,1409057,4,Wealth,37,Aggressive
26,300000,4,Retirement,0,Moderate
28,1823262,3,Education,3,Moderate
40,750742,5,Income,17,Moderate
32,3480499,1,Wealth,3,Moderate
40,804163,3,Tax,18,Moderate
38,1172550,1,Tax,12,Conservative
41,618732,1,Tax,19,Conservative
50,586212,2,Tax,24,Moderate
51,989644,2,Wealth,26,Moderate
29,649395,3,Tax,4,Moderate
36,532770,1,Wealth,10,Conservative
37,1044288,3,Retirement,10,Moderate
23,538707,5,Tax,0,Aggressive
41,1068394,5,Wealth,11,Aggressive
67,300000,2,Retirement,40,Conservative
58,811279,2,Wealth,31,Moderate
49,705710,3,Income,26,Moderate
25,300000,5,Education,0,Moderate
41,341367,5,Retirement,11,Aggressive
25,300000,3,Retirement,0,Moderate
53,865742,5,Wealth,30,Aggressive
55,461369,2,Retirement,32,Moderate
33,643075,3,Wealth,3,Moderate
33,2046870,4,Tax,11,Aggressive
51,805768,4,Education,21,Moderate
39,988884,4,Income,17,Moderate
38,574552,5,Retirement,13,Aggressive
39,482059,2,Tax,18,Moderate
56,300000,2,Education,31,Conservative
29,1335885,5,Wealth,8,Aggressive
25,2375940,2,Wealth,2,Moderate
49,1829584,3,Wealth,20,Aggressive
27,351021,3,Tax,0,Moderate
28,1942153,5,Income,0,Aggressive
51,719889,2,Retirement,22,Moderate
25,2258034,5,Retirement,0,Aggressive
43,1055828,2,Wealth,15,Moderate
33,1004179,2,Retirement,12,Moderate
33,1023171,3,Wealth,3,Aggressive
52,300000,3,Wealth,31,Moderate
33,332896,3,Wealth,11,Moderate
49,520068,1,Wealth,20,Moderate
37,624615,5,Income,7,Moderate
36,874951,4,Wealth,9,Aggressive
51,583161,2,Retirement,23,Moderate
46,565740,1,Tax,23,Conservative
44,1920000,3,Wealth,19,Aggressive
35,2076107,5,Retirement,7,Aggressive
39,1231505,2,Wealth,16,Moderate
62,485423,2,Income,33,Conservative
29,1080902,1,Wealth,7,Moderate
60,1975495,3,Retirement,36,Moderate
42,678644,4,Income,17,Moderate
25,2063165,2,Tax,0,Moderate
41,3124710,3,Wealth,16,Aggressive
63,1596121,1,Retirement,36,Conservative
54,1244134,5,Wealth,31,Aggressive
52,1027730,5,Wealth,28,Aggressive
34,1256435,1,Retirement,4,Moderate
24,1080472,4,Wealth,2,Aggressive
26,342206,5,Wealth,0,Aggressive
57,2045774,1,Income,35,Conservative
40,855951,5,Retirement,10,Aggressive
36,4440414,1,Education,14,Moderate
27,5589635,5,Wealth,0,Aggressive
31,676242,4,Tax,1,Moderate
29,930291,1,Tax,3,Conservative
38,596478,4,Tax,15,Moderate
45,413622,4,Tax,15,Moderate
52,774344,2,Wealth,31,Moderate
32,824808,1,Retirement,11,Conservative
33,323620,4,Income,12,Moderate
59,368430,2,Retirement,37,Moderate
30,300000,2,Retirement,0,Conservative
28,355723,4,Wealth,2,Moderate
53,1456619,3,Tax,23,Moderate
41,2213869,1,Income,12,Moderate
58,300000,1,Wealth,37,Conservative
57,315499,3,Education,27,Moderate
55,1902729,1,Wealth,25,Moderate
32,443507,4,Retirement,8,Moderate
26,583706,2,Retirement,1,Moderate
68,498188,2,Tax,38,Conservative
57,1531658,3,Retirement,31,Moderate
59,2601439,4,Wealth,29,Aggressive
34,848781,4,Education,13,Moderate
43,592850,2,Retirement,20,Aggressive
29,690498,5,Wealth,0,Aggressive
42,1504982,5,Retirement,20,Aggressive
48,1164284,1,Retirement,24,Conservative
48,676423,1,Wealth,23,Conservative
22,781851,1,Tax,0,Conservative
32,487716,4,Retirement,3,Moderate
35,504819,2,Wealth,8,Moderate
27,302882,4,Wealth,1,Moderate
48,1797560,3,Retirement,19,Moderate
37,300000,2,Income,9,Conservative
57,979923,2,Retirement,30,Moderate
38,791194,2,Income,11,Conservative
32,754797,2,Tax,3,Conservative
40,525134,1,Tax,19,Conservative
33,656235,2,Tax,6,Conservative
42,2763431,4,Tax,16,Aggressive
42,848463,2,Retirement,20,Moderate
36,902632,3,Retirement,9,Moderate
43,922870,5,Wealth,21,Aggressive
34,493335,4,Retirement,12,Moderate
28,541674,4,Tax,0,Aggressive
51,1165957,4,Wealth,28,Aggressive
54,447593,1,Wealth,25,Conservative
56,753391,3,Wealth,30,Moderate
40,1817718,2,Wealth,16,Aggressive
31,504212,3,Income,4,Conservative
58,746522,2,Income,31,Conservative
61,663790,1,Wealth,37,Moderate
29,1145908,5,Income,6,Aggressive
52,892460,1,Retirement,28,Conservative
35,499441,3,Retirement,9,Moderate
22,555155,1,Retirement,0,Conservative
53,514970,3,Tax,29,Moderate
25,486717,3,Tax,0,Moderate
56,300000,3,Wealth,32,Moderate
26,915052,1,Retirement,0,Conservative
50,504596,5,Retirement,24,Aggressive
52,1130922,2,Education,27,Moderate
38,855293,5,Wealth,17,Aggressive
65,618891,2,Tax,38,Conservative
32,584496,1,Retirement,9,Conservative
29,319869,3,Tax,0,Moderate
56,882497,2,Wealth,26,Moderate
27,760544,2,Wealth,1,Moderate
28,521123,1,Income,3,Conservative
26,300000,4,Wealth,0,Aggressive
49,697981,2,Income,22,Conservative
39,735270,1,Retirement,14,Conservative
37,1743555,5,Tax,12,Aggressive
28,827588,4,Wealth,4,Aggressive
56,1855600,5,Tax,32,Aggressive
56,519122,3,Income,33,Moderate
57,669354,3,Wealth,29,Moderate
54,398117,2,Income,28,Conservative
46,669557,5,Retirement,19,Aggressive
57,1437910,4,Wealth,34,Aggressive
48,1466991,5,Income,19,Moderate
57,941639,1,Wealth,27,Moderate
57,314342,5,Income,30,Moderate
24,301451,2,Retirement,0,Moderate
42,677370,5,Tax,18,Aggressive
52,501318,1,Tax,31,Conservative
35,1282329,4,Retirement,6,Moderate
45,1123049,3,Income,21,Moderate
67,1026157,1,Retirement,38,Moderate
31,540264,1,Income,7,Conservative
26,893803,3,Retirement,0,Moderate
33,1018447,5,Wealth,3,Aggressive
27,633947,2,Retirement,5,Moderate
42,681670,4,Income,14,Moderate
32,996843,5,Wealth,8,Aggressive
62,374608,3,Tax,34,Conservative
26,537748,2,Retirement,2,Moderate
33,508524,4,Wealth,8,Aggressive
32,1606140,2,Income,8,Conservative
33,555380,3,Retirement,10,Moderate
51,821876,2,Tax,28,Conservative
35,1266858,4,Retirement,6,Aggressive
59,473991,5,Wealth,31,Aggressive
53,1488344,3,Education,28,Moderate
39,1580264,2,Wealth,17,Moderate
53,300000,3,Retirement,29,Moderate
29,1034541,4,Wealth,3,Aggressive
30,1662981,4,Wealth,4,Aggressive
59,615944,5,Wealth,33,Aggressive
37,1176522,4,Tax,14,Aggressive
39,318973,5,Wealth,15,Aggressive
44,300000,1,Retirement,18,Conservative
24,599076,5,Retirement,3,Aggressive
32,407178,2,Income,3,Conservative
21,1034513,1,Tax,0,Moderate
36,1011363,4,Tax,9,Moderate
40,2767980,2,Income,10,Conservative
43,1408928,2,Retirement,14,Moderate
22,530495,2,Income,0,Conservative
40,832129,4,Income,10,Moderate
32,938664,4,Income,6,Conservative
32,1166505,2,Retirement,4,Moderate
47,300000,1,Income,23,Conservative
21,587062,2,Retirement,0,Moderate
44,1672055,4,Wealth,14,Aggressive
33,1062633,4,Wealth,12,Aggressive
26,828736,5,Tax,4,Aggressive
38,560529,3,Wealth,8,Moderate
36,735218,1,Wealth,15,Moderate
50,829986,5,Retirement,29,Aggressive
45,426151,3,Wealth,20,Moderate
36,972112,4,Wealth,15,Aggressive
40,846712,3,Tax,19,Moderate
52,601673,4,Tax,22,Moderate
41,600546,2,Education,12,Conservative
25,337045,1,Tax,0,Conservative
58,1751696,4,Wealth,37,Aggressive
33,1140871,4,Retirement,6,Aggressive
40,985906,4,Retirement,15,Moderate
23,1174739,3,Retirement,0,Moderate
32,300000,4,Education,9,Moderate
55,2642547,2,Wealth,29,Moderate
58,300000,5,Tax,30,Moderate
38,1502916,5,Tax,9,Aggressive
53,860705,5,Education,31,Moderate
24,382529,4,Income,0,Moderate
55,867231,2,Income,32,Conservative
57,1132917,3,Education,33,Moderate
52,566417,1,Wealth,24,Moderate
51,1868549,3,Retirement,28,Moderate
36,300000,4,Wealth,12,Moderate
39,383001,2,Income,16,Conservative
39,332396,1,Retirement,16,Conservative
29,300000,4,Tax,7,Moderate
35,905605,2,Wealth,5,Moderate
32,2478067,3,Wealth,3,Aggressive
57,1461890,2,Wealth,34,Moderate
60,650786,2,Tax,39,Conservative
41,2131520,3,Retirement,14,Aggressive
52,1658339,5,Tax,23,Aggressive
21,503937,1,Retirement,0,Conservative
59,656116,3,Wealth,34,Moderate
34,987253,1,Wealth,11,Moderate
47,466352,4,Education,26,Moderate
27,402831,4,Tax,3,Aggressive
39,1351269,5,Tax,11,Aggressive
37,1589618,5,Tax,12,Aggressive
32,394756,3,Retirement,4,Conservative
53,1040038,3,Wealth,30,Moderate
34,1028155,1,Income,6,Conservative
53,372344,3,Education,29,Moderate
33,1010891,5,Retirement,6,Aggressive
33,1158092,5,Retirement,4,Aggressive
34,1197171,5,Wealth,12,Aggressive
51,656047,1,Wealth,30,Moderate
24,986394,3,Tax,0,Moderate
30,908400,3,Retirement,8,Moderate
32,845635,1,Education,8,Conservative
37,1479847,1,Wealth,10,Moderate
54,406884,2,Wealth,33,Moderate
47,439202,1,Education,20,Conservative
37,377393,3,Tax,13,Conservative
40,1588674,3,Retirement,19,Moderate
48,785986,5,Wealth,23,Aggressive
28,514375,5,Wealth,4,Aggressive
23,1927586,2,Education,0,Conservative
26,673587,1,Retirement,1,Moderate
23,300000,4,Education,0,Moderate
41,504801,2,Retirement,15,Moderate
38,848203,1,Education,11,Conservative
27,1028169,3,Income,5,Moderate
54,493611,2,Wealth,26,Moderate
30,588555,2,Retirement,0,Moderate
35,561006,1,Education,9,Conservative
55,1232001,3,Tax,33,Moderate
34,2014701,1,Income,6,Conservative
37,472456,3,Tax,8,Conservative
53,2116005,3,Wealth,26,Aggressive
37,894775,5,Income,7,Moderate
31,706299,4,Tax,4,Aggressive
26,640890,5,Retirement,4,Aggressive
33,399075,2,Tax,9,Moderate
33,432249,2,Wealth,5,Moderate
63,389191,1,Education,38,Conservative
27,363073,1,Wealth,0,Conservative
32,1026898,1,Tax,5,Moderate
22,3387156,5,Retirement,0,Aggressive
34,460360,3,Retirement,6,Moderate
48,641074,4,Wealth,20,Aggressive
31,1553984,2,Wealth,9,Moderate
48,385308,2,Wealth,21,Conservative
56,300000,1,Wealth,30,Moderate
28,300000,5,Wealth,5,Aggressive
32,810918,1,Retirement,10,Conservative
21,499805,5,Tax,0,Moderate
53,309698,3,Retirement,31,Moderate
34,485852,1,Wealth,12,Conservative
54,1424187,3,Income,26,Conservative
31,575061,2,Wealth,2,Conservative
35,1385657,2,Wealth,5,Moderate
45,1046489,2,Retirement,15,Moderate
25,853508,3,Retirement,0,Moderate
53,758818,1,Income,30,Conservative
60,1224488,5,Wealth,32,Aggressive
54,936984,5,Retirement,31,Aggressive
35,873779,1,Wealth,8,Moderate
30,300000,4,Wealth,4,Aggressive
33,613028,5,Tax,9,Aggressive
33,300000,5,Tax,12,Moderate
40,357643,1,Retirement,10,Conservative
34,1541713,1,Wealth,6,Moderate
24,682155,1,Education,0,Conservative
46,2418785,4,Wealth,22,Aggressive
31,1261971,3,Retirement,10,Moderate
35,470095,2,Tax,14,Conservative
30,569888,3,Retirement,2,Moderate
24,1192773,3,Wealth,0,Aggressive
25,1111750,1,Wealth,4,Moderate
22,1489909,1,Education,0,Moderate
37,300000,1,Income,8,Conservative
28,300000,2,Wealth,0,Moderate
42,497058,3,Wealth,21,Moderate
35,1210846,2,Wealth,13,Moderate
45,1323781,5,Income,22,Aggressive
53,300000,3,Wealth,28,Moderate
44,410306,2,Wealth,16,Moderate
53,1123927,2,Tax,32,Conservative
56,371637,4,Income,34,Moderate
21,927139,2,Retirement,0,Moderate
26,1056810,2,Wealth,0,Moderate
50,542055,4,Income,20,Moderate
28,810489,2,Retirement,6,Moderate
29,701496,3,Tax,4,Moderate
29,1100905,1,Wealth,3,Moderate
52,659950,3,Retirement,26,Moderate
21,300000,1,Wealth,0,Moderate
31,1152407,4,Wealth,7,Aggressive
44,763180,2,Tax,15,Conservative
45,1146712,4,Income,24,Aggressive
34,431825,4,Income,6,Moderate
68,647457,4,Retirement,40,Moderate
29,547794,3,Income,2,Conservative
22,1471755,4,Retirement,0,Aggressive
51,1251436,2,Retirement,22,Moderate
45,2244716,5,Tax,16,Aggressive
52,722168,4,Wealth,24,Aggressive
58,325907,1,Retirement,32,Conservative
30,377228,2,Tax,7,Moderate
48,1485149,2,Retirement,26,Moderate
40,1978627,5,Wealth,13,Aggressive
35,310373,2,Education,9,Moderate
38,551839,2,Wealth,13,Moderate
26,359529,4,Wealth,0,Aggressive
58,3174903,5,Income,31,Aggressive
50,1027599,4,Income,26,Moderate
32,424516,5,Tax,10,Aggressive
56,408637,5,Tax,28,Aggressive
41,2167772,4,Income,16,Aggressive
36,1230710,2,Tax,10,Moderate
45,803078,3,Education,21,Moderate
29,580887,4,Retirement,7,Aggressive
47,591520,5,Wealth,23,Aggressive
33,300000,4,Wealth,7,Aggressive
59,478277,2,Wealth,30,Moderate
46,570003,3,Income,24,Moderate
45,713420,2,Wealth,19,Moderate
25,741614,5,Tax,0,Moderate
26,1535473,5,Wealth,1,Aggressive
32,470952,5,Retirement,9,Moderate
40,2096958,5,Retirement,15,Aggressive
27,722062,3,Education,0,Moderate
29,1010398,3,Wealth,3,Aggressive
30,1637003,5,Retirement,8,Aggressive
42,1150246,4,Tax,12,Moderate
28,1329854,1,Wealth,2,Moderate
32,521729,4,Wealth,10,Aggressive
32,707417,4,Wealth,11,Aggressive
60,1323527,5,Wealth,37,Aggressive
34,1344767,3,Wealth,5,Moderate
56,898917,3,Retirement,26,Moderate
40,1316310,4,Wealth,11,Aggressive
51,449303,4,Wealth,28,Aggressive
40,1274597,4,Wealth,19,Aggressive
50,1525446,5,Wealth,24,Aggressive
55,802194,2,Wealth,25,Moderate
33,906225,1,Tax,7,Moderate
28,300000,5,Wealth,0,Aggressive
29,2112971,1,Wealth,3,Aggressive
53,1022519,2,Wealth,26,Moderate
45,1207225,2,Tax,20,Moderate
24,1014290,5,Wealth,3,Aggressive
45,1109009,3,Wealth,17,Aggressive
33,1054955,3,Education,10,Moderate
36,2259064,1,Retirement,10,Moderate
33,4557279,3,Tax,4,Moderate
22,1723048,4,Income,0,Moderate
49,1928304,4,Wealth,28,Aggressive
29,588190,2,Income,8,Conservative
50,691023,5,Tax,22,Moderate
27,1040325,3,Wealth,0,Aggressive
33,1172876,2,Wealth,3,Moderate
44,1047510,4,Retirement,23,Aggressive
29,410419,3,Wealth,1,Moderate
55,600737,3,Wealth,27,Moderate
37,623122,5,Education,9,Aggressive
25,1114074,3,Wealth,4,Aggressive
30,643936,3,Retirement,0,Moderate
37,699178,5,Tax,7,Aggressive
33,669853,1,Retirement,4,Moderate
34,1249838,3,Education,12,Moderate
33,1869308,5,Tax,4,Aggressive
48,460937,2,Retirement,24,Conservative
53,1374015,2,Tax,26,Conservative
51,427702,4,Education,26,Moderate
50,1271682,5,Wealth,23,Aggressive
46,332232,3,Income,22,Conservative
49,2120368,2,Wealth,20,Aggressive
29,665666,3,Tax,1,Moderate
28,937467,5,Retirement,6,Aggressive
35,873104,2,Tax,11,Conservative
42,2086984,4,Retirement,16,Aggressive
49,508163,2,Tax,28,Conservative
36,775967,4,Tax,9,Moderate
24,899165,5,Income,0,Moderate
36,1594342,1,Income,13,Conservative
43,473409,5,Wealth,20,Aggressive
37,300000,4,Tax,16,Moderate
25,360975,3,Retirement,1,Moderate
52,1338426,2,Wealth,23,Moderate
30,850090,2,Wealth,6,Moderate
24,767708,4,Wealth,0,Aggressive
55,445856,2,Retirement,27,Conservative
21,846341,4,Retirement,0,Aggressive
39,1151282,3,Wealth,16,Aggressive
40,742037,1,Retirement,19,Conservative
35,1998134,5,Income,8,Aggressive
42,1455454,3,Wealth,13,Aggressive
28,734995,3,Wealth,0,Moderate
33,1307114,2,Tax,4,Moderate
38,845956,2,Wealth,10,Aggressive
63,999541,1,Wealth,40,Conservative
26,685551,4,Education,2,Aggressive
39,913755,4,Retirement,12,Moderate
42,300000,3,Retirement,21,Moderate
33,461218,3,Tax,11,Moderate
53,1842968,2,Retirement,25,Moderate
57,643653,4,Income,27,Moderate
29,385562,1,Retirement,6,Conservative
27,2572206,3,Retirement,0,Aggressive
51,654720,2,Retirement,26,Moderate
34,1172333,5,Education,8,Aggressive
40,563481,5,Retirement,19,Aggressive
37,1539239,5,Wealth,15,Aggressive
30,808947,5,Wealth,2,Aggressive
50,300000,3,Wealth,27,Moderate
39,3442581,4,Tax,17,Aggressive
32,535574,4,Wealth,5,Aggressive
42,646024,4,Tax,14,Moderate
53,345609,1,Income,23,Conservative
51,300000,1,Tax,27,Conservative
48,1736420,4,Income,27,Moderate
37,932489,3,Wealth,9,Moderate
31,300000,5,Tax,9,Moderate
59,619126,5,Tax,37,Aggressive
30,1050342,4,Wealth,0,Aggressive
60,1229674,2,Tax,35,Moderate
52,433851,3,Retirement,29,Moderate
30,563002,2,Tax,0,Conservative
35,502041,2,Tax,11,Moderate
38,619741,3,Wealth,8,Moderate
37,943651,3,Wealth,12,Moderate
31,1423648,1,Tax,6,Conservative
35,949871,1,Wealth,7,Moderate
37,971098,5,Retirement,7,Moderate
36,704438,1,Tax,11,Conservative
58,354920,2,Income,32,Conservative
57,728048,3,Wealth,27,Moderate
36,598658,5,Retirement,14,Aggressive
22,498228,1,Tax,1,Conservative
51,815746,5,Tax,25,Aggressive
31,300000,4,Tax,7,Moderate
43,582280,1,Wealth,22,Moderate
35,497780,5,Wealth,8,Aggressive
42,447827,3,Tax,16,Moderate
39,1209414,2,Wealth,9,Moderate
36,879243,3,Wealth,11,Moderate
29,1119407,4,Retirement,5,Aggressive
33,1087768,1,Income,6,Conservative
45,404230,4,Wealth,22,Aggressive
24,1733236,2,Income,0,Conservative
37,577462,1,Retirement,8,Conservative
46,1777169,1,Tax,18,Moderate
53,616959,2,Wealth,23,Moderate
50,330668,4,Wealth,21,Moderate
50,386657,3,Wealth,25,Moderate
37,1566075,2,Income,9,Conservative
47,1179999,5,Tax,26,Aggressive
29,477933,3,Income,0,Conservative
27,939273,1,Tax,0,Conservative
30,1591599,2,Tax,8,Moderate
21,2521874,2,Retirement,0,Moderate
33,896943,5,Wealth,4,Aggressive
32,1010127,4,Wealth,4,Aggressive
41,719336,5,Retirement,13,Aggressive
64,813415,5,Retirement,40,Moderate
37,1205599,4,Wealth,14,Aggressive
56,377291,1,Retirement,27,Conservative
53,1270614,2,Income,29,Conservative
53,614606,3,Tax,27,Moderate
29,480811,1,Retirement,7,Conservative
37,482040,1,Wealth,14,Conservative
34,3053463,1,Wealth,13,Moderate
55,1999031,3,Income,32,Moderate
33,440473,2,Retirement,6,Conservative
28,974209,1,Tax,3,Conservative
21,946874,5,Income,0,Moderate
43,2712994,3,Retirement,20,Aggressive
44,592559,4,Tax,23,Aggressive
59,300000,2,Income,37,Conservative
53,740642,5,Wealth,31,Aggressive
60,666285,3,Wealth,36,Moderate
30,1109695,3,Income,0,Moderate
40,1470513,4,Income,12,Moderate
41,1796192,3,Retirement,18,Moderate
32,1755890,2,Retirement,2,Conservative
38,1270191,5,Tax,15,Aggressive
37,1682504,3,Wealth,15,Moderate
31,309661,4,Wealth,10,Moderate
33,673264,2,Income,5,Conservative
33,809693,3,Tax,9,Moderate
55,1108583,1,Tax,33,Moderate
39,519123,1,Retirement,15,Conservative
33,504088,4,Retirement,9,Aggressive
27,628973,1,Education,1,Moderate
52,1093560,1,Tax,25,Conservative
47,300000,2,Wealth,23,Moderate
50,795586,2,Wealth,25,Moderate
24,486179,5,Wealth,0,Aggressive
50,441707,5,Wealth,24,Aggressive
55,1017127,5,Income,31,Moderate
35,891585,2,Retirement,7,Moderate
30,930178,2,Retirement,7,Moderate
31,907646,2,Education,9,Moderate
44,2148143,1,Wealth,23,Moderate
23,1839119,5,Retirement,2,Aggressive
41,303979,1,Wealth,19,Moderate
29,572739,5,Retirement,0,Aggressive
32,622488,4,Wealth,2,Moderate
55,300000,1,Wealth,34,Conservative
33,5428903,5,Wealth,9,Aggressive
51,866412,3,Wealth,25,Moderate
35,351684,4,Education,7,Moderate
40,1701696,1,Wealth,14,Moderate
28,885094,1,Retirement,5,Moderate
58,473721,3,Tax,31,Moderate
36,1313111,2,Income,10,Conservative
63,1531275,3,Education,40,Moderate
63,1308334,2,Retirement,40,Moderate
55,1182793,1,Wealth,30,Conservative
45,491606,2,Tax,23,Conservative
28,300000,3,Retirement,7,Moderate
33,347373,5,Retirement,3,Moderate
56,577794,4,Retirement,32,Aggressive
22,300000,1,Income,0,Conservative
35,2846610,4,Retirement,14,Aggressive
43,401615,3,Tax,16,Moderate
52,706045,4,Retirement,31,Aggressive
56,886873,5,Wealth,31,Aggressive
61,1743256,5,Wealth,36,Aggressive
47,1134650,5,Tax,25,Aggressive
30,925232,3,Wealth,5,Aggressive
55,4137335,5,Education,29,Aggressive
50,2486282,1,Retirement,27,Conservative
31,1062972,5,Income,10,Moderate
24,987508,3,Retirement,2,Moderate
56,734831,5,Wealth,30,Aggressive
55,1340923,4,Wealth,32,Aggressive
52,621819,5,Wealth,29,Aggressive
31,480076,3,Wealth,10,Moderate
23,2138191,4,Retirement,0,Aggressive
51,472034,2,Wealth,27,Moderate
38,786158,1,Retirement,15,Conservative
21,614534,5,Wealth,0,Aggressive
47,769134,3,Retirement,23,Moderate
37,928463,1,Tax,15,Conservative
43,809608,4,Retirement,14,Moderate
22,436530,3,Retirement,0,Moderate
45,605728,5,Wealth,21,Aggressive
35,1274291,5,Retirement,11,Aggressive
61,942765,2,Education,36,Moderate
53,1063061,1,Education,29,Conservative
50,1518052,5,Wealth,29,Aggressive
53,1176001,4,Tax,29,Moderate
64,529954,4,Retirement,34,Moderate
30,1012129,4,Wealth,0,Aggressive
50,994930,4,Tax,25,Moderate
37,300000,1,Wealth,11,Conservative
40,300000,2,Tax,13,Moderate
48,1100741,2,Retirement,26,Moderate
31,543660,3,Wealth,10,Moderate
31,583536,1,Income,6,Conservative
27,976297,3,Wealth,1,Moderate
51,814724,5,Retirement,26,Aggressive
37,774668,3,Tax,13,Moderate
27,2297612,4,Income,5,Aggressive
49,676692,2,Wealth,26,Moderate
34,967303,2,Wealth,12,Moderate
30,533902,2,Wealth,0,Moderate
56,1663868,1,Wealth,31,Moderate
52,1020255,4,Tax,28,Moderate
30,2766060,3,Wealth,9,Aggressive
29,891050,5,Tax,0,Aggressive
64,1001023,1,Tax,37,Conservative
47,783929,5,Income,17,Moderate
32,2424033,1,Tax,5,Moderate
21,1043384,4,Education,0,Moderate
53,761271,1,Tax,28,Moderate
21,431154,5,Wealth,0,Aggressive
35,300000,1,Education,13,Conservative
39,859532,4,Wealth,17,Aggressive
58,652016,2,Wealth,30,Moderate
44,300000,1,Tax,23,Conservative
33,604907,5,Retirement,5,Aggressive
55,389158,5,Wealth,26,Aggressive
51,2589636,1,Wealth,21,Moderate
52,771466,4,Wealth,27,Aggressive
34,1916908,3,Education,13,Moderate
30,1105081,2,Retirement,8,Moderate
45,1643270,4,Tax,19,Aggressive
30,4035458,3,Wealth,9,Aggressive
29,1428480,5,Retirement,8,Aggressive
45,7622920,1,Retirement,21,Moderate
52,1248009,5,Retirement,29,Aggressive
37,1893623,1,Retirement,9,Conservative
25,637906,2,Wealth,0,Moderate
31,300000,1,Tax,10,Conservative
25,300000,5,Retirement,1,Moderate
30,1496537,3,Retirement,4,Moderate
24,573656,3,Education,0,Moderate
25,635450,3,Tax,0,Aggressive
33,628782,1,Retirement,7,Conservative
37,505473,4,Wealth,9,Aggressive
54,2571513,5,Income,32,Aggressive
35,434753,5,Retirement,7,Moderate
50,1135173,4,Retirement,22,Moderate
27,1135126,3,Retirement,0,Moderate
25,300000,3,Tax,0,Moderate
28,1207071,5,Tax,7,Aggressive
52,360459,1,Wealth,24,Conservative
54,756772,1,Wealth,33,Conservative
38,616322,2,Wealth,17,Moderate
54,836841,3,Wealth,24,Moderate
34,1228728,5,Income,9,Moderate
54,435157,1,Education,25,Conservative
34,535831,2,Retirement,6,Moderate
43,300000,4,Wealth,19,Aggressive
51,376496,1,Retirement,27,Conservative
37,1372508,1,Wealth,7,Moderate
35,621841,5,Tax,6,Moderate
56,1524522,3,Wealth,29,Aggressive
49,414324,5,Wealth,24,Aggressive
52,470004,4,Income,30,Moderate
51,1745657,3,Retirement,22,Moderate
45,946381,5,Wealth,18,Aggressive
26,300000,1,Wealth,0,Moderate
61,542423,5,Tax,31,Moderate
34,1473007,3,Wealth,4,Aggressive
56,716514,2,Wealth,35,Moderate
40,1890108,2,Tax,16,Moderate
40,326016,4,Income,18,Moderate
46,1884924,5,Retirement,17,Aggressive
57,352378,1,Retirement,34,Conservative
62,956987,4,Income,34,Conservative
55,1564637,4,Wealth,33,Aggressive
32,882771,4,Wealth,10,Moderate
29,1202965,3,Retirement,8,Aggressive
61,1651640,2,Wealth,36,Moderate
52,1123842,3,Wealth,26,Aggressive
34,647858,2,Wealth,9,Moderate
44,687294,5,Wealth,16,Aggressive
46,446004,3,Tax,24,Moderate
56,343987,1,Retirement,34,Conservative
34,2025967,5,Wealth,7,Aggressive
25,1238498,3,Wealth,0,Aggressive
42,2219649,1,Wealth,20,Moderate
52,1234121,5,Wealth,27,Aggressive
31,628995,5,Retirement,8,Aggressive
28,356249,1,Retirement,6,Conservative
55,562450,1,Tax,25,Conservative
32,1292575,4,Wealth,4,Aggressive
25,489348,3,Tax,0,Moderate
34,2028057,2,Retirement,6,Moderate
55,625977,1,Wealth,30,Conservative
29,346749,2,Retirement,0,Moderate
32,646840,4,Tax,7,Moderate
51,947484,2,Retirement,28,Conservative
43,2650677,1,Tax,18,Moderate
21,872754,3,Retirement,0,Moderate
31,521577,2,Retirement,1,Moderate
40,2173850,5,Income,19,Aggressive
33,1802136,2,Retirement,12,Moderate
33,747373,4,Retirement,3,Moderate
42,300000,4,Retirement,20,Moderate
31,536322,1,Wealth,4,Moderate
58,1340417,3,Education,32,Moderate
53,1931936,2,Wealth,26,Moderate
34,890687,1,Wealth,5,Moderate
34,759779,3,Tax,5,Moderate
52,562966,4,Tax,22,Moderate
54,1359125,2,Wealth,30,Moderate
25,395555,1,Tax,0,Conservative
28,549228,2,Income,1,Conservative
32,2106363,2,Income,4,Conservative
59,1592392,5,Wealth,33,Aggressive
38,2279905,4,Wealth,8,Aggressive
55,510715,3,Retirement,25,Moderate
48,335777,4,Retirement,19,Moderate
59,2272382,1,Wealth,35,Moderate
45,1350806,4,Wealth,18,Aggressive
54,1654266,1,Education,27,Moderate
31,1364489,4,Retirement,3,Moderate
28,2955175,1,Wealth,3,Aggressive
28,1323624,1,Wealth,6,Moderate
38,933319,2,Retirement,14,Conservative
46,1011934,5,Retirement,23,Aggressive
44,948344,5,Wealth,23,Aggressive
29,2434224,2,Retirement,6,Aggressive
59,1941988,5,Wealth,31,Aggressive
53,2451206,3,Tax,24,Aggressive
33,300000,2,Tax,9,Conservative
31,685905,5,Wealth,10,Aggressive
58,431928,2,Wealth,36,Moderate
50,3003925,2,Wealth,21,Moderate
30,486420,2,Wealth,1,Moderate
61,1247762,5,Education,37,Aggressive
27,3295680,5,Retirement,0,Aggressive
44,1034476,3,Wealth,17,Aggressive
47,635148,2,Education,23,Moderate
34,948573,5,Retirement,11,Aggressive
48,317907,3,Tax,25,Moderate
32,300000,4,Education,11,Moderate
27,1209246,3,Education,2,Aggressive
47,300000,5,Education,22,Aggressive
44,781345,4,Income,17,Moderate
27,743907,1,Tax,4,Moderate
40,3225139,5,Wealth,15,Aggressive
21,1182932,3,Wealth,0,Aggressive
36,669716,4,Retirement,11,Moderate
55,1580223,2,Income,29,Conservative
40,928546,3,Wealth,16,Aggressive
34,379853,5,Wealth,7,Aggressive
57,1002349,3,Retirement,32,Moderate
40,908991,2,Wealth,16,Moderate
33,865623,1,Retirement,5,Conservative
23,1117517,3,Tax,0,Moderate
44,1721505,5,Retirement,16,Aggressive
54,1054190,4,Retirement,25,Aggressive
37,333225,1,Retirement,14,Conservative
37,300000,1,Wealth,12,Conservative
57,624163,2,Wealth,29,Moderate
24,594533,1,Wealth,3,Moderate
21,1045373,1,Tax,0,Moderate
36,2061456,1,Tax,6,Moderate
33,2433786,5,Retirement,6,Aggressive
42,517341,1,Wealth,16,Moderate
31,300000,3,Wealth,8,Moderate
36,845541,1,Education,13,Conservative
23,1749384,2,Wealth,0,Moderate
57,597278,1,Wealth,29,Moderate
21,842184,3,Wealth,0,Aggressive
55,720334,2,Tax,25,Moderate
35,2453249,5,Tax,14,Aggressive
31,4057547,2,Education,9,Moderate
31,1288586,3,Income,4,Conservative
34,1309487,2,Wealth,11,Moderate
33,304355,4,Income,12,Moderate
27,601296,3,Education,5,Moderate
25,1498755,2,Retirement,4,Moderate
45,1071943,1,Wealth,15,Moderate
55,1154269,2,Wealth,27,Moderate
28,300000,1,Income,2,Conservative
50,300000,4,Education,29,Moderate
29,3170861,5,Education,6,Aggressive
31,726510,3,Retirement,3,Moderate
29,300000,5,Tax,8,Moderate
33,739966,2,Tax,10,Conservative
49,300000,4,Retirement,20,Aggressive
52,360092,2,Education,26,Conservative
30,478992,4,Income,0,Moderate
35,300000,5,Wealth,11,Aggressive
30,300000,4,Wealth,4,Aggressive
24,1371943,2,Retirement,0,Moderate
57,535355,4,Retirement,31,Moderate
33,1568250,1,Wealth,9,Conservative
23,827367,1,Retirement,0,Conservative
60,300000,4,Education,39,Moderate
37,789733,4,Retirement,10,Moderate
27,2169705,4,Tax,4,Aggressive
33,751871,4,Tax,6,Moderate
33,485716,4,Wealth,7,Aggressive
29,300000,1,Wealth,7,Moderate
31,537929,3,Education,9,Moderate
28,357210,5,Retirement,0,Moderate
44,577216,1,Education,19,Moderate
43,300000,4,Income,20,Moderate
27,343960,3,Wealth,3,Aggressive
56,1224244,3,Wealth,33,Aggressive
52,892336,5,Retirement,27,Aggressive
60,638500,2,Retirement,36,Moderate
26,331651,2,Income,1,Conservative
38,2546346,2,Retirement,8,Moderate
42,3696608,2,Tax,17,Moderate
36,338346,1,Retirement,11,Conservative
31,1474126,1,Wealth,2,Conservative
42,351616,4,Retirement,21,Moderate
61,1171249,3,Retirement,32,Moderate
30,300000,1,Education,4,Moderate
28,523439,1,Retirement,2,Conservative
30,921056,5,Wealth,3,Aggressive
37,1058403,1,Retirement,9,Conservative
49,394841,2,Retirement,25,Conservative
35,1218965,1,Retirement,6,Moderate
37,759395,2,Wealth,15,Moderate
32,300000,1,Wealth,4,Moderate
31,365380,4,Wealth,10,Moderate
31,2547915,4,Wealth,3,Aggressive
36,916648,5,Retirement,12,Aggressive
37,593667,3,Tax,13,Moderate
45,300000,5,Retirement,20,Aggressive
53,539769,1,Wealth,27,Moderate
36,924294,1,Income,11,Conservative
67,1056773,1,Retirement,40,Conservative
44,880007,1,Tax,19,Conservative
53,499949,2,Tax,30,Conservative
23,300000,3,Retirement,2,Moderate
31,754034,4,Tax,5,Moderate
46,784864,3,Tax,25,Moderate
27,436291,2,Tax,2,Conservative
35,694277,1,Tax,10,Conservative
56,864312,2,Wealth,33,Moderate
23,1013632,4,Wealth,0,Aggressive
25,1428620,3,Retirement,0,Moderate
24,300000,1,Retirement,0,Conservative
51,1112195,5,Wealth,22,Aggressive
33,300000,4,Retirement,5,Moderate
21,385598,1,Retirement,0,Conservative
41,1721004,5,Income,13,Moderate
37,338455,4,Wealth,8,Moderate
28,1491427,1,Wealth,0,Moderate
50,531299,5,Wealth,27,Aggressive
35,2308609,1,Tax,12,Moderate
38,308644,3,Retirement,8,Moderate
52,756860,3,Wealth,28,Moderate
28,300000,5,Retirement,7,Aggressive
33,859892,3,Tax,11,Moderate
21,300000,3,Wealth,0,Moderate
56,674034,4,Tax,35,Moderate
34,435668,2,Wealth,6,Moderate
34,2848925,3,Education,7,Moderate
46,585402,5,Retirement,24,Aggressive
58,2594830,4,Retirement,31,Aggressive
49,398286,5,Retirement,28,Moderate
53,300000,3,Wealth,26,Moderate
39,1371651,1,Wealth,10,Moderate
64,342306,1,Retirement,40,Conservative
55,1758215,3,Wealth,30,Moderate
25,729154,1,Wealth,0,Conservative
29,1226559,2,Retirement,4,Moderate
37,1505127,5,Tax,10,Aggressive
42,3808410,2,Wealth,20,Moderate
59,1698113,4,Tax,38,Moderate
59,921583,3,Wealth,34,Moderate
27,1479153,5,Retirement,6,Aggressive
54,1371922,3,Retirement,30,Moderate
51,1145509,3,Wealth,22,Moderate
60,3329176,2,Education,37,Moderate
41,687767,1,Tax,14,Conservative
47,897197,1,Retirement,23,Conservative
21,537334,5,Wealth,0,Aggressive
38,5586922,5,Income,12,Aggressive
35,647957,5,Tax,10,Aggressive
48,1032637,4,Wealth,18,Aggressive
25,412388,1,Retirement,3,Conservative
48,603126,4,Wealth,23,Aggressive
26,1642971,5,Tax,3,Aggressive
22,736668,2,Retirement,0,Moderate
35,1842512,5,Wealth,7,Aggressive
39,1434550,2,Income,16,Conservative
46,749154,1,Income,18,Conservative
25,433072,3,Income,2,Conservative
26,993592,3,Wealth,0,Aggressive
47,994325,5,Tax,17,Aggressive
58,815267,1,Wealth,33,Moderate
54,995730,2,Wealth,30,Moderate
33,493228,3,Wealth,12,Moderate
29,1281689,3,Tax,1,Moderate
58,1085471,1,Retirement,31,Conservative
23,472324,2,Income,0,Conservative
43,578382,3,Tax,18,Moderate
37,775812,1,Tax,12,Conservative
54,581976,1,Education,32,Conservative
55,468199,4,Retirement,28,Moderate
38,1668639,1,Income,9,Conservative
56,1505590,3,Wealth,35,Moderate
30,1233318,2,Income,7,Moderate
36,354539,1,Education,11,Conservative
21,2947383,3,Retirement,0,Moderate
42,1007202,4,Wealth,19,Aggressive
33,738646,2,Wealth,6,Moderate
31,1442611,5,Retirement,8,Aggressive
27,743081,5,Tax,0,Aggressive
50,300000,1,Retirement,28,Conservative
40,969968,5,Retirement,10,Aggressive
22,1731452,2,Wealth,0,Moderate
58,1053517,2,Income,36,Conservative
28,300000,3,Wealth,0,Moderate
36,1463673,5,Tax,6,Aggressive
27,975844,5,Wealth,0,Aggressive
30,1023661,3,Retirement,4,Moderate
40,300000,5,Wealth,11,Aggressive
63,546927,5,Income,40,Moderate
43,372889,2,Education,20,Moderate
48,1517363,5,Wealth,21,Aggressive
35,1121526,5,Wealth,8,Aggressive
28,518208,5,Wealth,2,Aggressive
21,476971,4,Wealth,0,Moderate
21,646765,5,Retirement,0,Aggressive
32,987064,4,Wealth,5,Aggressive
47,1501338,4,Wealth,23,Aggressive
34,425811,5,Retirement,5,Aggressive
28,1037380,3,Retirement,6,Aggressive
49,623638,5,Wealth,25,Aggressive
36,300000,4,Education,13,Moderate
25,555218,5,Wealth,0,Aggressive
24,1068019,3,Wealth,0,Aggressive
39,455371,3,Retirement,15,Conservative
42,1029343,1,Wealth,15,Moderate
28,1314004,2,Income,6,Moderate
44,1807818,5,Wealth,18,Aggressive
42,383112,1,Tax,16,Conservative
30,1835443,1,Wealth,0,Moderate
54,824990,1,Wealth,29,Conservative
28,300000,3,Tax,2,Moderate
34,680800,5,Wealth,8,Aggressive
34,655281,5,Income,10,Moderate
56,552751,5,Wealth,35,Aggressive
45,338854,4,Wealth,23,Moderate
37,952547,2,Wealth,11,Moderate
47,772324,4,Income,20,Moderate
33,548306,3,Tax,3,Moderate
35,412971,1,Wealth,11,Conservative
50,300000,1,Income,22,Conservative
38,2380945,4,Education,13,Aggressive
43,668843,3,Retirement,14,Moderate
26,1405131,2,Wealth,0,Moderate
63,1760570,2,Wealth,40,Moderate
33,1667501,1,Wealth,8,Moderate
55,1289393,1,Income,30,Conservative
38,943241,5,Wealth,13,Aggressive
47,300000,4,Wealth,19,Moderate
32,2430132,1,Wealth,9,Moderate
36,362642,3,Wealth,12,Moderate
46,2291618,2,Tax,20,Moderate
55,655844,2,Retirement,26,Conservative
58,1608853,3,Wealth,28,Aggressive
36,1464282,2,Wealth,13,Moderate
49,1038186,4,Retirement,28,Aggressive
40,1033972,3,Education,10,Moderate
64,711340,5,Retirement,36,Moderate
55,832421,2,Wealth,31,Moderate
42,828164,4,Wealth,13,Aggressive
54,903676,1,Wealth,32,Moderate
42,734563,3,Tax,12,Moderate
50,317420,1,Income,20,Conservative
24,601557,5,Education,3,Aggressive
54,1086887,1,Wealth,26,Moderate
28,734434,2,Income,1,Moderate
36,811711,2,Wealth,8,Moderate
33,527123,2,Retirement,6,Conservative
27,1204058,2,Wealth,0,Moderate
47,1248080,3,Wealth,19,Aggressive
45,300000,4,Wealth,24,Aggressive
48,300000,2,Wealth,24,Moderate
54,710024,5,Tax,24,Moderate
61,1145802,5,Education,37,Aggressive
64,994240,2,Wealth,35,Moderate
33,731399,4,Tax,4,Moderate
43,1444061,5,Retirement,13,Aggressive
43,1232032,3,Wealth,15,Moderate
62,701604,4,Wealth,33,Moderate
34,730896,4,Retirement,10,Moderate
25,322595,4,Tax,1,Moderate
53,864879,5,Wealth,32,Aggressive
36,1194568,3,Tax,6,Moderate
29,486486,2,Wealth,6,Moderate
27,828205,5,Income,0,Moderate
46,1020296,4,Wealth,24,Aggressive
35,1483537,4,Income,14,Moderate
43,649856,4,Wealth,14,Moderate
61,441132,4,Retirement,34,Moderate
51,636744,5,Tax,25,Moderate
45,988768,1,Wealth,16,Moderate
21,951027,1,Wealth,0,Moderate
55,300000,5,Education,26,Moderate
38,636210,1,Wealth,16,Moderate
24,393741,5,Income,2,Moderate
38,824707,5,Retirement,15,Moderate
61,1035606,5,Wealth,35,Aggressive
31,1646250,4,Retirement,6,Moderate
31,1945948,2,Retirement,4,Moderate
44,1141126,1,Wealth,21,Moderate
36,603522,5,Tax,15,Moderate
62,563524,3,Wealth,32,Moderate
35,1114863,4,Wealth,7,Aggressive
59,1377398,3,Retirement,33,Moderate
29,344329,1,Income,6,Conservative
30,4281750,1,Tax,7,Moderate
35,1087175,3,Wealth,6,Aggressive
40,1450708,5,Retirement,12,Aggressive
29,1114831,3,Tax,3,Moderate
29,387178,5,Wealth,6,Aggressive
40,591778,4,Tax,15,Aggressive
29,468513,5,Retirement,1,Aggressive
23,300000,3,Education,0,Moderate
54,342199,2,Retirement,29,Moderate
53,2762820,4,Income,28,Moderate
36,692890,4,Wealth,14,Aggressive
43,1481236,3,Tax,22,Moderate
49,542563,2,Wealth,28,Moderate
47,488303,2,Wealth,25,Moderate
49,2287671,1,Wealth,23,Moderate
33,708829,2,Tax,10,Moderate
41,689066,1,Retirement,18,Moderate
51,969152,5,Retirement,25,Aggressive
59,1255549,5,Wealth,35,Aggressive
60,554374,5,Tax,30,Aggressive
30,300000,1,Tax,8,Moderate
53,1811254,2,Wealth,26,Moderate
50,1089195,3,Tax,26,Moderate
51,434547,4,Income,22,Moderate
67,719769,2,Wealth,40,Conservative
46,2036282,1,Tax,24,Moderate
26,2434222,3,Income,2,Moderate
29,639067,1,Retirement,8,Moderate
38,2298201,1,Wealth,11,Moderate
45,806480,4,Wealth,15,Aggressive
46,482093,3,Tax,23,Conservative
36,556951,5,Retirement,14,Aggressive
33,2794121,2,Wealth,11,Moderate
34,1209446,5,Wealth,5,Aggressive
33,415040,1,Retirement,7,Conservative
26,1658611,4,Retirement,0,Aggressive
27,1704769,3,Education,0,Moderate
31,602797,4,Wealth,2,Aggressive
58,1117830,4,Wealth,28,Aggressive
53,2175058,3,Education,29,Aggressive
55,357774,3,Wealth,33,Moderate
32,300000,3,Income,7,Conservative
53,502968,4,Income,27,Moderate
62,300000,1,Wealth,39,Conservative
45,337142,4,Retirement,15,Moderate
36,1793741,1,Income,11,Conservative
36,445803,2,Tax,7,Conservative
32,768759,1,Income,7,Conservative
22,1339126,2,Income,0,Moderate
36,1848121,5,Retirement,7,Aggressive
40,1028813,2,Wealth,11,Moderate
40,300000,4,Retirement,14,Moderate
33,777256,5,Wealth,4,Aggressive
38,1379722,4,Wealth,8,Aggressive
53,906291,4,Wealth,26,Aggressive
28,1182880,2,Retirement,2,Moderate
35,503330,3,Wealth,13,Moderate
66,861270,4,Retirement,36,Moderate
31,1280332,5,Wealth,4,Aggressive
55,2186183,4,Wealth,34,Aggressive
36,515715,3,Retirement,15,Moderate
30,507840,3,Wealth,1,Moderate
41,2441184,4,Education,16,Aggressive
42,636505,3,Wealth,20,Moderate
49,942129,2,Tax,25,Moderate
34,968707,1,Wealth,11,Moderate
54,803499,3,Tax,31,Moderate
23,3139848,4,Tax,0,Aggressive
49,686649,3,Tax,21,Moderate
31,1402208,4,Wealth,10,Aggressive
51,601857,5,Retirement,21,Moderate
27,2975022,4,Wealth,0,Aggressive
48,453676,5,Tax,20,Aggressive
63,1242769,1,Tax,33,Conservative
30,300000,2,Education,0,Conservative
54,656370,1,Income,26,Conservative
48,1190302,4,Education,23,Moderate
34,300000,1,Retirement,11,Conservative
27,620828,5,Wealth,2,Aggressive
32,7581726,1,Education,10,Moderate
35,381507,2,Income,6,Conservative
41,975455,3,Retirement,19,Moderate
29,300000,5,Retirement,5,Aggressive
36,377835,1,Wealth,10,Conservative
34,1087642,1,Retirement,6,Moderate
35,689588,1,Income,8,Conservative
36,456105,5,Education,6,Moderate
54,581494,1,Retirement,27,Conservative
53,1751522,3,Wealth,23,Aggressive
38,686323,4,Tax,10,Moderate
57,1206790,1,Income,35,Conservative
57,300000,3,Tax,30,Moderate
42,550473,5,Retirement,19,Aggressive
65,597992,4,Income,39,Conservative
45,479943,5,Tax,17,Aggressive
32,736942,4,Wealth,5,Aggressive
54,650466,3,Education,25,Moderate
35,1342620,3,Tax,12,Moderate
55,1749156,4,Retirement,27,Moderate
36,521646,3,Wealth,6,Moderate
56,1868390,2,Wealth,35,Moderate
27,483836,4,Education,0,Moderate
26,877369,1,Tax,1,Conservative
29,317685,1,Wealth,6,Conservative
39,660220,1,Tax,11,Conservative
36,2350452,1,Wealth,12,Moderate
60,890406,1,Retirement,31,Conservative
36,673525,2,Retirement,11,Moderate
33,300000,1,Income,6,Conservative
35,770401,3,Wealth,6,Moderate
34,862224,5,Wealth,5,Aggressive
33,578399,3,Tax,10,Moderate
41,638103,3,Education,11,Moderate
46,749015,2,Tax,22,Moderate
26,823769,2,Tax,5,Moderate
26,710481,3,Retirement,4,Moderate
31,1829377,3,Wealth,9,Aggressive
36,390435,1,Wealth,8,Moderate
36,2378645,5,Wealth,12,Aggressive
52,669937,2,Retirement,27,Moderate
45,1172631,5,Education,15,Aggressive
26,1700063,5,Tax,4,Aggressive
34,921666,2,Income,8,Conservative
44,788200,5,Wealth,19,Aggressive
34,893125,1,Retirement,7,Conservative
51,300000,2,Tax,22,Conservative
37,300000,3,Wealth,11,Moderate
36,1368151,4,Wealth,10,Aggressive
30,640331,1,Retirement,2,Conservative
26,443815,2,Tax,5,Conservative
51,940690,5,Retirement,23,Aggressive
59,722191,3,Income,30,Moderate
37,325985,4,Retirement,9,Moderate
27,1564350,2,Tax,5,Moderate
43,1778527,1,Wealth,13,Moderate
22,934028,1,Wealth,1,Moderate
50,904493,3,Wealth,24,Aggressive
25,800018,1,Wealth,0,Moderate
21,876671,2,Education,0,Moderate
36,1029304,3,Retirement,14,Moderate
28,580217,4,Wealth,5,Aggressive
33,1413937,2,Wealth,6,Moderate
34,908140,1,Tax,5,Conservative
37,1385168,4,Income,7,Moderate
39,1949249,4,Wealth,12,Aggressive
34,826888,3,Retirement,5,Moderate
33,1017638,1,Wealth,6,Moderate
57,1265446,5,Retirement,31,Aggressive
24,846873,4,Tax,1,Aggressive
58,633541,4,Tax,35,Moderate
44,916336,2,Wealth,20,Moderate
38,2003638,3,Wealth,15,Aggressive
52,300000,5,Education,26,Moderate
37,1359543,1,Wealth,14,Moderate
34,898865,1,Tax,9,Moderate
33,559405,2,Tax,8,Conservative
30,1478838,5,Tax,3,Aggressive
55,346972,1,Tax,34,Conservative
40,608885,4,Retirement,10,Moderate
36,2019158,4,Wealth,15,Aggressive
55,300000,2,Retirement,31,Moderate
33,1144818,1,Retirement,10,Conservative
39,2206631,2,Tax,9,Moderate
52,1745511,2,Education,29,Moderate
58,1065500,3,Retirement,31,Moderate
54,411794,1,Education,25,Conservative
22,1506930,1,Wealth,1,Moderate
33,519432,2,Wealth,5,Moderate
21,723109,2,Wealth,0,Moderate
31,777441,4,Wealth,8,Aggressive
34,340579,3,Retirement,9,Moderate
22,1993958,2,Tax,0,Moderate
51,756019,1,Retirement,22,Conservative
35,766388,3,Retirement,10,Moderate
54,525307,1,Retirement,32,Conservative
31,490969,3,Wealth,5,Moderate
23,1241565,4,Wealth,0,Aggressive
34,1264456,5,Wealth,6,Aggressive
35,6456171,5,Tax,13,Aggressive
38,648270,2,Income,13,Moderate
34,599320,5,Wealth,6,Aggressive
54,1749739,1,Wealth,25,Conservative
28,1452839,1,Tax,0,Moderate
42,658256,3,Education,18,Moderate
26,1032104,4,Retirement,0,Aggressive
25,2403524,2,Wealth,4,Aggressive
25,350257,2,Retirement,4,Conservative
56,479465,1,Wealth,33,Conservative
55,1088476,1,Retirement,34,Conservative
51,502184,5,Retirement,23,Aggressive
56,519916,2,Wealth,26,Moderate
59,1903815,3,Wealth,32,Aggressive
27,1076556,4,Wealth,5,Aggressive
36,775803,2,Tax,14,Moderate
33,467886,3,Tax,8,Conservative
32,1041970,1,Wealth,4,Conservative
25,1831351,3,Tax,0,Moderate
54,326390,3,Income,26,Conservative
34,342872,2,Retirement,4,Conservative
42,1297658,3,Income,16,Moderate
29,545257,2,Tax,7,Moderate
56,457697,5,Wealth,35,Aggressive
39,500557,5,Wealth,18,Aggressive
42,1369038,3,Retirement,16,Aggressive
29,1339951,3,Wealth,0,Aggressive
30,1063545,4,Wealth,0,Aggressive
36,597278,1,Wealth,15,Moderate
56,455536,5,Wealth,30,Aggressive
29,528464,3,Income,2,Moderate
36,432786,3,Tax,12,Moderate
28,612409,3,Wealth,1,Aggressive
30,826764,3,Wealth,4,Moderate
34,1351871,3,Wealth,4,Aggressive
55,827773,4,Tax,29,Moderate
63,716376,1,Tax,40,Conservative
28,2652334,4,Tax,5,Aggressive
31,300000,2,Wealth,9,Conservative
46,1263629,4,Education,17,Moderate
26,1161756,1,Income,4,Conservative
48,1172252,1,Tax,24,Conservative
54,1544992,2,Tax,26,Moderate
41,351199,2,Retirement,17,Moderate
31,1572218,1,Retirement,1,Conservative
28,1054567,5,Wealth,2,Aggressive
31,610953,1,Tax,4,Conservative
28,1252886,2,Wealth,4,Moderate
39,913132,5,Education,10,Aggressive
55,416756,2,Education,33,Conservative
38,300000,4,Wealth,11,Moderate
36,321810,1,Income,10,Conservative
45,488942,4,Wealth,19,Aggressive
32,1062859,3,Wealth,9,Moderate
35,300000,4,Wealth,6,Aggressive
29,1074391,3,Tax,7,Moderate
32,1003178,1,Income,4,Conservative
61,3402548,2,Wealth,36,Aggressive
47,1037796,5,Retirement,22,Aggressive
36,300000,5,Retirement,13,Moderate
34,1797656,3,Retirement,11,Moderate
31,425650,2,Retirement,4,Conservative
41,410086,3,Tax,19,Conservative
23,703370,5,Retirement,1,Aggressive
49,1185534,5,Income,27,Moderate
29,665280,1,Retirement,0,Moderate
49,811770,3,Wealth,22,Moderate
62,425313,3,Retirement,40,Moderate
33,355926,5,Education,6,Moderate
55,928244,5,Tax,27,Moderate
37,300000,1,Retirement,12,Conservative
52,489286,2,Wealth,25,Moderate
49,639569,2,Retirement,22,Conservative
49,949995,2,Wealth,20,Moderate
22,671787,4,Retirement,0,Moderate
50,645522,2,Income,27,Moderate
51,340677,1,Retirement,21,Conservative
30,603248,3,Income,9,Moderate
56,676865,3,Wealth,28,Moderate
51,1079028,2,Wealth,27,Moderate
26,460438,4,Tax,0,Moderate
52,431139,3,Tax,24,Conservative
50,345029,4,Tax,27,Moderate
37,896461,2,Education,11,Moderate
37,630844,4,Retirement,15,Moderate
41,733876,5,Tax,13,Moderate
23,578547,5,Wealth,0,Aggressive
56,594845,5,Tax,31,Aggressive
31,526853,1,Tax,2,Conservative
29,1144614,1,Tax,5,Moderate
30,829713,2,Income,2,Conservative
27,2252305,4,Retirement,1,Aggressive
54,651868,4,Wealth,29,Aggressive
56,2429627,5,Wealth,29,Aggressive
52,660642,5,Income,30,Moderate
31,1152194,5,Income,10,Moderate
35,525598,4,Wealth,5,Aggressive
25,1131487,4,Retirement,0,Aggressive
34,300000,5,Education,9,Aggressive
33,336661,4,Wealth,9,Moderate
50,406088,1,Wealth,21,Conservative
30,3392304,2,Tax,5,Moderate
53,1685611,5,Wealth,31,Aggressive
36,966521,3,Tax,14,Moderate
59,602565,1,Wealth,37,Conservative
47,536480,5,Education,18,Aggressive
33,527369,5,Wealth,6,Aggressive
34,1293078,4,Income,5,Moderate
40,858814,1,Tax,10,Conservative
41,1512484,2,Tax,18,Moderate
31,1193664,3,Wealth,9,Moderate
39,1076905,5,Income,10,Moderate
24,465581,2,Income,3,Conservative
51,464680,3,Retirement,28,Moderate
46,883372,2,Retirement,18,Moderate
49,1051822,4,Wealth,23,Aggressive
25,704501,1,Wealth,4,Moderate
37,337329,5,Retirement,15,Moderate
58,942574,3,Wealth,29,Moderate
32,1369080,5,Wealth,5,Aggressive
21,372411,3,Income,0,Conservative
27,656865,2,Retirement,3,Conservative
41,415578,5,Education,15,Moderate
40,1574704,1,Wealth,15,Moderate
33,3260834,3,Education,12,Aggressive
27,2022426,4,Tax,0,Aggressive
36,300000,2,Wealth,15,Moderate
30,1027114,4,Wealth,3,Aggressive
56,1184770,2,Education,33,Moderate
33,2714728,1,Wealth,9,Moderate
21,537738,4,Retirement,0,Moderate
45,738908,2,Education,17,Moderate
49,353109,4,Wealth,21,Moderate
28,313647,2,Wealth,6,Moderate
39,845300,1,Wealth,17,Moderate
43,2252080,5,Wealth,21,Aggressive
23,822475,2,Tax,0,Moderate
25,834507,3,Wealth,0,Aggressive
36,332435,5,Wealth,14,Aggressive
32,892400,4,Tax,11,Moderate
48,546977,4,Education,23,Moderate
24,586371,4,Retirement,0,Moderate
42,2665130,3,Retirement,12,Moderate
38,592971,3,Wealth,13,Moderate
46,635155,3,Retirement,17,Moderate
51,939467,3,Wealth,22,Moderate
52,300000,3,Tax,23,Moderate
48,467557,3,Education,25,Moderate
32,300000,5,Wealth,8,Aggressive
25,548352,5,Tax,0,Aggressive
36,3060832,4,Tax,9,Aggressive
24,300000,3,Retirement,3,Moderate
53,300000,1,Tax,29,Conservative
52,2079741,4,Retirement,29,Aggressive
47,721086,4,Wealth,22,Aggressive
23,1096798,2,Wealth,0,Aggressive
34,862793,4,Retirement,11,Moderate
34,881235,4,Income,10,Conservative
40,633390,4,Retirement,14,Moderate
42,300000,2,Wealth,15,Moderate
30,794038,1,Wealth,1,Moderate
46,1738102,3,Tax,19,Moderate
30,1625445,2,Education,8,Moderate
29,1210704,3,Income,8,Moderate
61,749181,5,Tax,32,Moderate
27,896298,4,Wealth,5,Aggressive
51,1468530,4,Income,24,Moderate
36,300000,4,Education,12,Moderate
27,2850396,4,Income,3,Aggressive
34,1631848,1,Retirement,10,Moderate
61,2940579,3,Income,37,Moderate
31,1003231,2,Tax,2,Moderate
30,558430,2,Tax,1,Moderate
22,1114945,1,Education,0,Conservative
51,1367926,1,Wealth,26,Moderate
30,3104573,5,Tax,4,Aggressive
63,656562,3,Wealth,37,Moderate
32,603694,4,Retirement,10,Aggressive
37,1692361,4,Income,8,Moderate
47,684346,1,Wealth,22,Conservative
49,529065,1,Tax,27,Conservative
45,553579,2,Tax,21,Moderate
27,300000,2,Tax,0,Moderate
32,490368,1,Income,4,Conservative
40,1083096,5,Retirement,18,Aggressive
57,803198,5,Wealth,34,Aggressive
30,1119585,4,Tax,9,Aggressive
40,2039752,5,Education,15,Aggressive
51,4289771,4,Tax,21,Aggressive
30,666222,5,Income,5,Moderate
31,363404,5,Income,7,Moderate
34,592961,1,Wealth,5,Moderate
50,1384140,5,Wealth,27,Aggressive
21,4532894,4,Retirement,0,Aggressive
23,902499,3,Income,0,Moderate
24,1126955,3,Retirement,0,Moderate
33,686653,2,Income,3,Conservative
47,897789,4,Retirement,20,Moderate
32,1922980,1,Retirement,9,Moderate
37,1419206,1,Wealth,11,Moderate
24,774466,2,Retirement,3,Moderate
25,961958,3,Retirement,0,Moderate
39,623035,4,Retirement,16,Aggressive
34,1853627,5,Wealth,10,Aggressive
25,2958256,2,Retirement,1,Moderate
36,438602,4,Tax,10,Moderate
31,463222,5,Wealth,2,Moderate
26,627274,5,Retirement,1,Aggressive
42,1467880,4,Wealth,13,Aggressive
45,597936,1,Tax,19,Conservative
36,1555188,4,Retirement,15,Moderate
22,300000,4,Retirement,0,Moderate
42,765700,1,Income,15,Conservative
29,884975,2,Tax,5,Moderate
35,419456,1,Education,5,Conservative
50,730550,5,Wealth,29,Aggressive
35,1753110,3,Retirement,13,Moderate
33,730191,2,Wealth,6,Moderate
45,1080060,4,Wealth,18,Aggressive
53,2177142,4,Tax,26,Aggressive
34,426180,5,Tax,12,Moderate
30,966510,5,Retirement,0,Aggressive
60,300000,2,Wealth,36,Moderate
25,304398,2,Retirement,0,Moderate
53,1361081,2,Retirement,27,Moderate
55,555198,5,Retirement,26,Aggressive
26,986570,3,Retirement,1,Moderate
49,300000,1,Wealth,20,Conservative
42,300000,5,Retirement,18,Aggressive
45,492844,3,Wealth,17,Moderate
30,538762,5,Wealth,6,Aggressive
28,629241,1,Tax,3,Conservative
49,2251531,2,Tax,19,Moderate
55,300000,3,Education,28,Moderate
33,483375,2,Tax,7,Conservative
44,623783,1,Wealth,20,Moderate
44,729680,5,Retirement,17,Aggressive
48,1614094,4,Tax,21,Moderate
30,773128,1,Retirement,7,Conservative
50,1407218,1,Tax,20,Moderate
55,1850590,3,Income,33,Moderate
59,304502,4,Tax,29,Moderate
39,1773312,3,Wealth,11,Moderate
38,702886,3,Wealth,10,Moderate
34,833329,2,Education,11,Conservative
40,893177,1,Retirement,13,Conservative
26,1079021,1,Income,0,Conservative
39,300000,1,Wealth,10,Conservative
46,300000,4,Education,22,Moderate
31,563582,2,Wealth,5,Moderate
21,1233960,4,Education,0,Aggressive
37,1980566,5,Wealth,12,Aggressive
42,500434,3,Retirement,13,Moderate
51,1468906,3,Wealth,26,Moderate
21,694160,4,Tax,0,Moderate
29,1015767,4,Income,0,Moderate
34,529359,3,Wealth,7,Moderate
49,888011,2,Retirement,24,Moderate
49,422752,2,Wealth,27,Moderate
53,861035,3,Retirement,24,Moderate
54,1479151,5,Tax,27,Aggressive
43,607827,4,Tax,20,Moderate
21,960774,1,Income,0,Conservative
37,1043792,5,Wealth,8,Aggressive
46,1753314,2,Retirement,23,Moderate
49,300000,1,Wealth,20,Conservative
26,1318778,1,Wealth,5,Moderate
37,376331,5,Wealth,7,Aggressive
33,352822,5,Education,3,Moderate
59,513022,4,Wealth,34,Aggressive
35,418548,5,Wealth,7,Aggressive
33,930491,3,Retirement,6,Moderate
25,409984,2,Wealth,1,Moderate
37,1206584,4,Wealth,16,Aggressive
44,300000,4,Retirement,23,Moderate
34,1697393,3,Income,7,Moderate
36,300000,1,Income,10,Conservative
47,1070397,5,Retirement,22,Aggressive
57,459011,1,Income,30,Conservative
33,599059,2,Wealth,7,Moderate
56,436899,2,Wealth,33,Moderate
53,300000,4,Wealth,31,Moderate
61,583119,5,Education,31,Moderate
48,342147,1,Tax,27,Conservative
47,300000,5,Tax,18,Aggressive
30,599252,4,Tax,1,Moderate
27,662200,4,Wealth,5,Aggressive
27,854591,1,Wealth,0,Moderate
43,1139840,5,Income,15,Moderate
24,346502,3,Retirement,2,Moderate
32,304381,2,Tax,2,Conservative
46,1368370,2,Wealth,24,Moderate
24,642423,2,Wealth,1,Moderate
29,3189489,4,Income,2,Moderate
28,300000,3,Wealth,0,Moderate
61,1018536,4,Wealth,33,Aggressive
25,455967,1,Retirement,0,Conservative
27,467822,5,Retirement,4,Aggressive
21,549574,5,Tax,0,Aggressive
55,2059374,5,Education,34,Aggressive
48,300000,5,Tax,22,Moderate
38,300000,4,Retirement,9,Moderate
28,1240804,5,Wealth,1,Aggressive
34,2658080,1,Wealth,12,Moderate
40,482935,3,Wealth,19,Moderate
36,1722697,4,Education,8,Aggressive
51,1484973,1,Income,28,Conservative
54,981462,1,Wealth,29,Moderate
48,916071,2,Wealth,23,Moderate
40,618981,3,Wealth,11,Moderate
56,1519205,2,Wealth,28,Moderate
58,1283721,5,Wealth,36,Aggressive
45,539670,1,Retirement,23,Moderate
28,300000,2,Income,3,Moderate
32,465990,1,Wealth,7,Conservative
27,382589,5,Wealth,0,Aggressive
31,775316,5,Tax,3,Moderate
58,1128035,3,Tax,34,Moderate
28,1058770,5,Wealth,5,Aggressive
32,1112633,3,Income,8,Moderate
28,922888,5,Tax,5,Aggressive
27,793932,5,Retirement,0,Aggressive
33,771515,3,Tax,12,Moderate
47,1913156,2,Wealth,22,Moderate
57,572524,4,Wealth,35,Moderate
53,691541,2,Wealth,28,Moderate
27,300000,5,Wealth,0,Aggressive
27,550988,1,Income,4,Conservative
23,653009,4,Retirement,0,Moderate
53,1862548,5,Income,29,Moderate
41,316337,3,Income,17,Conservative
29,737294,1,Wealth,2,Moderate
37,726682,4,Wealth,15,Aggressive
36,1260102,4,Education,8,Aggressive
32,581747,4,Wealth,2,Moderate
40,1234070,1,Retirement,13,Moderate
30,964426,1,Wealth,4,Moderate
60,473230,3,Education,35,Moderate
32,370368,1,Wealth,5,Conservative
34,3483681,1,Income,5,Conservative
25,551783,2,Income,3,Conservative
26,300000,3,Education,0,Moderate
35,586130,3,Retirement,13,Moderate
55,503886,4,Retirement,32,Moderate
45,355984,5,Retirement,16,Aggressive
30,783066,4,Retirement,4,Aggressive
22,919694,3,Wealth,0,Moderate
44,300000,3,Retirement,18,Moderate
38,880319,5,Wealth,16,Aggressive
56,1348011,5,Retirement,30,Aggressive
27,410050,5,Income,2,Moderate
54,315543,5,Wealth,27,Aggressive
51,391061,4,Income,28,Conservative
39,560165,1,Retirement,14,Conservative
36,771057,4,Tax,15,Moderate
44,356533,5,Wealth,14,Aggressive
47,590149,4,Education,24,Moderate
28,676345,4,Tax,6,Aggressive
39,870392,4,Education,14,Moderate
31,300000,5,Tax,2,Moderate
59,444886,5,Income,31,Moderate
48,464623,5,Wealth,19,Aggressive
21,2318374,2,Tax,0,Moderate
36,1579947,1,Retirement,12,Conservative
59,714186,3,Income,31,Conservative
52,300000,2,Education,30,Moderate
43,1375793,2,Wealth,20,Aggressive
54,1697557,2,Tax,25,Moderate
39,703546,2,Tax,16,Conservative
36,530219,4,Retirement,13,Moderate
41,455572,2,Wealth,19,Moderate
43,1199593,1,Wealth,13,Moderate
26,1148728,5,Wealth,3,Aggressive
33,352458,3,Income,3,Conservative
55,410191,1,Income,31,Conservative
30,351880,2,Tax,1,Moderate
50,2559604,5,Tax,27,Aggressive
50,895553,2,Retirement,27,Moderate
27,1599860,3,Income,0,Moderate
44,803730,2,Income,22,Conservative
40,979091,4,Income,13,Moderate
30,596686,4,Retirement,5,Moderate
21,2038149,2,Wealth,0,Aggressive
59,916038,5,Tax,29,Aggressive
55,703874,3,Tax,26,Moderate
48,300000,2,Tax,25,Conservative
54,1062458,3,Retirement,24,Moderate
37,1055247,2,Retirement,7,Moderate
37,1785406,3,Wealth,8,Moderate
21,593595,2,Tax,0,Conservative
54,446814,4,Retirement,32,Moderate
35,2645570,2,Wealth,5,Moderate
36,300000,4,Retirement,15,Moderate
47,421620,5,Wealth,22,Aggressive
54,2188494,2,Tax,27,Moderate
31,1454588,3,Income,1,Moderate
29,626581,5,Retirement,1,Aggressive
39,642210,4,Income,17,Moderate
39,672266,5,Wealth,15,Aggressive
61,1384953,2,Tax,36,Moderate
42,1399834,1,Retirement,13,Moderate
40,1180147,2,Retirement,18,Moderate
24,1331724,4,Wealth,3,Aggressive
36,1155665,5,Wealth,12,Aggressive
42,300000,1,Retirement,15,Conservative
36,1011550,3,Income,8,Moderate
52,616199,5,Retirement,22,Aggressive
46,3601511,5,Retirement,23,Aggressive
30,300000,2,Tax,3,Moderate
61,340706,3,Wealth,39,Moderate
33,867633,1,Retirement,5,Conservative
30,342789,5,Income,4,Moderate
35,4752946,2,Wealth,9,Aggressive
34,1188189,2,Retirement,6,Moderate
57,533091,1,Retirement,28,Moderate
49,1057327,3,Retirement,21,Moderate
41,941114,3,Tax,14,Conservative
55,511099,2,Retirement,26,Moderate
41,327476,3,Income,18,Moderate
49,366207,3,Wealth,28,Moderate
56,589321,2,Wealth,26,Moderate
27,1603656,5,Education,3,Aggressive
42,1239038,5,Wealth,17,Aggressive
21,3732292,3,Wealth,0,Aggressive
35,443767,2,Retirement,8,Moderate
27,347863,5,Education,6,Aggressive
40,718831,5,Tax,19,Aggressive
31,1089515,2,Retirement,7,Moderate
21,1109826,1,Retirement,0,Moderate
48,1036470,3,Education,26,Moderate
48,932552,3,Tax,22,Moderate
29,549555,5,Wealth,4,Aggressive
53,602275,2,Tax,31,Moderate
24,2425073,4,Education,2,Aggressive
39,349864,4,Wealth,11,Moderate
32,956562,2,Tax,3,Moderate
27,1817644,2,Retirement,0,Moderate
49,396085,1,Wealth,26,Moderate
60,395031,4,Income,37,Conservative
59,985799,2,Tax,36,Moderate
51,1089143,2,Wealth,26,Moderate
52,646094,3,Income,23,Conservative
39,1105091,4,Retirement,11,Aggressive
48,300000,2,Tax,21,Conservative
46,514590,4,Retirement,19,Moderate
59,1815713,2,Retirement,32,Moderate
48,300000,4,Wealth,19,Moderate
44,3392751,1,Tax,19,Moderate
42,735142,1,Tax,17,Conservative
31,2482521,1,Income,3,Conservative
35,1820023,5,Tax,10,Aggressive
25,943816,2,Wealth,3,Moderate
33,968517,3,Retirement,12,Moderate
41,3034337,5,Wealth,17,Aggressive
28,382284,4,Retirement,0,Moderate
53,746106,2,Wealth,25,Moderate
59,532047,2,Education,32,Conservative
30,449659,5,Wealth,4,Aggressive
38,1801412,2,Income,15,Conservative
37,1058166,2,Tax,9,Moderate
21,1035603,4,Wealth,0,Aggressive
43,1038356,3,Tax,22,Moderate
24,1392186,4,Education,0,Aggressive
33,706226,5,Wealth,5,Aggressive
36,1716617,2,Income,14,Moderate
30,754271,2,Income,4,Moderate
43,808068,3,Tax,14,Moderate
32,618288,3,Wealth,6,Moderate
50,715509,1,Tax,26,Conservative
31,995533,3,Wealth,3,Moderate
54,780937,4,Wealth,33,Aggressive
62,452772,2,Wealth,38,Conservative
45,685239,4,Wealth,19,Aggressive
33,638536,4,Retirement,9,Moderate
31,714355,4,Retirement,8,Moderate
61,300000,4,Wealth,35,Moderate
50,1330479,4,Tax,22,Aggressive
38,707894,4,Wealth,12,Aggressive
37,1006313,2,Wealth,16,Moderate
28,1138407,4,Retirement,5,Aggressive
26,370464,5,Retirement,0,Moderate
37,1225584,4,Retirement,16,Aggressive
44,381958,1,Wealth,16,Conservative
35,999987,4,Education,8,Moderate
35,300000,1,Tax,9,Conservative
41,300000,2,Wealth,20,Moderate
36,1502377,5,Retirement,7,Aggressive
24,1146725,2,Retirement,0,Moderate
41,688087,2,Wealth,17,Aggressive
65,757712,4,Income,40,Conservative
25,300000,1,Tax,0,Conservative
27,757116,5,Income,2,Moderate
42,823968,4,Tax,17,Moderate
55,564734,1,Retirement,25,Conservative
57,680460,4,Retirement,33,Moderate
33,384133,2,Wealth,12,Moderate
29,300000,1,Retirement,8,Moderate
38,860167,3,Income,15,Conservative
52,319343,4,Tax,25,Moderate
56,1050058,2,Tax,29,Conservative
37,967564,1,Wealth,11,Moderate
54,1567958,2,Wealth,30,Moderate
43,956466,4,Retirement,18,Moderate
63,6320140,4,Retirement,35,Aggressive
55,609273,4,Tax,34,Moderate
36,987674,5,Wealth,12,Aggressive
26,488324,5,Wealth,0,Aggressive
30,1556765,4,Tax,2,Moderate
32,842881,5,Tax,5,Moderate
28,300000,2,Wealth,7,Moderate
56,422085,1,Income,30,Conservative
43,671793,5,Wealth,22,Aggressive
36,312168,5,Retirement,10,Moderate
33,1097539,5,Wealth,8,Aggressive
24,300000,5,Education,3,Aggressive
36,647554,3,Tax,15,Moderate
49,606751,1,Wealth,25,Moderate
36,1509423,2,Education,10,Conservative
37,639506,5,Retirement,11,Aggressive
53,1350434,3,Retirement,23,Moderate
50,994723,4,Wealth,21,Aggressive
33,334641,4,Retirement,9,Moderate
39,3504708,3,Education,11,Aggressive
45,1593481,2,Retirement,19,Moderate
63,382641,3,Tax,34,Conservative
36,355421,4,Education,9,Moderate
38,1749514,5,Tax,14,Aggressive
34,1401718,4,Wealth,7,Aggressive
41,1198977,1,Wealth,13,Moderate
59,380253,1,Wealth,36,Moderate
41,486932,4,Education,19,Moderate
54,1868206,4,Income,24,Moderate
40,1131597,5,Tax,12,Aggressive
27,447181,5,Wealth,3,Aggressive
53,1987902,1,Tax,32,Conservative
35,3037746,2,Income,5,Moderate
36,538193,4,Tax,14,Moderate
50,469775,5,Wealth,20,Aggressive
32,2151287,4,Wealth,5,Aggressive
31,2371927,1,Income,6,Conservative
27,2338265,5,Retirement,0,Aggressive
21,1001823,3,Wealth,0,Aggressive
25,533652,1,Tax,1,Conservative
35,1440900,4,Retirement,12,Aggressive
33,606532,5,Retirement,5,Aggressive
30,581894,1,Wealth,9,Moderate
26,867504,4,Tax,0,Aggressive
59,777750,2,Retirement,34,Conservative
35,537154,5,Income,11,Moderate
53,364199,2,Income,25,Conservative
52,666498,1,Education,23,Conservative
43,493986,5,Tax,22,Moderate
31,300000,4,Wealth,1,Moderate
27,872357,2,Retirement,4,Moderate
30,888217,1,Tax,3,Moderate
50,1309966,4,Wealth,23,Aggressive
33,865855,4,Tax,10,Moderate
23,749016,4,Wealth,0,Aggressive
55,1299656,4,Wealth,29,Aggressive
22,868072,2,Retirement,0,Moderate
54,956006,4,Wealth,31,Aggressive
33,1152260,3,Tax,5,Moderate
39,525756,5,Retirement,9,Aggressive
39,1534326,4,Retirement,9,Aggressive
31,803237,4,Wealth,3,Aggressive
63,726274,3,Retirement,40,Moderate
32,1521490,5,Tax,11,Aggressive
33,560779,4,Tax,10,Moderate
59,592237,4,Retirement,29,Aggressive
40,1107760,4,Wealth,16,Aggressive
32,913429,3,Retirement,10,Moderate
32,8065380,5,Tax,3,Aggressive
32,1626382,1,Retirement,8,Moderate
22,300000,5,Tax,0,Aggressive
55,981158,3,Retirement,28,Moderate
36,300000,5,Retirement,9,Moderate
30,602929,4,Education,3,Aggressive
52,911841,3,Income,26,Conservative
46,583906,3,Wealth,20,Aggressive
32,300000,5,Wealth,2,Moderate
38,840281,5,Retirement,15,Aggressive
37,543719,2,Retirement,9,Conservative
25,1263226,5,Wealth,0,Aggressive
21,300000,5,Income,0,Moderate
59,484476,4,Tax,29,Moderate
38,1425803,1,Tax,17,Conservative
25,300000,1,Tax,0,Conservative
40,1125193,1,Wealth,18,Moderate
53,467225,5,Retirement,24,Aggressive
50,684388,1,Wealth,21,Moderate
28,361901,2,Education,7,Conservative
53,647004,3,Wealth,28,Moderate
31,387577,2,Retirement,7,Conservative
38,341974,2,Tax,11,Conservative
31,1419969,1,Retirement,5,Moderate
29,733628,1,Retirement,0,Conservative
30,954616,2,Wealth,9,Moderate
30,844650,2,Wealth,6,Moderate
28,1984424,2,Tax,4,Moderate
61,1053171,2,Tax,39,Conservative
40,1156578,2,Retirement,12,Moderate
39,1335319,5,Income,14,Aggressive
31,441902,2,Retirement,9,Conservative
55,2797916,3,Tax,26,Moderate
34,316796,1,Tax,7,Conservative
55,989695,3,Retirement,32,Moderate
33,985861,4,Income,8,Moderate
46,4259711,1,Retirement,16,Moderate
25,1067467,3,Tax,0,Moderate
42,469719,2,Wealth,12,Moderate
55,516910,2,Tax,30,Conservative
28,589642,1,Tax,0,Moderate
37,870009,5,Income,14,Aggressive
39,918788,2,Wealth,11,Moderate
39,1065510,3,Wealth,12,Aggressive
31,821178,1,Retirement,7,Conservative
33,1167799,5,Wealth,12,Aggressive
30,362500,2,Wealth,8,Moderate
32,300000,5,Wealth,5,Aggressive
34,1743564,3,Tax,8,Moderate
52,300000,1,Tax,29,Conservative
27,758020,2,Income,0,Conservative
52,456224,5,Wealth,29,Aggressive
26,2766751,1,Retirement,1,Moderate
23,3016484,3,Wealth,0,Aggressive
36,813504,1,Wealth,12,Moderate
42,648826,2,Wealth,16,Moderate
50,675703,4,Wealth,20,Aggressive
29,922904,1,Wealth,6,Moderate
34,1466936,2,Retirement,11,Moderate
57,8516268,5,Tax,28,Aggressive
43,384175,1,Retirement,16,Conservative
30,954928,1,Wealth,0,Moderate
33,723402,4,Retirement,9,Aggressive
48,559958,4,Retirement,25,Aggressive
61,594534,4,Tax,31,Moderate
30,745937,4,Income,3,Moderate
58,925103,2,Tax,30,Conservative
53,1048482,4,Tax,24,Aggressive
31,1143538,4,Retirement,5,Aggressive
30,301862,3,Retirement,3,Moderate
46,503128,4,Retirement,21,Moderate
63,1178402,2,Education,33,Conservative
52,2207776,2,Tax,22,Moderate
48,1125719,2,Wealth,25,Moderate
37,653353,5,Income,16,Aggressive
37,1122696,5,Retirement,8,Aggressive
47,964002,3,Wealth,26,Aggressive
21,387104,5,Income,0,Moderate
30,712568,3,Retirement,0,Moderate
35,909349,5,Wealth,9,Aggressive
26,1334092,1,Retirement,0,Moderate
34,2180887,3,Retirement,13,Aggressive
61,2821128,5,Wealth,37,Aggressive
51,300000,1,Wealth,22,Moderate
39,706547,3,Wealth,13,Moderate
37,2296924,3,Tax,7,Moderate
47,1385208,1,Wealth,20,Moderate
24,1433269,3,Wealth,0,Aggressive
55,483994,1,Wealth,34,Conservative
59,497460,1,Retirement,29,Conservative
26,1278562,3,Tax,2,Moderate
27,576727,3,Wealth,0,Moderate
37,364152,4,Income,7,Moderate
24,865683,4,Income,3,Moderate
27,704162,2,Retirement,5,Moderate
31,1480841,2,Income,10,Conservative
59,1075035,1,Wealth,36,Moderate
40,3122339,3,Wealth,14,Aggressive
41,403236,1,Income,20,Conservative
31,831015,4,Tax,6,Moderate
45,1197794,2,Wealth,21,Moderate
53,1166832,1,Wealth,28,Moderate
47,964741,3,Tax,26,Moderate
35,300000,2,Wealth,10,Moderate
40,300000,1,Wealth,18,Conservative
37,379873,2,Wealth,10,Moderate
45,1141109,3,Retirement,17,Moderate
24,300000,2,Wealth,3,Moderate
62,1280283,1,Wealth,39,Moderate
35,652103,1,Wealth,5,Conservative
46,637199,2,Retirement,24,Moderate
37,3140735,3,Tax,14,Moderate
33,2818317,1,Tax,6,Moderate
49,503078,5,Wealth,22,Aggressive
27,1386720,2,Retirement,3,Moderate
37,828029,4,Income,14,Moderate
30,1467142,1,Wealth,7,Moderate
31,613002,4,Retirement,9,Moderate
53,316704,4,Retirement,24,Moderate
42,782846,3,Income,20,Moderate
28,1422642,3,Retirement,6,Aggressive
49,731749,3,Wealth,22,Moderate
25,1436313,2,Tax,0,Moderate
28,1966027,4,Retirement,0,Aggressive
27,1839659,1,Retirement,6,Moderate
37,1120269,4,Wealth,9,Aggressive
49,320217,5,Wealth,21,Aggressive
24,300000,4,Income,3,Moderate
23,1217555,4,Income,0,Moderate
29,1393158,2,Education,4,Moderate
22,811927,1,Education,0,Conservative
49,969147,5,Wealth,21,Aggressive
31,754319,2,Wealth,8,Moderate
44,845983,5,Retirement,17,Aggressive
51,1052792,4,Retirement,21,Moderate
28,1517994,1,Education,7,Conservative
28,871955,4,Wealth,1,Aggressive
24,816453,2,Wealth,0,Moderate
29,728814,1,Retirement,7,Conservative
32,948021,5,Retirement,11,Aggressive
37,300000,1,Retirement,11,Conservative
56,1527927,1,Tax,30,Conservative
26,705099,2,Retirement,3,Moderate
37,465841,2,Wealth,13,Moderate
59,2113746,4,Retirement,29,Aggressive
37,665319,1,Income,13,Conservative
34,387417,1,Income,8,Conservative
50,1355276,3,Tax,29,Moderate
30,577193,4,Tax,8,Aggressive
41,619829,3,Tax,12,Moderate
34,1469005,2,Wealth,5,Moderate
35,1606047,5,Tax,12,Aggressive
26,314197,4,Tax,2,Moderate
50,762121,1,Retirement,25,Moderate
53,300000,3,Income,32,Conservative
34,596482,1,Wealth,10,Conservative
33,463573,5,Retirement,9,Moderate
21,1684174,1,Wealth,0,Moderate
44,374899,3,Tax,14,Moderate
45,1180267,4,Wealth,16,Aggressive
34,654544,1,Retirement,8,Conservative
27,300000,3,Wealth,2,Moderate
57,452586,2,Education,31,Conservative
44,324875,1,Wealth,17,Moderate
41,454404,1,Wealth,15,Conservative
32,397892,5,Wealth,9,Aggressive
35,639834,1,Wealth,7,Moderate
62,1576844,3,Wealth,33,Moderate
53,444135,5,Tax,26,Moderate
31,364873,5,Tax,1,Moderate
32,528010,1,Tax,5,Conservative
31,652448,4,Retirement,10,Aggressive
24,467485,2,Retirement,0,Moderate
49,325636,4,Retirement,24,Moderate
50,1365383,3,Income,21,Moderate
49,1206973,1,Wealth,26,Moderate
54,752236,1,Retirement,32,Conservative
21,2317523,2,Retirement,0,Moderate
50,4553064,4,Wealth,28,Aggressive
47,2041617,4,Tax,22,Aggressive
59,300000,4,Wealth,36,Moderate
31,1002701,4,Retirement,3,Moderate
32,465722,5,Wealth,9,Aggressive
50,627444,2,Tax,20,Conservative
40,300000,3,Wealth,11,Moderate
43,968853,4,Tax,16,Aggressive
54,2708631,2,Retirement,32,Moderate
44,770236,2,Tax,18,Moderate
35,1641427,1,Income,8,Conservative
54,1025568,3,Retirement,27,Moderate
45,1375296,3,Income,21,Moderate
61,300000,3,Wealth,35,Moderate
44,1090477,5,Wealth,17,Aggressive
35,1459985,4,Income,9,Moderate
51,2656400,4,Wealth,28,Aggressive
28,300000,4,Wealth,0,Aggressive
30,2542744,2,Wealth,4,Aggressive
51,639721,5,Wealth,21,Aggressive
32,920034,3,Income,7,Moderate
60,1560767,1,Income,38,Conservative
33,1540335,3,Wealth,11,Aggressive
29,300000,2,Tax,8,Conservative
27,874344,4,Tax,2,Moderate
33,384023,1,Wealth,9,Conservative
49,837289,2,Wealth,24,Moderate
59,526639,1,Retirement,33,Conservative
23,300000,5,Tax,0,Aggressive
58,396647,1,Retirement,28,Conservative
23,1193960,1,Tax,0,Moderate
28,1027802,2,Education,5,Moderate
29,373114,1,Income,4,Conservative
35,539251,2,Income,10,Conservative
40,958751,4,Wealth,18,Aggressive
50,988383,2,Income,23,Conservative
23,1294290,4,Education,2,Aggressive
54,947768,5,Retirement,29,Aggressive
47,1219246,3,Tax,17,Moderate
29,769936,4,Retirement,5,Aggressive
32,1143745,5,Education,8,Aggressive
32,2478960,4,Tax,10,Aggressive
61,2422196,1,Retirement,39,Moderate
38,827117,3,Wealth,12,Moderate
44,355322,5,Income,19,Moderate
32,2065849,5,Wealth,6,Aggressive
27,300000,1,Tax,0,Conservative
51,1160205,4,Wealth,24,Aggressive
31,1132040,5,Tax,10,Aggressive
39,833565,4,Wealth,10,Aggressive
42,1063858,4,Wealth,14,Aggressive
25,319889,1,Tax,0,Conservative
32,386313,4,Retirement,8,Moderate
59,329028,3,Retirement,38,Moderate
31,358585,1,Wealth,5,Moderate
45,492735,1,Income,18,Conservative
28,712122,2,Tax,0,Moderate
50,1620536,3,Retirement,28,Moderate
49,3170313,5,Education,24,Aggressive
31,451476,4,Retirement,7,Moderate
36,764789,4,Income,11,Conservative
25,863745,1,Wealth,0,Moderate
43,432529,4,Wealth,18,Aggressive
33,583171,3,Tax,9,Moderate
35,2635646,5,Tax,10,Aggressive
39,1863573,4,Wealth,16,Aggressive
34,2031558,1,Wealth,8,Conservative
56,1187347,3,Wealth,29,Moderate
21,1459820,5,Retirement,0,Aggressive
43,1039698,3,Tax,13,Moderate
29,2467891,3,Retirement,0,Moderate
44,300000,3,Wealth,17,Moderate
49,374675,4,Retirement,21,Moderate
60,300000,3,Wealth,39,Moderate
42,499990,4,Wealth,16,Aggressive
44,836501,3,Retirement,17,Aggressive
50,728775,5,Education,25,Aggressive
40,443557,1,Wealth,17,Conservative
27,907622,4,Income,6,Aggressive
25,1026990,1,Education,0,Conservative
40,1167182,5,Income,18,Aggressive
32,1374139,1,Retirement,2,Conservative
50,520851,3,Income,20,Conservative
65,1625034,5,Wealth,40,Aggressive
48,766332,4,Income,26,Moderate
57,1365567,5,Retirement,30,Aggressive
55,518089,4,Retirement,25,Moderate
65,2680358,3,Tax,39,Moderate
47,1147445,2,Education,26,Moderate
51,872236,3,Wealth,21,Moderate
50,344918,3,Retirement,28,Moderate
54,1724928,1,Tax,29,Conservative
35,377220,2,Tax,13,Conservative
42,3805786,5,Wealth,12,Aggressive
29,1346367,2,Wealth,6,Moderate
28,323465,3,Wealth,7,Aggressive
30,935829,1,Wealth,8,Moderate
21,3194568,2,Wealth,0,Aggressive
21,798520,5,Wealth,0,Aggressive
40,627330,2,Tax,11,Moderate
33,1002091,4,Wealth,5,Aggressive
38,475321,4,Wealth,12,Aggressive
30,2051172,5,Tax,3,Aggressive
35,442685,2,Retirement,6,Conservative
37,1090726,1,Retirement,16,Moderate
51,1934743,5,Tax,25,Aggressive
29,838489,3,Retirement,4,Moderate
33,1990086,3,Wealth,9,Aggressive
30,706420,5,Retirement,9,Aggressive
23,366423,3,Retirement,0,Moderate
30,1355371,4,Tax,2,Aggressive
38,1020475,1,Wealth,9,Conservative
40,412138,1,Tax,12,Conservative
59,758718,1,Tax,37,Conservative
45,407471,2,Wealth,24,Moderate
32,802639,5,Tax,6,Aggressive
35,3983383,3,Retirement,8,Aggressive
41,1577365,2,Wealth,13,Aggressive
48,1250292,3,Income,18,Moderate
31,907200,5,Wealth,6,Aggressive
27,1680134,3,Wealth,2,Aggressive
31,851093,2,Retirement,9,Moderate
27,300000,2,Tax,2,Moderate
27,315720,2,Wealth,0,Moderate
29,549011,1,Income,3,Conservative
36,600283,4,Retirement,12,Moderate
53,820733,2,Wealth,24,Moderate
34,1850239,4,Retirement,13,Aggressive
34,1058871,2,Wealth,13,Moderate
28,913133,3,Wealth,1,Moderate
31,372561,5,Wealth,5,Aggressive
56,723768,2,Retirement,28,Moderate
51,522181,1,Wealth,27,Moderate
29,394021,2,Education,5,Moderate
41,300000,3,Wealth,11,Moderate
51,352051,3,Education,24,Moderate
44,2734587,3,Wealth,20,Aggressive
31,1822660,3,Retirement,7,Moderate
21,443548,2,Retirement,0,Conservative
40,574758,4,Wealth,14,Aggressive
28,4685656,3,Wealth,3,Aggressive
38,4265369,3,Wealth,15,Aggressive
41,937403,2,Wealth,11,Moderate
49,1360927,5,Tax,23,Aggressive
46,993392,1,Retirement,17,Moderate
65,647044,1,Income,40,Conservative
47,978238,1,Wealth,22,Moderate
26,1253223,5,Wealth,2,Aggressive
40,1684306,2,Income,18,Moderate
35,1014497,5,Income,13,Moderate
22,1004139,3,Tax,0,Moderate
23,332548,2,Wealth,2,Moderate
29,452361,2,Income,0,Conservative
36,300000,1,Retirement,14,Conservative
50,1122856,3,Retirement,27,Moderate
30,540518,4,Wealth,7,Aggressive
38,701197,2,Wealth,11,Moderate
43,856186,2,Wealth,18,Moderate
25,995593,2,Retirement,2,Conservative
57,300000,4,Retirement,34,Moderate
28,1056197,1,Wealth,2,Moderate
29,611545,3,Tax,4,Moderate
22,1493230,4,Wealth,0,Aggressive
27,644364,2,Tax,3,Moderate
41,525546,1,Tax,11,Conservative
31,1790787,3,Tax,4,Moderate
31,410248,5,Wealth,5,Aggressive
31,562851,1,Wealth,8,Conservative
22,421592,3,Wealth,0,Moderate
36,580991,2,Retirement,15,Moderate
32,2617178,3,Income,2,Moderate
59,345235,2,Income,32,Conservative
21,674760,1,Wealth,0,Moderate
51,1398759,5,Tax,24,Aggressive
55,689349,1,Income,25,Conservative
53,1060298,2,Income,32,Conservative
28,554788,4,Income,0,Moderate
26,748058,1,Wealth,5,Moderate
30,673489,5,Education,0,Aggressive
45,707658,4,Tax,19,Moderate
35,1833213,4,Tax,8,Moderate
60,527325,2,Income,34,Conservative
35,1001483,3,Wealth,8,Aggressive
30,1578481,5,Retirement,2,Aggressive
32,1186313,2,Retirement,6,Moderate
32,667145,5,Wealth,2,Aggressive
36,2073877,3,Wealth,13,Aggressive
30,902599,2,Tax,7,Moderate
21,1482576,1,Wealth,0,Moderate
32,556967,1,Retirement,8,Moderate
31,1214892,4,Tax,4,Moderate
46,1290900,3,Tax,19,Moderate
35,471476,2,Income,8,Conservative
29,2085095,3,Retirement,0,Aggressive
39,1776890,3,Wealth,17,Aggressive
41,552740,1,Tax,15,Conservative
30,300000,2,Retirement,6,Moderate
27,712058,4,Income,0,Moderate
38,752065,2,Wealth,12,Moderate
35,529028,1,Wealth,12,Moderate
40,580245,4,Wealth,18,Aggressive
56,1441633,4,Wealth,32,Aggressive
39,2471642,5,Tax,12,Aggressive
28,1393467,2,Retirement,2,Moderate
47,1936076,5,Retirement,23,Aggressive
42,808971,1,Wealth,21,Moderate
34,300000,2,Wealth,10,Moderate
51,547999,2,Education,28,Moderate
55,485827,2,Wealth,32,Moderate
58,1606084,5,Retirement,34,Aggressive
47,300000,3,Income,22,Moderate
42,897037,3,Wealth,13,Moderate
52,724039,3,Income,23,Moderate
57,1038233,5,Wealth,29,Aggressive
25,413308,5,Retirement,4,Aggressive
36,1822114,4,Wealth,13,Aggressive
34,912707,3,Retirement,5,Moderate
23,366672,5,Wealth,0,Aggressive
25,405707,4,Income,0,Moderate
39,596697,1,Retirement,11,Conservative
36,1171819,1,Income,10,Conservative
42,473545,5,Tax,13,Moderate
36,1231573,4,Income,10,Moderate
24,781619,4,Income,0,Conservative
54,2282329,5,Retirement,27,Aggressive
53,534606,2,Tax,24,Moderate
28,775253,1,Retirement,7,Conservative
25,1490013,1,Wealth,1,Moderate
34,447199,2,Tax,4,Conservative
61,422869,1,Education,35,Conservative
22,358053,1,Income,0,Conservative
42,1215775,1,Wealth,14,Moderate
26,300000,1,Education,5,Conservative
28,985031,3,Wealth,6,Moderate
39,494470,5,Wealth,16,Aggressive
41,496310,2,Wealth,13,Moderate
22,300000,1,Retirement,0,Conservative
35,750683,3,Wealth,8,Moderate
30,477885,5,Wealth,0,Aggressive
52,692609,2,Wealth,23,Moderate
39,698377,1,Retirement,12,Moderate
40,2704366,1,Wealth,14,Moderate
24,424571,1,Tax,0,Conservative
26,1147193,4,Retirement,0,Moderate
47,633284,3,Retirement,23,Moderate
42,1212640,5,Tax,14,Aggressive
58,708286,2,Wealth,32,Moderate
30,2796406,2,Wealth,7,Aggressive
28,773191,3,Wealth,5,Aggressive
26,865325,3,Tax,3,Moderate
29,1852714,1,Wealth,2,Moderate
26,626817,2,Tax,0,Conservative
56,1660006,1,Tax,33,Conservative
26,1859128,3,Tax,5,Aggressive
30,546803,3,Retirement,4,Moderate
25,1416414,3,Tax,0,Moderate
44,411716,5,Income,22,Moderate
33,933939,5,Wealth,11,Aggressive
62,509454,1,Wealth,33,Conservative
42,768900,3,Education,12,Moderate
27,1302717,1,Income,3,Moderate
35,1772974,1,Wealth,14,Moderate
23,300000,5,Wealth,1,Aggressive
30,437839,4,Retirement,4,Moderate
42,2083178,5,Retirement,14,Aggressive
59,806204,1,Wealth,37,Moderate
34,788434,5,Wealth,10,Aggressive
31,1615150,3,Income,1,Moderate
58,300000,3,Education,29,Moderate
64,401466,2,Wealth,38,Conservative
57,1611935,4,Income,28,Moderate
57,300000,5,Retirement,34,Moderate
30,826613,4,Wealth,7,Aggressive
34,300000,2,Retirement,8,Conservative
23,552734,3,Income,0,Moderate
29,1774948,1,Wealth,5,Aggressive
44,300000,5,Wealth,21,Aggressive
46,644544,3,Education,23,Moderate
34,1500115,2,Wealth,13,Moderate
40,440550,1,Income,11,Conservative
48,1014386,3,Retirement,23,Moderate
39,2872525,3,Wealth,18,Aggressive
58,1340824,3,Wealth,32,Moderate
57,934723,5,Retirement,28,Aggressive
38,2479186,5,Wealth,11,Aggressive
50,893061,1,Tax,23,Conservative
22,734134,5,Retirement,0,Aggressive
42,385122,2,Income,21,Conservative
60,1461152,1,Income,37,Conservative
62,3368789,3,Income,35,Moderate
38,300000,2,Tax,11,Conservative
27,447401,3,Retirement,5,Moderate
46,759869,1,Wealth,24,Moderate
36,437100,3,Tax,11,Moderate
55,1409904,4,Wealth,25,Aggressive
25,1242740,2,Wealth,0,Aggressive
33,1069427,1,Income,6,Conservative
27,2916000,1,Income,1,Conservative
29,1011159,3,Retirement,1,Moderate
38,553348,3,Tax,13,Moderate
29,360554,2,Wealth,7,Moderate
35,1126040,5,Income,12,Moderate
33,367485,2,Tax,7,Conservative
26,1354885,4,Income,2,Moderate
29,576622,2,Retirement,5,Moderate
52,300000,3,Wealth,29,Moderate
30,1640884,5,Education,5,Aggressive
23,1201052,5,Tax,0,Aggressive
39,1409565,2,Wealth,9,Moderate
34,300000,4,Tax,12,Moderate
51,2048657,2,Education,28,Moderate
49,2958425,1,Income,27,Conservative
55,406769,5,Education,34,Moderate
48,1060584,1,Wealth,25,Moderate
27,613075,4,Income,6,Moderate
27,604470,4,Income,3,Moderate
27,975585,3,Wealth,6,Aggressive
37,534007,2,Tax,9,Conservative
37,714667,2,Tax,11,Conservative
32,3227202,2,Tax,6,Moderate
47,327500,1,Retirement,20,Conservative
43,1021405,4,Wealth,16,Aggressive
35,4025074,4,Wealth,12,Aggressive
30,835455,1,Wealth,4,Moderate
31,1332780,2,Income,8,Conservative
35,474135,2,Wealth,14,Conservative
32,437237,1,Retirement,4,Conservative
44,315410,3,Retirement,14,Moderate
24,859933,3,Education,3,Moderate
25,2906198,2,Wealth,0,Moderate
56,1259170,2,Retirement,30,Conservative
50,908503,1,Income,27,Conservative
42,603358,5,Wealth,20,Aggressive
54,571142,4,Tax,32,Moderate
46,449209,2,Wealth,22,Moderate
51,488680,2,Retirement,26,Moderate
31,1150052,5,Wealth,5,Aggressive
57,4421637,3,Retirement,33,Aggressive
37,1475798,4,Wealth,16,Aggressive
45,562553,5,Income,17,Moderate
60,471584,1,Wealth,36,Moderate
41,449512,3,Wealth,11,Moderate
29,4003219,4,Retirement,6,Aggressive
41,1527291,3,Wealth,13,Moderate
37,1075395,5,Education,9,Aggressive
33,1798047,4,Retirement,5,Aggressive
46,1321386,2,Retirement,23,Moderate
52,300000,1,Income,25,Conservative
43,389963,3,Retirement,15,Moderate
55,1811601,1,Wealth,31,Moderate
21,3696444,3,Income,0,Moderate
30,2060713,3,Income,8,Moderate
47,783129,3,Income,26,Conservative
33,1163645,1,Wealth,12,Moderate
48,416075,2,Retirement,27,Conservative
54,1095957,3,Wealth,27,Moderate
41,969669,5,Retirement,18,Aggressive
31,812954,5,Income,10,Moderate
56,1298943,1,Retirement,31,Conservative
45,906122,1,Retirement,19,Moderate
59,300000,5,Wealth,38,Aggressive
27,529639,2,Retirement,5,Moderate
56,503241,2,Tax,33,Moderate
42,727395,4,Education,19,Aggressive
48,1004048,3,Wealth,27,Moderate
34,1085299,5,Wealth,13,Aggressive
56,695877,1,Income,32,Conservative
29,744277,5,Retirement,0,Aggressive
25,300000,5,Education,2,Aggressive
54,1701737,1,Wealth,33,Moderate
35,911231,5,Wealth,12,Aggressive
40,715948,2,Retirement,13,Moderate
41,653722,3,Retirement,14,Moderate
42,300000,2,Wealth,13,Moderate
27,3210635,5,Retirement,0,Aggressive
58,512270,2,Wealth,36,Moderate
37,300000,4,Tax,16,Moderate
40,711977,5,Wealth,15,Aggressive
59,825558,4,Education,38,Moderate
31,1773999,2,Wealth,10,Moderate
49,728705,1,Income,21,Conservative
35,673702,3,Wealth,6,Moderate
31,471592,1,Tax,9,Conservative
24,300000,4,Education,3,Moderate
33,318674,1,Tax,11,Conservative
33,1187100,4,Wealth,12,Aggressive
50,1109685,1,Tax,25,Conservative
34,1584608,3,Wealth,10,Moderate
52,715228,5,Tax,23,Moderate
51,2322441,3,Retirement,21,Aggressive
52,422338,2,Tax,24,Conservative
38,593553,2,Wealth,10,Moderate
49,748900,1,Wealth,23,Moderate
21,743984,3,Wealth,0,Moderate
53,452848,2,Retirement,30,Moderate
46,402160,5,Income,25,Moderate
32,300000,1,Retirement,7,Conservative
27,2415733,4,Tax,0,Aggressive
60,815410,1,Retirement,39,Conservative
28,625961,3,Wealth,2,Moderate
49,462574,3,Retirement,21,Moderate
54,859653,5,Wealth,33,Aggressive
23,721105,1,Wealth,0,Conservative
41,2707369,1,Wealth,18,Moderate
24,573679,3,Wealth,1,Aggressive
35,646978,1,Wealth,12,Conservative
57,1376162,2,Tax,30,Moderate
30,1282249,2,Tax,4,Aggressive
40,346806,1,Wealth,12,Conservative
25,1169794,2,Wealth,0,Moderate
54,1881606,3,Wealth,32,Aggressive
39,2215562,4,Tax,17,Aggressive
59,340518,1,Retirement,31,Conservative
47,787841,5,Retirement,18,Aggressive
27,376137,1,Wealth,4,Moderate
24,1471034,3,Income,0,Moderate
26,898097,5,Wealth,5,Aggressive
45,1869716,5,Retirement,17,Aggressive
57,1172139,4,Retirement,29,Aggressive
27,426588,1,Income,0,Conservative
41,853730,1,Income,19,Conservative
50,477346,5,Wealth,22,Aggressive
57,380209,2,Wealth,28,Conservative
34,563119,1,Retirement,10,Conservative
54,922130,1,Wealth,29,Conservative
44,409543,2,Wealth,17,Moderate
23,878460,4,Income,0,Conservative
28,313564,1,Tax,0,Conservative
56,300000,3,Retirement,31,Moderate
34,2811916,2,Tax,13,Moderate
23,606005,1,Wealth,0,Moderate
35,699697,2,Tax,7,Moderate
30,624136,2,Wealth,6,Moderate
33,1151814,4,Tax,9,Moderate
27,903055,4,Income,4,Aggressive
39,1504331,5,Retirement,12,Aggressive
32,981243,1,Wealth,6,Moderate
36,793633,4,Retirement,14,Moderate
51,1635624,1,Wealth,22,Moderate
56,621059,5,Wealth,26,Aggressive
35,776266,4,Wealth,14,Aggressive
48,675785,4,Wealth,23,Aggressive
54,2101244,5,Income,29,Aggressive
28,1018777,3,Wealth,5,Aggressive
59,844233,3,Tax,36,Moderate
21,300000,5,Tax,0,Moderate
54,1035437,3,Wealth,26,Aggressive
32,1317616,3,Tax,2,Moderate
25,1530998,3,Retirement,0,Moderate
52,699864,3,Tax,29,Moderate
37,1271600,2,Wealth,7,Moderate
49,1109336,2,Wealth,19,Moderate
32,300000,4,Retirement,10,Moderate
49,1768039,1,Retirement,23,Conservative
21,719065,2,Retirement,0,Moderate
29,951304,1,Tax,3,Conservative
52,521087,5,Income,30,Moderate
39,1314844,5,Wealth,17,Aggressive
55,1039027,5,Income,31,Aggressive
41,300000,1,Wealth,15,Conservative
26,498880,5,Wealth,0,Aggressive
37,2174278,4,Retirement,12,Aggressive
46,1408865,1,Tax,24,Conservative
32,639862,4,Wealth,5,Aggressive
41,645427,4,Wealth,11,Aggressive
30,433371,3,Wealth,2,Moderate
33,450435,4,Retirement,4,Moderate
47,927900,2,Retirement,19,Moderate
29,2542107,4,Wealth,4,Aggressive
35,646687,5,Wealth,9,Aggressive
28,823816,3,Wealth,0,Moderate
28,483838,1,Tax,0,Conservative
45,754341,4,Retirement,22,Moderate
51,1024353,3,Wealth,27,Aggressive
57,3042338,4,Retirement,27,Aggressive
32,1833339,4,Income,10,Moderate
32,1833012,5,Wealth,11,Aggressive
27,586925,2,Tax,0,Moderate
29,425048,3,Income,3,Moderate
21,806390,3,Retirement,0,Moderate
29,526724,4,Education,5,Aggressive
39,591641,3,Wealth,15,Moderate
45,977881,1,Wealth,24,Moderate
43,1262817,1,Retirement,16,Moderate
44,1873254,4,Retirement,16,Aggressive
45,1155327,3,Education,16,Moderate
26,894530,4,Wealth,0,Aggressive
53,455910,1,Education,24,Conservative
49,1881511,3,Income,27,Moderate
58,1391905,2,Wealth,28,Moderate
25,598480,4,Retirement,0,Moderate
42,1461083,1,Wealth,18,Moderate
55,871771,1,Income,29,Conservative
56,1783124,2,Retirement,26,Moderate
54,682462,4,Wealth,27,Aggressive
59,699964,5,Retirement,35,Aggressive
56,300000,5,Wealth,34,Aggressive
29,584332,1,Retirement,3,Conservative
31,2585392,5,Retirement,9,Aggressive
31,5222286,1,Wealth,1,Moderate
39,1101764,5,Retirement,9,Aggressive
31,570886,1,Wealth,7,Moderate
29,665448,3,Tax,6,Moderate
59,779818,2,Wealth,33,Moderate
22,639713,1,Education,0,Conservative
33,1402062,5,Tax,3,Aggressive
59,307949,4,Wealth,32,Aggressive
66,824259,5,Wealth,40,Aggressive
29,2906677,2,Retirement,2,Moderate
24,1675271,5,Wealth,1,Aggressive
25,3376989,5,Wealth,2,Aggressive
63,735897,4,Tax,40,Moderate
28,515155,1,Wealth,5,Moderate
59,1007340,3,Wealth,36,Aggressive
35,472601,4,Retirement,7,Moderate
44,562532,2,Education,14,Moderate
42,696394,4,Income,12,Moderate
33,1903610,1,Wealth,11,Conservative
25,1557538,2,Wealth,0,Moderate
29,1155776,3,Wealth,1,Aggressive
57,867572,3,Wealth,34,Moderate
38,2776306,5,Wealth,17,Aggressive
48,1098015,5,Tax,21,Aggressive
52,424546,2,Wealth,31,Moderate
55,911070,3,Wealth,25,Moderate
33,417582,1,Retirement,6,Conservative
51,560974,2,Tax,22,Moderate
33,2123814,5,Retirement,6,Aggressive
52,1001746,5,Tax,23,Aggressive
54,874141,5,Wealth,27,Aggressive
29,972841,4,Wealth,1,Aggressive
33,766157,3,Income,6,Moderate
53,300000,4,Education,28,Moderate
26,1356165,2,Income,1,Conservative
32,1292228,4,Tax,3,Moderate
29,916823,3,Wealth,1,Moderate
28,498108,2,Education,1,Moderate
34,2807983,3,Wealth,12,Aggressive
30,577977,3,Retirement,4,Moderate
55,463017,1,Tax,29,Conservative
31,866723,1,Retirement,3,Conservative
33,1325197,1,Education,10,Conservative
53,1143570,5,Retirement,24,Aggressive
36,1205229,4,Wealth,14,Aggressive
33,1854603,1,Retirement,7,Conservative
44,991479,2,Wealth,19,Moderate
53,2070201,5,Tax,27,Aggressive
26,1146939,1,Wealth,5,Moderate
35,763436,4,Wealth,8,Aggressive
44,593213,5,Retirement,17,Aggressive
57,2136677,5,Tax,35,Aggressive
31,1279943,2,Income,2,Conservative
26,643133,3,Income,0,Moderate
52,596184,2,Retirement,31,Moderate
30,394998,4,Retirement,5,Moderate
35,2651953,4,Retirement,5,Aggressive
55,1131428,4,Income,28,Moderate
47,2261788,5,Income,17,Moderate
28,3529412,4,Retirement,0,Aggressive
30,3000584,2,Retirement,6,Moderate
29,608961,5,Income,0,Aggressive
28,6174076,2,Education,3,Aggressive
46,1386031,1,Tax,23,Moderate
42,359353,1,Wealth,21,Moderate
49,966795,1,Income,20,Conservative
35,875212,2,Retirement,12,Conservative
58,1096219,3,Retirement,28,Aggressive
27,1000958,2,Wealth,4,Moderate
30,1256623,1,Income,3,Conservative
51,496626,3,Income,28,Conservative
58,1014976,5,Tax,32,Aggressive
30,603306,4,Wealth,5,Aggressive
35,932587,3,Education,6,Moderate
42,721808,1,Retirement,14,Conservative
47,608660,3,Income,25,Moderate
24,1376961,4,Tax,2,Moderate
60,1157151,5,Wealth,39,Aggressive
58,1093122,2,Income,37,Conservative
49,596066,3,Wealth,28,Aggressive
32,1218003,1,Education,6,Moderate
51,792106,4,Education,24,Moderate
46,607339,3,Wealth,17,Moderate
47,1636352,3,Wealth,26,Moderate
39,1437334,3,Wealth,15,Aggressive
48,300000,1,Retirement,21,Conservative
29,300000,3,Tax,2,Moderate
48,2423012,3,Retirement,25,Moderate
47,336671,5,Education,22,Moderate
59,321813,1,Retirement,31,Conservative
25,729580,3,Retirement,0,Moderate
54,970109,4,Tax,32,Moderate
29,574448,2,Retirement,1,Moderate
49,300000,2,Tax,27,Conservative
39,898903,5,Wealth,17,Aggressive
34,2845994,1,Retirement,8,Moderate
42,307727,4,Wealth,12,Moderate
26,2556158,1,Wealth,0,Moderate
52,663256,2,Wealth,27,Moderate
50,2810635,4,Tax,28,Aggressive
40,1247459,2,Wealth,13,Moderate
59,550176,2,Wealth,32,Moderate
48,1252936,1,Wealth,23,Moderate
41,2019224,3,Education,16,Aggressive
46,300000,5,Wealth,20,Aggressive
34,870657,4,Wealth,9,Aggressive
27,1663801,5,Education,0,Aggressive
39,634066,4,Tax,14,Moderate
29,320916,2,Tax,1,Moderate
32,3382301,4,Income,8,Moderate
48,300000,4,Retirement,19,Moderate
31,646869,1,Retirement,5,Conservative
25,766453,5,Education,2,Aggressive
58,3491358,5,Tax,30,Aggressive
40,300000,4,Tax,12,Moderate
55,797543,3,Wealth,25,Moderate
57,515886,3,Wealth,36,Moderate
57,513656,5,Retirement,29,Aggressive
44,2409717,4,Tax,21,Aggressive
34,408126,5,Tax,9,Moderate
21,334411,1,Tax,0,Conservative
33,353778,2,Tax,3,Conservative
27,904396,1,Wealth,2,Moderate
27,792086,2,Income,5,Moderate
54,668347,4,Tax,28,Moderate
54,555091,4,Retirement,28,Moderate
23,2179597,1,Retirement,1,Moderate
28,300000,1,Retirement,4,Conservative
31,1880750,3,Education,4,Moderate
49,302733,1,Tax,21,Conservative
27,1709595,5,Income,0,Moderate
35,1421441,2,Wealth,14,Moderate
26,1253741,3,Retirement,0,Aggressive
37,756560,5,Retirement,10,Aggressive
52,597013,5,Wealth,28,Aggressive
44,920484,1,Wealth,15,Moderate
37,1772858,3,Wealth,14,Moderate
29,645144,4,Income,0,Moderate
56,563155,4,Tax,30,Moderate
48,782285,1,Retirement,24,Conservative
21,672130,2,Tax,0,Moderate
55,719184,1,Retirement,33,Conservative
41,2568867,2,Education,13,Moderate
40,469447,5,Wealth,19,Aggressive
27,1949159,3,Wealth,4,Aggressive
46,1539034,4,Wealth,23,Aggressive
36,300000,5,Retirement,8,Aggressive
55,489225,1,Wealth,28,Conservative
46,778185,3,Education,25,Moderate
24,773086,4,Income,1,Moderate
36,555061,5,Retirement,14,Aggressive
41,1638470,1,Wealth,15,Moderate
54,928974,2,Wealth,26,Moderate
48,847943,3,Wealth,27,Moderate
22,1997208,2,Retirement,0,Moderate
32,484744,3,Income,5,Conservative
41,538279,2,Income,14,Conservative
41,613817,5,Education,18,Aggressive
47,303351,4,Retirement,25,Moderate
33,793804,1,Education,12,Conservative
50,1248456,4,Tax,28,Moderate
52,332270,3,Retirement,28,Moderate
60,386825,2,Wealth,30,Moderate
25,829616,4,Income,1,Moderate
41,1024668,1,Income,12,Conservative
23,677641,1,Income,0,Conservative
56,612497,4,Education,28,Moderate
24,2073169,2,Income,1,Conservative
44,536445,3,Wealth,18,Aggressive
21,2324844,5,Tax,0,Aggressive
28,543211,2,Retirement,0,Moderate
48,1158385,5,Education,27,Aggressive
30,534034,4,Tax,0,Moderate
43,596832,4,Income,20,Moderate
29,517108,4,Wealth,0,Aggressive
49,1342338,3,Retirement,23,Moderate
29,2522629,4,Retirement,3,Aggressive
21,866459,2,Retirement,0,Conservative
25,387266,2,Tax,2,Moderate
34,1250999,3,Wealth,6,Aggressive
44,2264913,1,Wealth,17,Moderate
21,1483780,5,Income,0,Moderate
30,306172,2,Income,2,Conservative
49,525938,2,Tax,24,Conservative
49,455838,4,Wealth,19,Moderate
32,840163,1,Tax,2,Conservative
28,1205013,4,Wealth,2,Aggressive
50,1759425,3,Retirement,24,Moderate
57,1067349,5,Income,34,Aggressive
34,2327505,5,Wealth,12,Aggressive
30,2941545,4,Tax,3,Aggressive
38,2201649,5,Retirement,8,Aggressive
46,502865,5,Retirement,20,Aggressive
52,1313655,1,Wealth,30,Moderate
30,1184688,2,Wealth,6,Aggressive
26,3035864,3,Income,3,Moderate
45,7248230,1,Wealth,22,Moderate
43,619913,1,Education,15,Moderate
28,952249,4,Wealth,6,Aggressive
36,894245,4,Tax,9,Moderate
30,1930228,4,Retirement,8,Aggressive
42,767036,3,Retirement,15,Moderate
27,1360221,4,Income,0,Moderate
56,862146,2,Wealth,27,Moderate
35,300000,3,Tax,11,Moderate
57,829821,5,Tax,32,Moderate
53,977840,3,Income,25,Conservative
55,1022761,5,Income,25,Aggressive
60,1757349,1,Retirement,33,Moderate
24,638921,5,Tax,0,Aggressive
35,409387,3,Retirement,13,Moderate
38,2324309,2,Retirement,16,Moderate
28,623800,2,Wealth,2,Moderate
30,984870,5,Education,1,Aggressive
21,902622,3,Wealth,0,Moderate
22,300000,5,Retirement,0,Moderate
50,2406187,5,Tax,27,Aggressive
53,1064107,1,Wealth,29,Moderate
31,1334244,3,Wealth,9,Moderate
60,2101702,5,Income,34,Aggressive
25,790143,4,Retirement,3,Aggressive
54,1321681,4,Wealth,31,Aggressive
24,984560,4,Income,0,Moderate
25,1522383,5,Wealth,0,Aggressive
55,676249,3,Tax,25,Moderate
42,2639966,1,Income,16,Conservative
52,395924,4,Tax,31,Moderate
31,2302536,5,Wealth,6,Aggressive
51,2439869,5,Tax,24,Aggressive
40,1092235,3,Retirement,15,Moderate
44,835005,5,Retirement,15,Aggressive
44,2289090,3,Wealth,14,Aggressive
47,1693348,1,Tax,18,Moderate
48,489404,1,Wealth,26,Conservative
22,1289570,5,Retirement,0,Aggressive
35,735960,2,Wealth,6,Moderate
35,1181920,1,Wealth,11,Moderate
24,1333070,3,Wealth,2,Aggressive
56,498965,5,Income,27,Moderate
36,326287,2,Wealth,12,Moderate
51,582248,1,Retirement,29,Conservative
38,2095735,3,Retirement,14,Moderate
61,955805,5,Wealth,35,Aggressive
25,2133103,3,Retirement,0,Aggressive
43,3006466,5,Education,17,Aggressive
49,960330,2,Wealth,19,Moderate
21,1232148,3,Income,0,Moderate
28,1578249,3,Retirement,0,Moderate
21,300000,1,Tax,0,Conservative
35,557135,3,Retirement,7,Moderate
34,848244,1,Wealth,8,Moderate
31,1880600,3,Retirement,10,Moderate
41,315619,3,Retirement,18,Moderate
27,1481724,1,Retirement,2,Conservative
49,605420,1,Retirement,19,Conservative
37,1280113,1,Tax,16,Moderate
28,670937,2,Tax,7,Moderate
57,727063,5,Retirement,30,Aggressive
53,620842,4,Income,31,Moderate
32,673527,5,Tax,7,Aggressive
45,2049500,5,Wealth,21,Aggressive
23,423312,5,Education,0,Moderate
27,329650,2,Wealth,6,Moderate
55,380062,5,Tax,26,Moderate
22,603034,2,Tax,0,Moderate
27,800318,4,Retirement,3,Aggressive
45,982589,4,Retirement,23,Moderate
61,803228,1,Tax,34,Conservative
51,559935,5,Tax,26,Moderate
42,3439591,5,Retirement,20,Aggressive
29,1329262,1,Wealth,3,Moderate
27,509339,2,Wealth,0,Moderate
50,864431,5,Tax,24,Moderate
21,1851956,5,Tax,0,Aggressive
66,592924,4,Wealth,37,Moderate
56,745468,2,Education,33,Moderate
24,643516,2,Tax,0,Moderate
24,1937067,4,Tax,0,Moderate
31,1169123,2,Retirement,7,Moderate
51,550092,1,Tax,24,Conservative
36,3899204,5,Education,13,Aggressive
38,434417,3,Income,13,Conservative
23,859288,1,Retirement,0,Moderate
48,2023375,4,Wealth,20,Aggressive
34,802155,4,Tax,9,Moderate
39,693426,4,Income,12,Moderate
32,1183048,3,Retirement,8,Moderate
33,978217,1,Education,7,Conservative
32,488700,3,Retirement,2,Conservative
41,1431386,5,Wealth,17,Aggressive
40,490155,4,Retirement,15,Moderate
45,330871,3,Retirement,18,Moderate
26,1010216,5,Wealth,0,Aggressive
65,480071,5,Tax,40,Moderate
50,907118,5,Income,20,Moderate
60,1162980,4,Wealth,34,Aggressive
58,1014376,2,Tax,33,Moderate
53,7958202,5,Wealth,23,Aggressive
32,2493226,2,Wealth,11,Moderate
28,1324433,5,Tax,1,Aggressive
47,1272173,3,Retirement,17,Moderate
36,1589046,5,Wealth,8,Aggressive
33,902578,4,Income,10,Moderate
47,848557,4,Wealth,22,Aggressive
31,872600,2,Income,9,Conservative
50,650660,2,Wealth,29,Moderate
47,3742791,1,Wealth,26,Moderate
26,447862,3,Income,0,Conservative
51,1784585,1,Wealth,23,Moderate
43,1606654,5,Tax,22,Aggressive
47,1480532,2,Retirement,18,Moderate
35,950515,4,Retirement,7,Aggressive
58,489178,3,Tax,35,Moderate
36,1257516,4,Income,10,Moderate
47,1257301,2,Tax,22,Moderate
53,4794904,1,Retirement,27,Moderate
36,1453588,3,Retirement,9,Moderate
24,1129952,2,Wealth,0,Aggressive
39,934967,4,Retirement,16,Moderate
41,701107,5,Income,20,Moderate
33,1110453,5,Wealth,5,Aggressive
34,1425371,5,Wealth,10,Aggressive
29,543473,1,Wealth,2,Moderate
39,664035,4,Retirement,14,Moderate
35,498261,3,Wealth,5,Moderate
26,1295285,2,Retirement,1,Moderate
22,2023538,5,Wealth,0,Aggressive
58,300000,5,Income,32,Moderate
32,733714,1,Retirement,6,Conservative
28,3234869,5,Retirement,0,Aggressive
56,1551610,1,Wealth,32,Moderate
21,1209385,1,Education,0,Moderate
28,399364,1,Education,2,Conservative
40,1700412,5,Tax,18,Aggressive
40,877910,5,Wealth,18,Aggressive
37,1567593,3,Tax,16,Moderate
61,4437134,1,Tax,31,Moderate
31,366996,2,Wealth,10,Moderate
30,2530993,4,Wealth,0,Aggressive
44,747690,1,Wealth,16,Moderate
55,2191196,2,Income,34,Moderate
26,605199,1,Wealth,4,Moderate
33,460419,5,Tax,10,Aggressive
24,1548890,5,Wealth,0,Aggressive
61,300000,3,Tax,36,Moderate
25,533692,3,Income,3,Moderate
26,534416,1,Tax,3,Conservative
25,567618,5,Retirement,2,Aggressive
39,1407957,1,Wealth,11,Moderate
38,1316264,2,Wealth,15,Moderate
27,842061,1,Tax,6,Moderate
39,528308,3,Wealth,16,Moderate
42,805355,4,Education,16,Moderate
44,367367,2,Education,17,Moderate
26,365831,3,Wealth,4,Moderate
46,538785,5,Wealth,22,Aggressive
30,320873,1,Tax,3,Conservative
44,973747,3,Wealth,18,Aggressive
21,1337639,3,Tax,0,Moderate
48,889492,5,Wealth,20,Aggressive
57,405496,4,Retirement,34,Moderate
24,639306,5,Tax,0,Aggressive
35,1679948,1,Wealth,7,Moderate
21,2002902,5,Education,0,Aggressive
47,378295,1,Wealth,21,Moderate
52,1202191,5,Education,31,Aggressive
38,495582,4,Wealth,17,Aggressive
42,2019091,1,Tax,12,Moderate
57,2097719,1,Education,33,Moderate
31,300000,3,Wealth,7,Moderate
27,455930,5,Retirement,0,Aggressive
57,1179912,3,Wealth,32,Aggressive
46,300000,2,Wealth,17,Moderate
39,2465020,1,Wealth,15,Moderate
48,1159532,4,Tax,23,Moderate
35,300000,4,Tax,5,Moderate
47,1754845,1,Retirement,21,Moderate
50,1764450,3,Wealth,27,Aggressive
40,1307321,1,Wealth,15,Conservative
56,1181134,2,Tax,29,Moderate
30,1574542,2,Wealth,7,Aggressive
33,397726,2,Retirement,6,Conservative
50,973576,1,Wealth,24,Moderate
54,484054,5,Retirement,24,Aggressive
32,1859340,3,Tax,10,Moderate
32,826268,4,Income,4,Moderate
48,300000,5,Retirement,26,Moderate
54,300000,1,Tax,32,Conservative
54,796669,3,Retirement,24,Moderate
47,551459,1,Retirement,18,Conservative
48,567354,4,Retirement,24,Moderate
21,476263,1,Tax,0,Conservative
44,450362,1,Wealth,18,Moderate
28,1046454,5,Retirement,1,Aggressive
42,1363757,1,Retirement,18,Moderate
28,969515,4,Wealth,6,Aggressive
52,1283325,5,Retirement,26,Aggressive
31,842539,1,Retirement,10,Conservative
44,300000,1,Retirement,16,Conservative
50,2299122,2,Tax,21,Moderate
51,2196351,2,Retirement,23,Moderate
45,1247044,5,Retirement,23,Aggressive
47,340236,4,Wealth,23,Moderate
54,300000,1,Retirement,26,Conservative
29,481808,3,Retirement,0,Moderate
56,3634563,5,Tax,33,Aggressive
31,1046803,5,Retirement,4,Aggressive
31,817999,1,Retirement,3,Conservative
38,880387,5,Retirement,14,Aggressive
36,614268,3,Education,11,Conservative
44,773155,5,Income,22,Aggressive
55,861950,4,Wealth,28,Moderate
32,538561,3,Income,3,Moderate
46,345307,4,Retirement,19,Moderate
28,869869,2,Wealth,3,Moderate
53,470878,2,Wealth,31,Moderate
50,1718272,1,Income,22,Conservative
32,1137274,1,Income,8,Conservative
51,748765,5,Education,28,Aggressive
49,488049,2,Tax,25,Conservative
54,1298806,5,Wealth,33,Aggressive
34,1336052,5,Wealth,5,Aggressive
30,585633,4,Income,3,Moderate
44,1035182,3,Retirement,16,Aggressive
27,442142,4,Wealth,2,Moderate
38,904508,4,Wealth,14,Aggressive
57,454729,4,Wealth,28,Moderate
34,572420,3,Wealth,9,Moderate
26,1475112,4,Tax,0,Moderate
47,1843143,1,Wealth,20,Moderate
50,304345,5,Wealth,25,Aggressive
38,723814,4,Retirement,10,Moderate
28,1295484,2,Tax,7,Moderate
21,388340,3,Retirement,0,Moderate
29,610545,5,Wealth,7,Aggressive
32,1181416,4,Tax,8,Moderate
55,552803,3,Tax,26,Moderate
31,317776,3,Wealth,6,Moderate
35,637696,2,Wealth,12,Moderate
51,695358,3,Retirement,25,Moderate
25,2397495,5,Tax,0,Aggressive
25,4190016,3,Wealth,0,Aggressive
31,1019910,4,Retirement,8,Aggressive
58,861548,1,Tax,33,Conservative
45,370402,3,Retirement,19,Moderate
26,303313,5,Tax,0,Aggressive
41,1817943,4,Retirement,17,Aggressive
30,300000,3,Income,6,Moderate
28,1280004,3,Wealth,0,Aggressive
55,4283941,4,Wealth,34,Aggressive
48,394211,3,Tax,19,Moderate
41,300000,4,Wealth,14,Moderate
39,1128168,2,Education,9,Moderate
43,1982601,1,Wealth,14,Moderate
40,403055,3,Tax,17,Moderate
26,1577820,2,Wealth,0,Aggressive
31,1930502,4,Wealth,6,Aggressive
59,1053423,1,Tax,31,Conservative
37,610204,3,Wealth,16,Moderate
31,1418649,2,Wealth,2,Moderate
41,559432,4,Education,14,Moderate
61,781043,3,Tax,39,Moderate
47,624773,2,Wealth,24,Moderate
29,981370,1,Retirement,2,Conservative
37,911969,1,Income,8,Conservative
29,791688,2,Wealth,4,Moderate
36,680466,1,Income,14,Conservative
40,1222592,1,Income,15,Conservative
24,483798,2,Wealth,0,Moderate
56,456907,4,Education,35,Moderate
60,1785411,5,Retirement,33,Aggressive
31,1545309,3,Income,8,Moderate
49,496565,1,Income,23,Conservative
29,475291,4,Tax,1,Moderate
54,494408,4,Wealth,28,Moderate
25,300000,5,Tax,2,Aggressive
38,1561669,2,Wealth,14,Moderate
52,1037844,1,Wealth,28,Moderate
36,430138,3,Wealth,13,Moderate
54,1322875,1,Retirement,30,Conservative
31,1497145,3,Retirement,9,Moderate
54,778335,3,Retirement,28,Moderate
49,1106319,5,Retirement,26,Aggressive
64,1089924,3,Wealth,34,Aggressive
38,798001,2,Wealth,13,Moderate
29,822909,3,Wealth,5,Aggressive
40,1041465,4,Retirement,14,Aggressive
31,931734,4,Tax,7,Moderate
35,592147,1,Retirement,9,Conservative
51,547975,3,Income,21,Moderate
35,2465532,5,Retirement,9,Aggressive
48,619556,3,Wealth,22,Moderate
34,328808,3,Retirement,4,Moderate
41,1839809,3,Retirement,15,Moderate
57,782487,5,Retirement,31,Aggressive
29,765089,1,Wealth,7,Moderate
38,774881,3,Tax,15,Moderate
47,1941323,1,Wealth,25,Moderate
38,407889,5,Wealth,14,Aggressive
34,1738592,1,Retirement,8,Moderate
32,1017100,1,Tax,10,Conservative
39,1534076,2,Wealth,9,Moderate
58,586580,3,Retirement,31,Moderate
28,5272635,1,Retirement,4,Moderate
39,745624,3,Retirement,13,Moderate
30,771935,2,Wealth,9,Moderate
52,426339,2,Tax,30,Conservative
45,736988,1,Wealth,17,Moderate
43,441669,1,Retirement,16,Conservative
22,3667773,2,Retirement,0,Aggressive
26,300000,4,Tax,0,Moderate
25,300000,1,Retirement,2,Moderate
60,545251,4,Income,32,Moderate
35,1042111,5,Tax,8,Aggressive
34,2083169,5,Retirement,5,Aggressive
40,886493,5,Income,15,Moderate
24,638739,1,Education,2,Conservative
35,810046,1,Wealth,12,Moderate
42,1384241,5,Income,16,Aggressive
48,355472,4,Wealth,27,Moderate
32,1606586,1,Tax,10,Conservative
40,300000,1,Tax,19,Conservative
55,679113,3,Tax,25,Moderate
32,752352,3,Wealth,9,Moderate
40,300000,3,Education,12,Moderate
50,825636,2,Retirement,26,Moderate
21,593263,1,Wealth,0,Moderate
44,955367,5,Tax,15,Moderate
37,986406,2,Education,12,Moderate
31,1045786,2,Education,7,Moderate
28,565088,2,Retirement,0,Moderate
23,896519,5,Wealth,0,Aggressive
32,1882444,2,Wealth,7,Aggressive
55,1408249,3,Income,26,Moderate
48,996604,2,Income,18,Conservative
28,409839,4,Retirement,4,Moderate
41,300000,3,Wealth,11,Moderate
41,300000,1,Tax,11,Conservative
40,1261273,1,Tax,11,Conservative
24,459613,3,Tax,0,Moderate
44,329124,1,Wealth,17,Conservative
45,509832,5,Income,16,Moderate
35,732788,5,Wealth,11,Aggressive
53,855097,2,Education,23,Moderate
29,482447,4,Income,2,Moderate
55,1529496,2,Education,32,Moderate
41,691860,4,Retirement,11,Aggressive
56,675543,1,Tax,33,Conservative
46,422012,3,Retirement,16,Moderate
44,3154518,2,Wealth,14,Moderate
28,718208,5,Tax,5,Aggressive
61,1178909,2,Retirement,38,Moderate
52,909972,5,Retirement,22,Aggressive
35,1925433,3,Income,11,Moderate
35,445191,3,Wealth,5,Moderate
40,1164695,3,Retirement,10,Moderate
56,646607,2,Tax,34,Moderate
23,920345,5,Wealth,0,Aggressive
44,633027,1,Tax,15,Conservative
57,3078074,4,Wealth,30,Aggressive
21,745141,3,Income,0,Moderate
65,300000,1,Tax,40,Conservative
43,736342,2,Wealth,13,Moderate
58,884941,4,Retirement,33,Moderate
48,883516,1,Tax,19,Conservative
31,330787,1,Wealth,10,Moderate
34,351930,3,Retirement,4,Moderate
46,2960607,1,Wealth,20,Moderate
45,688211,1,Tax,21,Conservative
33,740173,4,Income,7,Moderate
35,3478933,4,Retirement,11,Aggressive
54,1413388,2,Retirement,31,Moderate
38,787097,3,Education,16,Moderate
48,950795,3,Retirement,19,Moderate
38,3258120,1,Wealth,16,Moderate
60,517440,3,Education,35,Moderate
31,1445892,3,Tax,4,Moderate
41,1298752,5,Retirement,14,Aggressive
31,840881,1,Tax,9,Conservative
55,550062,5,Tax,33,Aggressive
44,1068835,2,Wealth,23,Moderate
46,804618,4,Wealth,18,Moderate
60,1333459,3,Wealth,38,Moderate
27,300000,3,Wealth,0,Moderate
26,7483223,5,Tax,0,Aggressive
57,1222141,3,Retirement,35,Moderate
43,1131145,4,Tax,14,Moderate
32,3397862,1,Wealth,5,Moderate
35,520535,5,Education,11,Aggressive
56,495739,3,Wealth,29,Moderate
50,641374,4,Retirement,20,Moderate
62,3688082,3,Tax,34,Moderate
58,755529,3,Tax,34,Conservative
24,5556409,1,Wealth,0,Moderate
26,555308,5,Wealth,2,Aggressive
32,300000,5,Retirement,8,Moderate
42,300000,4,Retirement,12,Moderate
26,1218232,5,Wealth,3,Aggressive
24,1268619,2,Income,0,Conservative
24,1039139,1,Wealth,0,Moderate
40,392250,3,Retirement,19,Moderate
59,349598,5,Wealth,38,Aggressive
30,300000,2,Retirement,8,Conservative
35,646965,5,Wealth,14,Aggressive
25,1029274,3,Income,0,Moderate
48,1981398,5,Wealth,20,Aggressive
31,1559726,3,Wealth,3,Moderate
40,915201,4,Retirement,12,Moderate
41,5278213,5,Wealth,16,Aggressive
54,836414,1,Retirement,33,Moderate
62,300000,3,Income,39,Conservative
45,317450,1,Retirement,17,Conservative
61,871106,4,Wealth,34,Moderate
36,316704,1,Income,13,Conservative
37,2028191,1,Retirement,12,Moderate
25,949125,4,Education,0,Moderate
59,2070877,5,Income,33,Aggressive
21,979377,4,Income,0,Moderate
39,300000,2,Wealth,9,Moderate
43,2328341,3,Retirement,22,Aggressive
36,775179,3,Income,7,Conservative
45,803338,5,Tax,19,Aggressive
40,1126124,4,Retirement,16,Aggressive
40,732578,3,Education,18,Moderate
54,1200743,3,Income,25,Conservative
50,952494,1,Retirement,25,Conservative
35,782688,4,Wealth,9,Aggressive
28,300000,1,Retirement,6,Conservative
30,831598,2,Wealth,6,Aggressive
34,742825,2,Tax,13,Conservative
29,1314886,2,Tax,1,Moderate
29,1412347,5,Wealth,3,Aggressive
27,707455,4,Wealth,0,Aggressive
39,651017,5,Education,16,Aggressive
53,1888082,2,Tax,29,Moderate
56,1345216,5,Tax,29,Aggressive
26,511888,3,Wealth,0,Moderate
40,300000,5,Retirement,15,Moderate
57,2869716,4,Education,33,Aggressive
21,1431841,1,Tax,0,Moderate
48,1560385,4,Tax,20,Moderate
57,367220,1,Income,29,Conservative
35,1422167,5,Wealth,8,Aggressive
48,409387,5,Education,27,Moderate
42,1703308,4,Retirement,12,Aggressive
49,739618,1,Income,24,Conservative
36,317793,2,Wealth,7,Conservative
49,919924,2,Tax,19,Conservative
34,1164773,5,Wealth,13,Aggressive
31,1235265,5,Education,5,Aggressive
52,836893,3,Wealth,23,Moderate
50,300000,5,Tax,20,Moderate
39,2256613,5,Wealth,14,Aggressive
26,1245833,3,Retirement,0,Moderate
52,841793,3,Wealth,26,Moderate
39,1983352,4,Wealth,10,Aggressive
30,322718,5,Tax,9,Aggressive
41,625537,2,Retirement,11,Moderate
54,1634481,5,Wealth,33,Aggressive
32,3699588,5,Retirement,7,Aggressive
41,585221,1,Wealth,13,Moderate
58,300000,1,Retirement,33,Conservative
57,1346333,4,Wealth,33,Aggressive
41,2120648,2,Education,16,Moderate
33,300000,1,Retirement,5,Moderate
25,730103,2,Retirement,2,Conservative
25,1770432,3,Tax,1,Moderate
37,2270208,5,Wealth,12,Aggressive
31,300000,4,Wealth,2,Moderate
26,675992,2,Wealth,1,Moderate
33,567263,1,Retirement,6,Conservative
44,395764,5,Retirement,18,Aggressive
43,931742,5,Tax,18,Aggressive
30,1017768,5,Education,8,Aggressive
22,2835667,4,Wealth,0,Aggressive
57,300000,3,Tax,29,Moderate
29,1170310,5,Tax,1,Aggressive
30,461547,5,Tax,7,Aggressive
23,354137,5,Income,0,Moderate
28,666945,3,Retirement,5,Aggressive
41,983516,1,Income,16,Conservative
43,534811,2,Wealth,18,Moderate
55,669930,5,Tax,30,Moderate
55,800740,5,Education,27,Aggressive
59,1081310,1,Retirement,33,Moderate
39,1790106,3,Wealth,12,Aggressive
52,701725,3,Retirement,31,Moderate
30,864541,2,Income,3,Conservative
26,826626,3,Wealth,0,Moderate
35,2708118,3,Retirement,8,Moderate
58,1132429,1,Income,36,Conservative
49,1056663,1,Tax,24,Conservative
27,783705,1,Retirement,6,Moderate
44,820692,2,Tax,20,Moderate
43,300000,3,Wealth,22,Moderate
30,598574,1,Education,0,Conservative
34,1169564,4,Wealth,6,Aggressive
33,811617,5,Retirement,4,Aggressive
39,717977,4,Retirement,12,Aggressive
57,2187404,2,Tax,31,Moderate
28,1063719,3,Retirement,6,Moderate
58,353244,3,Income,31,Conservative
26,300000,5,Wealth,0,Aggressive
46,1566296,2,Wealth,23,Moderate
31,429511,2,Wealth,1,Conservative
53,976580,4,Wealth,27,Aggressive
60,1409253,2,Wealth,35,Moderate
42,973525,3,Wealth,18,Aggressive
51,2436166,3,Tax,30,Moderate
37,717283,3,Wealth,11,Moderate
31,998422,3,Retirement,9,Moderate
34,600647,4,Retirement,5,Moderate
36,662568,3,Wealth,11,Moderate
26,1413488,3,Wealth,0,Aggressive
31,1540849,5,Tax,2,Aggressive
29,300000,4,Retirement,6,Moderate
29,469281,4,Education,0,Moderate
24,933948,2,Education,1,Moderate
58,1215334,2,Retirement,34,Moderate
21,342422,1,Retirement,0,Conservative
36,547157,3,Retirement,9,Moderate
65,1176924,3,Wealth,40,Moderate
27,1337717,5,Tax,3,Aggressive
41,1062420,4,Retirement,18,Aggressive
40,721083,4,Retirement,15,Moderate
35,400423,5,Retirement,12,Aggressive
52,620581,4,Wealth,30,Moderate
29,1637710,5,Tax,6,Aggressive
27,1531091,3,Retirement,0,Aggressive
52,441473,3,Tax,26,Moderate
57,2458657,5,Wealth,31,Aggressive
47,471511,3,Tax,26,Conservative
35,895614,2,Retirement,14,Moderate
23,386560,2,Wealth,0,Moderate
34,2637773,1,Tax,7,Moderate
45,1461146,5,Wealth,16,Aggressive
51,918985,4,Wealth,27,Aggressive
55,599415,4,Tax,33,Moderate
31,3697462,1,Retirement,3,Moderate
34,1160320,2,Wealth,8,Moderate
29,3359756,5,Retirement,5,Aggressive
32,895505,1,Income,9,Conservative
29,914244,2,Wealth,6,Moderate
49,1447945,5,Wealth,19,Aggressive
53,921634,3,Income,27,Conservative
39,972985,2,Wealth,10,Moderate
55,1053083,5,Wealth,34,Aggressive
31,1487139,2,Retirement,9,Moderate
44,469940,2,Income,15,Conservative
24,825154,1,Wealth,0,Conservative
22,568067,3,Income,0,Moderate
52,1269775,5,Wealth,30,Aggressive
35,818967,2,Retirement,8,Moderate
35,549160,4,Retirement,14,Moderate
21,2215948,3,Retirement,0,Aggressive
48,1845044,2,Income,27,Conservative
30,1849747,4,Wealth,7,Aggressive
35,2016697,1,Income,11,Conservative
38,1217307,5,Income,11,Moderate
28,1291826,3,Tax,3,Moderate
44,715134,3,Wealth,22,Aggressive
26,2069693,5,Retirement,0,Aggressive
35,913163,2,Retirement,12,Moderate
59,545526,5,Wealth,38,Aggressive
35,1096260,5,Retirement,14,Aggressive
26,629206,3,Wealth,5,Aggressive
25,1547363,2,Wealth,0,Moderate
41,1388381,5,Income,18,Aggressive
39,1488700,2,Wealth,18,Moderate
37,301145,1,Retirement,16,Conservative
35,300000,3,Education,11,Moderate
50,933967,3,Tax,20,Moderate
29,936341,1,Wealth,2,Moderate
33,2055040,5,Wealth,11,Aggressive
59,530844,1,Tax,29,Conservative
58,415273,1,Retirement,33,Conservative
42,484522,3,Tax,12,Conservative
31,384409,4,Wealth,1,Moderate
21,576467,3,Retirement,0,Moderate
31,358092,1,Tax,8,Conservative
34,863453,3,Retirement,8,Moderate
46,829860,4,Tax,18,Moderate
39,502891,1,Wealth,10,Moderate
56,407434,3,Tax,35,Moderate
51,370076,5,Wealth,27,Aggressive
31,300000,1,Tax,6,Conservative
31,496744,4,Retirement,5,Moderate
50,583301,3,Retirement,21,Moderate
37,300000,1,Wealth,15,Moderate
29,2150109,3,Tax,1,Moderate
34,1534192,2,Wealth,8,Moderate
29,714880,1,Wealth,1,Moderate
36,300000,1,Wealth,15,Conservative
40,1774615,2,Wealth,16,Moderate
25,586123,3,Tax,3,Moderate
24,300000,5,Retirement,2,Moderate
31,336305,5,Retirement,5,Moderate
34,557489,5,Retirement,8,Aggressive
49,414156,2,Retirement,26,Conservative
47,510880,4,Retirement,22,Moderate
61,300000,1,Wealth,35,Conservative
35,2189713,4,Wealth,7,Aggressive
30,1583457,1,Wealth,5,Moderate
38,471514,4,Income,11,Moderate
25,1473083,4,Education,4,Aggressive
23,580547,2,Tax,0,Conservative
45,822699,2,Wealth,24,Moderate
66,348528,4,Retirement,39,Moderate
30,1165309,1,Wealth,5,Moderate
35,1420079,3,Wealth,10,Moderate
40,942158,4,Wealth,14,Aggressive
22,556994,2,Retirement,1,Moderate
53,300000,1,Retirement,25,Conservative
57,1473807,3,Wealth,31,Moderate
31,699686,4,Income,2,Moderate
28,467535,2,Tax,1,Conservative
53,522359,5,Income,28,Moderate
29,979115,1,Retirement,2,Moderate
34,342846,3,Wealth,12,Moderate
52,1085524,2,Education,24,Moderate
28,675211,5,Income,3,Moderate
40,489432,4,Retirement,16,Moderate
41,462170,1,Income,16,Conservative
33,1029988,3,Wealth,9,Moderate
49,300000,2,Retirement,23,Conservative
35,514393,4,Tax,5,Aggressive
35,1266429,2,Retirement,12,Moderate
29,748702,5,Income,2,Moderate
36,1883683,4,Retirement,8,Aggressive
26,886593,2,Wealth,1,Moderate
29,507641,1,Income,2,Conservative
32,681239,1,Tax,6,Conservative
33,891941,3,Retirement,12,Moderate
37,457272,1,Retirement,13,Conservative
39,1233968,1,Tax,12,Conservative
21,2879009,3,Tax,0,Moderate
27,356127,4,Wealth,6,Aggressive
39,1248256,2,Tax,11,Moderate
37,468222,4,Income,11,Moderate
26,498555,2,Wealth,0,Moderate
34,619698,1,Retirement,7,Conservative
46,530928,5,Wealth,25,Aggressive
30,1263406,3,Wealth,1,Aggressive
56,833975,4,Wealth,33,Aggressive
51,704730,2,Income,25,Conservative
24,1033703,5,Wealth,0,Aggressive
46,1077843,2,Tax,24,Moderate
26,794662,3,Retirement,5,Moderate
26,1625011,4,Retirement,0,Moderate
48,863111,3,Retirement,22,Moderate
31,3537366,4,Tax,2,Aggressive
33,425204,3,Tax,8,Moderate
43,300000,4,Wealth,20,Aggressive
54,921655,1,Wealth,29,Conservative
27,1526102,4,Wealth,0,Aggressive
26,635778,1,Tax,4,Conservative
28,453574,5,Wealth,0,Aggressive
33,809080,4,Tax,9,Moderate
40,675823,2,Tax,18,Moderate
31,706374,4,Wealth,4,Moderate
55,467338,4,Wealth,29,Moderate
43,561167,5,Tax,16,Aggressive
32,1575558,2,Tax,5,Moderate
41,1964793,1,Retirement,17,Moderate
48,718555,4,Wealth,22,Moderate
37,375909,4,Wealth,16,Aggressive
45,398918,2,Wealth,24,Moderate
25,333603,5,Wealth,3,Aggressive
42,1510721,2,Wealth,17,Aggressive
51,908635,2,Retirement,24,Moderate
31,703603,3,Tax,3,Moderate
34,1500634,1,Income,13,Conservative
37,1074514,5,Tax,9,Aggressive
56,300000,4,Tax,26,Moderate
34,486891,5,Tax,13,Moderate
41,782474,5,Income,11,Moderate
30,2787687,2,Wealth,2,Moderate
39,2553855,4,Tax,18,Aggressive
55,300000,4,Wealth,28,Moderate
52,331128,3,Education,30,Moderate
51,892094,4,Income,29,Moderate
52,1253106,3,Retirement,30,Moderate
31,508444,2,Tax,5,Moderate
53,1158075,1,Retirement,30,Conservative
37,506451,5,Income,15,Moderate
35,532505,5,Retirement,11,Aggressive
43,369299,4,Wealth,15,Moderate
55,309411,4,Retirement,33,Moderate
52,565961,5,Wealth,22,Aggressive
36,1778064,1,Income,11,Conservative
53,1128752,1,Wealth,32,Moderate
36,974237,1,Retirement,7,Conservative
43,660508,4,Wealth,14,Moderate
22,1083642,4,Retirement,0,Aggressive
33,578605,1,Education,7,Conservative
42,459917,5,Education,14,Moderate
55,1169031,3,Retirement,31,Moderate
36,541767,5,Tax,11,Moderate
47,381740,3,Retirement,17,Moderate
57,1090573,1,Wealth,27,Moderate
31,311587,4,Wealth,6,Aggressive
37,1058236,1,Wealth,16,Moderate
36,1071191,2,Retirement,12,Moderate
21,327482,4,Wealth,0,Moderate
57,343494,3,Retirement,30,Moderate
41,2009650,4,Income,17,Aggressive
36,1245913,1,Retirement,8,Conservative
52,1132668,3,Retirement,29,Moderate
36,937888,2,Retirement,6,Moderate
37,1329071,5,Wealth,15,Aggressive
58,1329051,2,Wealth,34,Moderate
33,458913,5,Tax,4,Aggressive
32,705699,4,Wealth,5,Aggressive
24,593118,1,Wealth,1,Moderate
49,1204270,1,Wealth,25,Moderate
27,907277,5,Tax,4,Aggressive
42,1954236,1,Wealth,18,Moderate
38,979803,4,Retirement,17,Moderate
29,827140,2,Wealth,8,Moderate
21,1427163,4,Retirement,0,Aggressive
36,1436992,4,Income,6,Moderate
51,1897053,2,Wealth,24,Moderate
47,930282,3,Tax,18,Moderate
30,3396561,3,Income,9,Moderate
43,1540311,5,Wealth,15,Aggressive
46,3495457,5,Wealth,17,Aggressive
34,855914,3,Retirement,4,Moderate
60,3945331,3,Education,34,Aggressive
31,1329846,4,Retirement,7,Moderate
28,393389,1,Education,3,Conservative
34,413911,5,Wealth,13,Aggressive
32,654966,1,Tax,11,Conservative
30,649512,2,Wealth,9,Moderate
21,1022918,3,Retirement,0,Moderate
25,2760499,4,Income,0,Aggressive
55,1011171,2,Wealth,28,Aggressive
27,398469,5,Wealth,3,Aggressive
55,1095666,4,Retirement,25,Aggressive
24,608342,2,Wealth,0,Moderate
29,630835,2,Wealth,0,Moderate
61,707630,1,Wealth,33,Conservative
35,623412,3,Wealth,11,Moderate
33,325539,4,Wealth,4,Moderate
27,861926,4,Wealth,0,Aggressive
53,2726643,4,Wealth,25,Aggressive
33,1411871,2,Retirement,12,Moderate
53,350660,3,Retirement,30,Moderate
44,300000,4,Retirement,21,Aggressive
42,1015674,2,Retirement,15,Moderate
62,1208200,3,Income,35,Moderate
41,1206279,2,Retirement,20,Moderate
32,872352,4,Wealth,4,Aggressive
29,390459,1,Tax,1,Conservative
26,2581229,4,Education,1,Aggressive
60,738351,5,Wealth,33,Aggressive
29,560426,5,Wealth,6,Aggressive
41,1139137,1,Wealth,11,Moderate
22,566212,4,Wealth,0,Aggressive
30,364786,4,Income,1,Moderate
51,573254,3,Retirement,27,Conservative
36,955166,5,Tax,13,Moderate
57,2015393,1,Tax,27,Moderate
59,300000,3,Wealth,35,Moderate
37,1084708,2,Retirement,8,Moderate
31,1452265,2,Tax,8,Moderate
34,1071871,3,Wealth,8,Aggressive
21,1257461,1,Retirement,0,Moderate
51,2168342,3,Income,28,Moderate
26,1559015,1,Education,1,Moderate
47,610554,4,Tax,25,Moderate
43,1574714,2,Wealth,18,Moderate
40,903128,2,Wealth,12,Moderate
46,1395708,3,Retirement,20,Moderate
42,336206,5,Education,14,Moderate
49,713400,3,Wealth,21,Moderate
28,1229791,4,Wealth,4,Aggressive
35,737603,3,Retirement,6,Moderate
56,1170329,1,Retirement,33,Moderate
55,2063366,4,Education,31,Aggressive
46,665899,2,Wealth,22,Moderate
35,1497665,1,Retirement,5,Conservative
27,392473,3,Retirement,5,Moderate
47,1371596,5,Tax,24,Aggressive
49,300000,5,Retirement,23,Moderate
52,925283,1,Retirement,26,Conservative
53,904813,3,Retirement,24,Moderate
37,2688951,5,Wealth,11,Aggressive
39,573792,1,Retirement,14,Moderate
47,300000,5,Retirement,26,Moderate
27,1164090,1,Wealth,2,Moderate
34,396841,1,Tax,12,Conservative
42,841047,3,Tax,16,Moderate
28,507864,5,Retirement,5,Aggressive
52,697762,1,Wealth,23,Moderate
33,300000,2,Retirement,5,Conservative
41,300000,1,Wealth,19,Conservative
65,1053207,1,Wealth,40,Moderate
32,728284,4,Wealth,2,Moderate
40,361727,1,Wealth,12,Moderate
35,547637,3,Education,9,Moderate
43,1136594,3,Wealth,13,Aggressive
53,663695,1,Tax,23,Conservative
43,1092799,3,Tax,18,Moderate
29,436675,1,Retirement,0,Conservative
59,1183550,3,Retirement,30,Moderate
25,681948,2,Wealth,2,Moderate
29,1053169,1,Wealth,7,Moderate
28,988761,1,Income,5,Conservative
35,607598,2,Retirement,11,Conservative
41,628693,3,Wealth,18,Moderate
40,725028,3,Tax,12,Moderate
35,1300219,5,Wealth,14,Aggressive
23,2701749,2,Retirement,0,Moderate
52,464041,2,Wealth,30,Moderate
29,1586088,4,Retirement,1,Aggressive
45,669990,3,Retirement,22,Moderate
48,749650,1,Retirement,27,Moderate
33,983728,2,Retirement,3,Moderate
29,587171,4,Wealth,0,Aggressive
39,627139,3,Wealth,17,Aggressive
25,2987006,1,Tax,0,Conservative
21,855141,4,Wealth,0,Aggressive
41,1140528,2,Retirement,17,Moderate
35,2881702,1,Tax,12,Moderate
35,2819933,1,Tax,5,Moderate
35,712492,5,Income,8,Moderate
45,468364,4,Tax,19,Aggressive
32,380025,1,Education,8,Conservative
31,353749,2,Wealth,7,Moderate
35,597648,1,Wealth,6,Moderate
33,372795,5,Wealth,7,Aggressive
63,770822,5,Wealth,39,Aggressive
50,488139,1,Wealth,24,Conservative
31,636775,3,Wealth,2,Moderate
49,751773,1,Income,21,Conservative
55,644499,5,Wealth,34,Aggressive
25,386061,5,Income,0,Aggressive
34,1033661,2,Wealth,4,Moderate
36,1907834,2,Retirement,14,Moderate
24,1876155,3,Income,0,Conservative
26,1469034,2,Retirement,0,Moderate
39,666240,1,Wealth,13,Moderate
48,518029,1,Retirement,24,Conservative
34,1320937,5,Income,4,Aggressive
54,1013558,1,Wealth,27,Moderate
27,1320918,5,Tax,1,Aggressive
21,2936789,1,Tax,0,Moderate
28,793720,1,Retirement,3,Moderate
37,474590,1,Wealth,9,Moderate
31,556816,1,Wealth,5,Moderate
61,889411,2,Wealth,34,Moderate
36,540289,2,Tax,10,Conservative
28,1359669,5,Retirement,0,Aggressive
56,1316679,4,Wealth,34,Aggressive
44,1987628,1,Tax,22,Conservative
42,1998268,5,Wealth,20,Aggressive
61,300000,5,Education,37,Moderate
49,465350,1,Wealth,28,Conservative
26,870145,1,Income,5,Conservative
32,368117,5,Retirement,9,Aggressive
29,774402,5,Income,5,Moderate
56,469020,2,Wealth,28,Moderate
61,603284,2,Retirement,35,Conservative
31,2600870,1,Retirement,7,Moderate
46,1907909,5,Retirement,17,Aggressive
43,823116,1,Wealth,15,Moderate
55,435982,3,Income,27,Conservative
29,1026772,1,Wealth,8,Moderate
32,300000,1,Wealth,6,Conservative
49,1295788,5,Retirement,21,Aggressive
62,1213488,5,Income,36,Moderate
28,358482,2,Wealth,5,Moderate
21,2084170,4,Income,0,Moderate
34,538577,1,Retirement,5,Conservative
32,430404,2,Wealth,4,Moderate
53,924641,3,Wealth,24,Moderate
49,324875,1,Wealth,27,Moderate
39,446451,4,Retirement,13,Moderate
30,1044710,3,Wealth,0,Aggressive
26,595846,1,Tax,0,Conservative
34,2196333,5,Wealth,10,Aggressive
35,300000,4,Wealth,11,Aggressive
30,873531,5,Wealth,8,Aggressive
40,1645032,3,Wealth,18,Aggressive
32,1423498,2,Wealth,7,Moderate
38,502205,5,Wealth,15,Aggressive
52,2927991,4,Education,31,Aggressive
32,300000,5,Wealth,5,Aggressive
34,792214,2,Tax,4,Moderate
67,1548542,1,Tax,40,Conservative
35,1903635,2,Wealth,14,Moderate
29,431637,3,Income,5,Conservative
43,897537,1,Retirement,15,Conservative
55,1414218,5,Wealth,25,Aggressive
55,718391,5,Tax,33,Moderate
23,350990,2,Tax,0,Conservative
33,300000,1,Wealth,8,Conservative
39,510850,2,Wealth,17,Moderate
41,548434,1,Tax,20,Conservative
34,474687,2,Wealth,9,Moderate
26,2974899,4,Tax,2,Aggressive
54,1191145,4,Wealth,25,Aggressive
25,660215,1,Wealth,1,Moderate
47,690847,1,Retirement,25,Conservative
34,720543,2,Retirement,7,Conservative
29,1223254,4,Tax,6,Aggressive
47,379104,2,Retirement,24,Moderate
32,412864,5,Retirement,6,Moderate
35,791831,1,Tax,10,Conservative
36,300000,4,Income,13,Moderate
48,458070,5,Wealth,24,Aggressive
36,1510944,1,Tax,11,Conservative
40,1399738,4,Tax,13,Moderate
25,300000,5,Retirement,3,Aggressive
29,746092,2,Wealth,3,Moderate
34,319342,2,Retirement,10,Conservative
32,472390,4,Income,7,Conservative
57,518835,3,Wealth,32,Moderate
53,1275031,3,Retirement,23,Moderate
66,1551060,1,Tax,38,Moderate
49,562944,1,Income,19,Conservative
37,300000,5,Income,12,Moderate
29,300000,5,Tax,0,Aggressive
51,1775898,2,Retirement,26,Moderate
35,659197,3,Wealth,13,Moderate
37,691867,1,Retirement,12,Conservative
37,358864,3,Wealth,16,Moderate
34,1525008,5,Retirement,4,Aggressive
30,1228998,3,Tax,9,Aggressive
27,592911,2,Tax,3,Moderate
52,418062,1,Wealth,30,Conservative
48,910219,2,Retirement,23,Moderate
28,300000,1,Wealth,5,Moderate
48,1128291,2,Retirement,19,Moderate
53,647506,5,Education,24,Aggressive
66,911609,4,Retirement,40,Moderate
49,781701,2,Income,27,Conservative
34,1454144,2,Wealth,9,Moderate
26,1520383,3,Tax,4,Aggressive
27,1666622,5,Retirement,0,Aggressive
58,862705,4,Retirement,29,Aggressive
45,761147,4,Education,20,Aggressive
63,501243,1,Wealth,35,Conservative
36,534745,1,Income,9,Conservative
29,1029134,4,Income,3,Aggressive
61,814560,4,Wealth,34,Moderate
38,1887097,5,Wealth,9,Aggressive
64,683539,4,Tax,40,Moderate
28,300000,1,Education,7,Moderate
50,893147,1,Retirement,26,Conservative
50,1541741,3,Income,27,Conservative
50,1153457,4,Wealth,21,Aggressive
40,1121865,5,Tax,10,Aggressive
58,1634109,2,Tax,29,Moderate
38,933428,1,Retirement,9,Conservative
55,300000,2,Wealth,28,Moderate
52,1453416,1,Wealth,22,Moderate
30,980608,5,Tax,9,Aggressive
28,737912,2,Retirement,1,Moderate
43,341876,3,Income,13,Conservative
33,460610,5,Income,3,Moderate
56,300000,1,Wealth,27,Conservative
28,553153,4,Wealth,0,Aggressive
21,528377,2,Education,0,Moderate
31,738522,4,Retirement,5,Moderate
32,2405104,1,Retirement,3,Moderate
29,1574251,2,Retirement,2,Moderate
49,825563,2,Retirement,23,Moderate
49,474789,2,Tax,27,Moderate
39,359965,5,Retirement,14,Aggressive
42,1702692,5,Wealth,15,Aggressive
41,328185,5,Income,18,Moderate
52,355744,5,Tax,30,Moderate
37,4854068,1,Income,12,Moderate
48,701486,3,Income,22,Moderate
23,3445007,1,Wealth,0,Aggressive
31,629075,2,Income,5,Conservative
48,1929890,5,Income,21,Aggressive
25,972123,2,Retirement,0,Conservative
35,494698,5,Retirement,8,Moderate
55,431373,4,Retirement,34,Moderate
41,300000,4,Wealth,20,Aggressive
24,400512,5,Retirement,0,Moderate
36,1303194,4,Retirement,13,Moderate
31,764070,5,Income,3,Moderate
24,540414,3,Retirement,3,Moderate
33,741988,2,Education,9,Moderate
58,1566490,1,Tax,35,Moderate
54,305509,1,Wealth,27,Conservative
49,1024204,1,Retirement,26,Conservative
39,300000,5,Tax,14,Moderate
46,300000,5,Wealth,24,Aggressive
32,522485,3,Retirement,9,Moderate
48,572848,5,Income,27,Moderate
43,638155,1,Wealth,20,Moderate
30,747226,4,Wealth,2,Aggressive
60,1160401,2,Retirement,37,Moderate
49,476781,5,Income,28,Moderate
49,314941,1,Tax,23,Conservative
27,1704302,2,Retirement,6,Moderate
40,1945245,2,Wealth,17,Moderate
28,924331,5,Tax,6,Aggressive
52,1104062,5,Tax,29,Aggressive
58,1608685,5,Education,28,Aggressive
47,1620003,3,Wealth,17,Moderate
29,343963,1,Wealth,7,Conservative
42,678648,5,Retirement,21,Aggressive
36,300000,2,Tax,11,Conservative
29,970550,3,Retirement,5,Moderate
21,1219627,1,Retirement,0,Conservative
32,306338,4,Retirement,9,Moderate
42,1270929,5,Wealth,12,Aggressive
37,1559945,5,Retirement,12,Aggressive
33,2288061,4,Wealth,6,Aggressive
33,720202,5,Wealth,12,Aggressive
37,1123417,1,Wealth,8,Moderate
31,2028473,3,Wealth,4,Aggressive
30,351708,2,Wealth,7,Moderate
45,729582,4,Wealth,15,Aggressive
61,326398,1,Retirement,36,Conservative
27,831097,1,Retirement,2,Conservative
29,686536,4,Income,2,Moderate
33,514441,3,Wealth,11,Moderate
51,1239949,3,Tax,27,Moderate
32,472952,2,Income,7,Conservative
27,609688,2,Tax,4,Moderate
46,1761886,2,Income,17,Moderate
35,3310983,3,Retirement,8,Aggressive
54,2195432,5,Tax,26,Aggressive
31,968781,5,Wealth,1,Aggressive
40,1347642,5,Wealth,18,Aggressive
47,990327,4,Wealth,21,Aggressive
30,300000,4,Income,8,Moderate
27,300000,4,Retirement,2,Moderate
25,660543,4,Wealth,0,Aggressive
27,3093377,3,Retirement,3,Aggressive
52,350054,4,Wealth,25,Aggressive
57,1343214,2,Tax,29,Conservative
40,336478,4,Wealth,13,Moderate
64,1526012,1,Wealth,34,Conservative
52,1191783,5,Wealth,23,Aggressive
22,332953,1,Wealth,0,Moderate
50,874358,1,Tax,25,Conservative
29,1275005,2,Tax,6,Moderate
51,947016,3,Retirement,24,Moderate
25,1859076,2,Wealth,0,Moderate
26,1331772,3,Tax,0,Moderate
35,2938090,2,Education,12,Moderate
62,2443726,3,Tax,36,Moderate
45,1143204,4,Retirement,20,Aggressive
50,1435915,2,Wealth,20,Moderate
60,695045,1,Wealth,35,Moderate
47,1079044,2,Wealth,20,Moderate
34,1290328,1,Retirement,10,Moderate
37,550267,3,Wealth,13,Moderate
31,2353362,4,Education,2,Aggressive
45,617262,4,Tax,19,Moderate
56,999189,4,Wealth,26,Aggressive
46,709817,1,Tax,21,Conservative
51,2256577,5,Wealth,24,Aggressive
32,307356,5,Income,11,Moderate
25,329285,2,Retirement,0,Moderate
59,531841,5,Retirement,31,Aggressive
48,618964,5,Wealth,19,Aggressive
23,837744,5,Wealth,1,Aggressive
36,329523,5,Education,13,Aggressive
34,961479,1,Tax,10,Moderate
29,325456,4,Tax,8,Aggressive
25,886366,3,Wealth,1,Aggressive
25,1855235,1,Retirement,3,Moderate
62,1469647,5,Retirement,32,Aggressive
38,631769,5,Wealth,11,Aggressive
48,526544,1,Tax,27,Conservative
33,4870721,3,Wealth,6,Aggressive
41,1306959,4,Retirement,12,Aggressive
58,1273908,5,Retirement,29,Aggressive
34,1636012,2,Retirement,12,Moderate
24,1201837,3,Wealth,0,Aggressive
60,1195654,5,Tax,36,Aggressive
44,1035024,2,Tax,20,Conservative
46,1012546,1,Wealth,22,Moderate
40,664328,4,Wealth,16,Aggressive
26,768063,2,Retirement,0,Moderate
47,2355894,5,Education,19,Aggressive
36,1470406,2,Retirement,8,Moderate
43,456558,1,Income,15,Conservative
23,1554988,5,Retirement,0,Aggressive
43,771473,3,Wealth,20,Aggressive
58,483072,2,Wealth,34,Moderate
56,1087120,3,Retirement,34,Aggressive
40,446629,1,Retirement,13,Conservative
50,431469,2,Wealth,28,Moderate
48,1992901,4,Retirement,20,Aggressive
31,345240,1,Retirement,9,Conservative
29,934997,2,Wealth,0,Moderate
22,1504705,2,Tax,0,Moderate
41,457323,4,Wealth,17,Moderate
30,1756501,2,Wealth,5,Moderate
62,1257092,2,Wealth,35,Moderate
23,9056032,3,Education,0,Aggressive
30,907658,3,Tax,7,Moderate
31,3042068,5,Tax,3,Aggressive
57,352856,2,Tax,27,Conservative
35,472259,1,Wealth,14,Conservative
34,1783487,1,Wealth,4,Moderate
39,557308,2,Education,9,Conservative
32,592631,5,Wealth,3,Aggressive
38,3073880,3,Income,10,Moderate
37,1324372,3,Income,9,Moderate
32,1205637,5,Retirement,2,Aggressive
40,1008358,2,Retirement,15,Moderate
61,1079976,5,Retirement,31,Moderate
42,300000,1,Retirement,17,Conservative
48,924922,2,Education,24,Conservative
60,506291,2,Retirement,39,Conservative
51,1678277,5,Retirement,23,Aggressive
39,501535,5,Retirement,11,Aggressive
45,557468,4,Wealth,21,Aggressive
39,316599,4,Income,16,Moderate
44,1279011,3,Wealth,16,Aggressive
25,2231898,4,Tax,0,Aggressive
28,438131,3,Retirement,0,Moderate
56,513688,1,Income,29,Conservative
21,1647561,4,Income,0,Moderate
56,783738,5,Wealth,33,Aggressive
41,950415,3,Education,17,Moderate
47,1180143,3,Wealth,18,Aggressive
32,688632,1,Retirement,11,Conservative
59,630120,4,Tax,35,Moderate
29,426424,5,Retirement,8,Aggressive
44,397967,3,Retirement,14,Moderate
45,300000,1,Education,21,Conservative
35,904016,1,Wealth,9,Conservative
34,903707,4,Tax,8,Moderate
24,1117703,5,Tax,0,Aggressive
57,1500227,4,Education,29,Moderate
57,946838,3,Wealth,29,Aggressive
50,304894,5,Wealth,27,Aggressive
26,498842,4,Tax,0,Moderate
36,403410,5,Income,15,Moderate
49,411241,1,Tax,26,Conservative
57,1198290,1,Wealth,27,Moderate
49,845625,2,Wealth,22,Moderate
30,433480,1,Wealth,1,Conservative
62,1346435,4,Tax,40,Moderate
27,697717,1,Income,0,Conservative
29,480279,3,Tax,0,Moderate
48,1076805,1,Wealth,18,Moderate
44,2110670,4,Income,16,Aggressive
31,517265,3,Retirement,10,Moderate
33,418298,2,Wealth,11,Conservative
56,1103436,1,Tax,31,Conservative
34,913201,2,Wealth,8,Moderate
24,596984,4,Retirement,0,Moderate
25,528359,5,Education,3,Aggressive
26,894949,4,Retirement,0,Moderate
57,357328,1,Income,34,Conservative
55,604633,2,Income,26,Conservative
29,496261,4,Wealth,3,Aggressive
25,424448,2,Tax,2,Moderate
30,960570,3,Retirement,7,Moderate
37,2951850,2,Wealth,8,Moderate
23,300000,4,Wealth,2,Moderate
38,1477780,3,Wealth,9,Moderate
39,861857,4,Tax,13,Moderate
41,300000,5,Wealth,14,Aggressive
47,625009,1,Wealth,18,Conservative
52,8892488,4,Wealth,24,Aggressive
28,300000,3,Wealth,0,Moderate
32,1849773,5,Education,4,Aggressive
29,1081593,2,Retirement,5,Moderate
27,428499,4,Retirement,0,Moderate
32,1141200,4,Wealth,11,Aggressive
56,1086121,2,Wealth,28,Moderate
27,771707,3,Retirement,0,Moderate
34,647756,2,Retirement,9,Conservative
55,612580,5,Tax,28,Moderate
59,994203,4,Wealth,34,Aggressive
57,1160151,2,Retirement,36,Moderate
26,1601194,4,Income,2,Moderate
31,720798,4,Tax,10,Moderate
34,1036492,4,Tax,5,Moderate
34,326778,2,Education,5,Conservative
38,300000,2,Tax,15,Moderate
37,595844,1,Tax,10,Moderate
29,357799,2,Income,1,Conservative
30,801070,5,Tax,2,Aggressive
55,1076203,3,Tax,28,Moderate
35,855281,1,Wealth,11,Conservative
38,561306,4,Wealth,17,Aggressive
38,445152,2,Retirement,16,Moderate
47,1324499,3,Income,21,Moderate
35,1720239,3,Retirement,5,Moderate
57,811651,3,Wealth,29,Moderate
48,470676,4,Retirement,26,Moderate
30,1362877,1,Tax,9,Moderate
55,336428,3,Wealth,25,Moderate
34,382769,1,Wealth,11,Conservative
21,1265183,5,Retirement,0,Aggressive
49,300000,5,Wealth,27,Aggressive
61,330253,3,Wealth,32,Moderate
40,1876568,3,Tax,15,Moderate
48,300000,5,Retirement,19,Moderate
56,642083,1,Wealth,27,Conservative
45,2751934,1,Retirement,18,Moderate
23,1223066,1,Wealth,0,Moderate
21,391661,2,Wealth,0,Moderate
30,1031969,5,Wealth,0,Aggressive
32,1083983,2,Retirement,5,Moderate
55,372654,2,Wealth,26,Moderate
23,1164622,5,Education,0,Aggressive
33,2036690,2,Wealth,4,Moderate
32,2426141,2,Education,4,Moderate
45,1104879,4,Retirement,18,Aggressive
35,1426187,5,Wealth,5,Aggressive
30,428711,3,Income,0,Conservative
57,2700379,3,Retirement,29,Moderate
26,435113,1,Wealth,4,Moderate
56,502327,1,Wealth,27,Moderate
35,600835,3,Wealth,11,Moderate
51,558207,1,Tax,30,Conservative
22,356585,2,Education,0,Moderate
32,661215,3,Wealth,8,Moderate
42,2348858,3,Wealth,18,Aggressive
37,518630,1,Education,11,Conservative
35,535990,1,Wealth,14,Conservative
41,2163170,2,Wealth,18,Aggressive
51,300000,2,Education,21,Conservative
23,1425636,4,Tax,0,Aggressive
51,692663,3,Wealth,22,Moderate
40,1135509,2,Wealth,12,Moderate
36,997322,2,Retirement,15,Moderate
24,2130940,2,Wealth,0,Aggressive
44,364787,2,Wealth,19,Moderate
26,315671,3,Wealth,0,Moderate
33,1037568,1,Retirement,4,Conservative
25,366832,1,Wealth,1,Moderate
34,1423838,5,Education,4,Aggressive
32,1094863,1,Tax,2,Conservative
54,1022272,1,Education,26,Conservative
35,503381,5,Income,14,Moderate
27,787966,4,Wealth,1,Aggressive
31,683993,4,Tax,4,Moderate
47,2648373,5,Retirement,17,Aggressive
44,664149,5,Retirement,15,Aggressive
58,506252,3,Retirement,36,Conservative
43,1647240,5,Tax,15,Moderate
45,416257,3,Retirement,21,Moderate
24,2890822,4,Tax,0,Moderate
31,300000,3,Wealth,3,Aggressive
31,2823799,1,Retirement,4,Moderate
51,811095,1,Tax,28,Conservative
25,605108,5,Income,0,Moderate
36,2734176,4,Income,12,Moderate
57,671607,5,Wealth,36,Aggressive
44,391096,4,Retirement,14,Moderate
28,772590,3,Wealth,7,Aggressive
29,1253731,1,Tax,0,Conservative
39,763571,2,Retirement,14,Conservative
53,657116,2,Education,23,Moderate
51,647894,3,Retirement,28,Moderate
55,1211389,2,Tax,34,Moderate
31,356870,4,Tax,9,Moderate
35,1104041,3,Retirement,13,Moderate
60,2344436,2,Wealth,35,Moderate
34,2176011,2,Wealth,9,Moderate
27,2268036,1,Tax,6,Moderate
30,439505,4,Retirement,8,Aggressive
38,2605411,2,Wealth,14,Moderate
46,727285,1,Income,20,Conservative
46,1075590,1,Retirement,20,Moderate
36,814587,2,Wealth,14,Moderate
33,514015,5,Wealth,4,Aggressive
29,900531,2,Wealth,0,Moderate
26,1402282,1,Education,5,Moderate
34,1200762,1,Wealth,5,Moderate
22,1066873,2,Tax,0,Moderate
31,455535,5,Wealth,7,Aggressive
35,724341,3,Wealth,14,Aggressive
36,966227,5,Wealth,13,Aggressive
51,300000,5,Income,24,Moderate
54,1229527,5,Education,33,Aggressive
27,1082813,2,Retirement,5,Moderate
32,2199731,3,Wealth,2,Moderate
35,594906,5,Wealth,10,Aggressive
30,769582,5,Wealth,3,Aggressive
22,804170,4,Retirement,0,Moderate
48,1301218,5,Tax,23,Aggressive
56,591109,4,Tax,27,Moderate
60,1929448,3,Retirement,32,Moderate
31,689167,5,Retirement,6,Aggressive
29,946925,1,Retirement,0,Moderate
43,488930,2,Retirement,21,Moderate
53,360109,1,Tax,23,Conservative
28,742947,5,Tax,0,Aggressive
32,443335,5,Tax,2,Moderate
37,394892,4,Wealth,15,Moderate
62,785380,3,Retirement,35,Moderate
45,315924,1,Wealth,19,Moderate
39,643322,5,Retirement,14,Aggressive
47,821235,2,Retirement,23,Moderate
50,1705785,2,Wealth,23,Moderate
60,732293,3,Tax,38,Moderate
56,1060031,1,Wealth,27,Moderate
31,331370,4,Wealth,10,Aggressive
24,336307,4,Tax,0,Moderate
34,1475014,4,Tax,12,Aggressive
33,492604,4,Education,7,Moderate
31,404048,2,Retirement,7,Conservative
27,397166,2,Retirement,2,Moderate
48,634113,5,Tax,19,Moderate
30,1260286,5,Income,8,Aggressive
24,300000,1,Retirement,0,Conservative
51,5074393,1,Tax,25,Moderate
54,844115,3,Wealth,26,Aggressive
36,438659,2,Wealth,13,Moderate
28,717914,3,Wealth,1,Moderate
31,408436,4,Wealth,8,Moderate
35,910591,5,Retirement,11,Aggressive
22,458232,5,Tax,0,Moderate
63,888361,3,Retirement,36,Moderate
25,573151,3,Tax,0,Moderate
52,1216631,2,Retirement,30,Moderate
26,2686080,4,Retirement,3,Aggressive
29,489838,1,Retirement,0,Conservative
37,778710,1,Tax,11,Conservative
26,1282042,3,Wealth,0,Aggressive
24,1894599,3,Tax,1,Moderate
33,1049151,3,Retirement,8,Moderate
35,476698,1,Retirement,8,Conservative
40,346936,5,Wealth,13,Aggressive
24,974340,5,Wealth,0,Aggressive
38,1290414,1,Wealth,11,Moderate
33,1159666,5,Wealth,7,Aggressive
49,1268412,2,Wealth,26,Moderate
27,330344,3,Tax,0,Moderate
26,540633,4,Income,0,Moderate
39,721967,4,Income,16,Moderate
38,957393,5,Tax,11,Moderate
32,978467,1,Retirement,11,Conservative
56,1022937,2,Retirement,31,Moderate
60,300000,4,Wealth,36,Moderate
35,319500,4,Wealth,5,Moderate
35,835255,5,Education,8,Aggressive
41,897087,1,Wealth,13,Moderate
55,722135,4,Retirement,27,Moderate
37,1068972,2,Tax,13,Moderate
54,1277472,3,Wealth,30,Aggressive
31,370570,1,Tax,6,Conservative
52,300000,3,Wealth,31,Moderate
28,610615,3,Wealth,0,Aggressive
22,1286078,1,Retirement,0,Moderate
29,963870,2,Retirement,1,Moderate
41,661141,2,Tax,18,Moderate
56,1907729,5,Education,30,Aggressive
49,3571829,1,Wealth,20,Moderate
29,1341479,1,Wealth,5,Moderate
69,2431816,5,Wealth,40,Aggressive
30,300000,2,Income,1,Conservative
36,880599,1,Tax,14,Conservative
28,557356,1,Retirement,6,Conservative
58,1312658,3,Retirement,36,Moderate
49,340387,3,Retirement,26,Moderate
35,785607,2,Wealth,8,Moderate
25,518602,3,Wealth,0,Aggressive
50,1417692,3,Wealth,25,Aggressive
32,568183,2,Wealth,9,Moderate
53,300000,2,Income,24,Conservative
59,1117673,5,Wealth,32,Aggressive
23,1472585,1,Wealth,0,Moderate
29,432949,1,Retirement,7,Moderate
31,1288881,2,Wealth,10,Moderate
40,866798,2,Retirement,16,Moderate
43,863071,4,Education,14,Moderate
54,300000,3,Wealth,25,Aggressive
52,1801910,4,Wealth,31,Aggressive
29,1032652,1,Retirement,3,Moderate
54,978951,2,Retirement,26,Moderate
28,1080004,5,Wealth,0,Aggressive
47,956705,1,Tax,17,Conservative
32,2281761,2,Retirement,5,Moderate
47,1745013,1,Wealth,19,Moderate
29,587810,4,Tax,2,Moderate
33,5483887,2,Retirement,3,Moderate
29,1382258,3,Wealth,1,Aggressive
37,3158042,5,Tax,10,Aggressive
52,943417,2,Wealth,30,Moderate
35,876547,1,Income,12,Conservative
56,338151,2,Wealth,35,Moderate
40,300000,3,Wealth,19,Moderate
32,816893,3,Wealth,9,Moderate
25,635426,2,Tax,0,Conservative
49,1067390,4,Tax,27,Moderate
65,499291,5,Education,40,Moderate
51,1336196,5,Retirement,23,Aggressive
31,1520130,3,Income,2,Conservative
23,2719958,1,Retirement,0,Moderate
38,4230374,3,Tax,11,Aggressive
39,1366445,4,Wealth,17,Aggressive
38,3314678,3,Income,16,Moderate
39,1096704,4,Tax,18,Moderate
37,979975,4,Tax,9,Moderate
47,404300,1,Wealth,20,Conservative
39,859396,2,Retirement,17,Moderate
43,644820,1,Wealth,18,Moderate
27,415018,1,Tax,0,Conservative
61,300000,2,Education,35,Conservative
37,794449,2,Wealth,11,Moderate
47,372879,2,Wealth,24,Moderate
36,729411,1,Wealth,6,Moderate
40,1414333,3,Retirement,10,Moderate
44,432463,3,Tax,22,Moderate
29,339751,1,Retirement,4,Conservative
45,317711,2,Education,16,Moderate
35,504288,1,Tax,11,Conservative
45,519928,3,Wealth,24,Aggressive
37,318342,2,Wealth,12,Moderate
31,1563369,1,Income,7,Moderate
37,1197809,3,Income,11,Moderate
32,300000,2,Retirement,2,Conservative
36,384269,2,Retirement,9,Conservative
27,1456588,5,Wealth,0,Aggressive
43,322387,2,Wealth,15,Moderate
30,412928,3,Tax,7,Moderate
35,695994,3,Wealth,5,Moderate
30,472709,4,Tax,6,Aggressive
37,3487877,3,Wealth,16,Aggressive
23,1106694,3,Wealth,1,Aggressive
55,975982,3,Retirement,25,Moderate
27,780012,2,Retirement,0,Moderate
21,1477019,4,Tax,0,Moderate
32,981766,4,Wealth,4,Aggressive
26,571890,1,Wealth,4,Moderate
53,300000,1,Wealth,32,Conservative
57,517122,4,Retirement,34,Moderate
29,636708,4,Wealth,4,Aggressive
43,1125452,2,Income,20,Moderate
37,1546355,3,Wealth,15,Moderate
29,805975,4,Retirement,6,Aggressive
61,855310,5,Tax,35,Moderate
32,348626,2,Income,11,Conservative
30,442046,1,Wealth,5,Moderate
34,300000,2,Tax,9,Conservative
37,524183,4,Tax,11,Aggressive
27,1012745,5,Retirement,0,Aggressive
35,1277859,4,Income,12,Moderate
35,502959,1,Retirement,13,Conservative
52,1700063,2,Tax,31,Conservative
27,2255300,1,Wealth,2,Aggressive
27,1479482,4,Education,0,Aggressive
25,1855229,4,Tax,0,Moderate
33,423200,2,Tax,3,Conservative
62,300000,4,Wealth,36,Moderate
30,1530528,3,Retirement,1,Moderate
24,2117975,2,Wealth,0,Moderate
30,2586943,1,Education,1,Moderate
28,300000,5,Income,4,Moderate
58,835677,4,Wealth,32,Moderate
42,365125,5,Wealth,13,Aggressive
38,712541,1,Retirement,10,Conservative
55,1460256,5,Wealth,26,Aggressive
33,1046893,2,Retirement,6,Moderate
38,300000,1,Wealth,14,Moderate
36,707861,2,Tax,15,Moderate
30,558103,2,Wealth,8,Aggressive
27,1536473,5,Wealth,2,Aggressive
39,483725,3,Retirement,13,Moderate
40,902599,2,Tax,17,Moderate
41,644116,2,Retirement,19,Moderate
51,2794930,1,Wealth,22,Moderate
54,1310823,3,Retirement,32,Moderate
32,739922,4,Wealth,4,Aggressive
44,622934,2,Education,20,Moderate
27,802478,1,Wealth,0,Conservative
48,3732961,5,Tax,25,Aggressive
43,1216535,1,Retirement,17,Conservative
59,1003634,3,Wealth,30,Aggressive
52,1305855,1,Retirement,29,Conservative
28,1207312,4,Wealth,7,Aggressive
42,1284106,5,Retirement,21,Aggressive
26,1302860,5,Income,0,Aggressive
35,405949,2,Wealth,13,Moderate
38,325037,3,Retirement,12,Moderate
33,1313352,5,Tax,9,Aggressive
34,1043263,5,Income,7,Moderate
62,550805,4,Wealth,40,Moderate
54,498957,1,Tax,28,Conservative
56,1154342,4,Tax,28,Moderate
54,1150803,3,Retirement,30,Moderate
47,300000,3,Retirement,17,Moderate
50,832108,5,Wealth,23,Aggressive
25,737848,2,Wealth,0,Moderate
42,669599,1,Retirement,15,Conservative
37,376601,1,Retirement,7,Conservative
29,496706,3,Wealth,1,Moderate
39,646123,4,Wealth,16,Aggressive
34,300000,5,Education,12,Aggressive
25,1687386,1,Wealth,1,Conservative
39,767352,4,Tax,17,Aggressive
49,537952,4,Wealth,21,Aggressive
35,395954,3,Tax,10,Moderate
34,958979,5,Tax,13,Moderate
21,300000,5,Income,0,Aggressive
29,1338089,2,Retirement,7,Moderate
27,1420499,5,Wealth,0,Aggressive
28,508480,3,Education,7,Moderate
54,300000,4,Wealth,27,Moderate
55,529884,1,Wealth,34,Moderate
40,648842,4,Tax,14,Moderate
44,737283,1,Tax,19,Moderate
48,2813489,2,Tax,18,Moderate
34,1021261,2,Retirement,6,Moderate
33,2648622,2,Retirement,11,Moderate
31,1404682,4,Retirement,4,Aggressive
50,1062282,3,Wealth,24,Moderate
55,880975,5,Wealth,25,Aggressive
57,300000,1,Wealth,33,Conservative
26,300000,3,Retirement,4,Moderate
26,1367765,5,Income,2,Aggressive
46,764058,1,Education,18,Conservative
21,1664169,4,Income,0,Moderate
41,300000,1,Wealth,12,Moderate
26,1010031,4,Retirement,2,Aggressive
49,1112551,5,Tax,21,Aggressive
27,516395,3,Retirement,0,Moderate
22,382453,1,Retirement,0,Conservative
46,389503,5,Wealth,17,Aggressive
33,491710,2,Income,8,Conservative
36,569962,3,Wealth,15,Moderate
42,523576,2,Income,21,Moderate
34,1003412,2,Wealth,6,Moderate
24,725868,3,Retirement,0,Moderate
39,335814,1,Wealth,11,Moderate
47,1182876,5,Wealth,18,Aggressive
55,351419,3,Tax,34,Moderate
26,630945,1,Income,0,Conservative
46,392623,3,Tax,16,Moderate
43,497129,3,Wealth,17,Moderate
28,564715,1,Tax,7,Conservative
35,583734,2,Wealth,7,Moderate
55,683960,4,Wealth,32,Aggressive
29,782816,1,Wealth,1,Conservative
33,1665490,4,Wealth,10,Aggressive
56,390634,4,Tax,34,Moderate
23,300000,3,Wealth,1,Aggressive
32,377466,1,Retirement,8,Conservative
23,1716147,1,Wealth,0,Moderate
61,1259247,2,Tax,35,Moderate
22,459161,4,Wealth,0,Moderate
39,619438,2,Retirement,12,Moderate
46,300000,5,Wealth,25,Aggressive
34,436087,4,Retirement,4,Moderate
29,460611,2,Wealth,0,Moderate
65,1360875,2,Tax,40,Conservative
25,709897,4,Income,0,Moderate
31,373624,2,Retirement,2,Conservative
30,300000,5,Retirement,4,Aggressive
25,1442543,1,Retirement,0,Conservative
37,723132,5,Retirement,9,Aggressive
34,405113,4,Wealth,8,Aggressive
44,1585048,3,Retirement,23,Aggressive
51,1341227,4,Retirement,30,Moderate
48,561422,1,Tax,19,Conservative
57,342586,5,Wealth,28,Aggressive
32,2212061,2,Retirement,9,Moderate
35,1229682,2,Tax,14,Moderate
35,721244,3,Tax,5,Moderate
40,335899,5,Income,17,Moderate
22,1079221,2,Retirement,0,Moderate
46,385464,4,Retirement,18,Moderate
50,1227060,2,Tax,27,Moderate
25,1136038,1,Wealth,0,Moderate
34,485391,5,Retirement,10,Moderate
24,1139187,2,Wealth,0,Aggressive
37,568479,2,Retirement,12,Moderate
56,1611598,1,Wealth,33,Moderate
56,566450,2,Wealth,32,Moderate
24,1297072,3,Wealth,0,Aggressive
31,4898331,5,Tax,10,Aggressive
53,454725,2,Retirement,23,Moderate
50,304601,4,Tax,20,Moderate
34,836080,2,Tax,6,Moderate
28,1134048,3,Wealth,3,Aggressive
28,433405,4,Education,2,Moderate
50,742829,3,Wealth,23,Aggressive
51,456620,1,Retirement,22,Conservative
30,300000,4,Education,6,Moderate
41,949845,4,Wealth,15,Aggressive
29,790824,3,Wealth,0,Moderate
39,375187,3,Wealth,14,Moderate
37,431086,1,Income,7,Conservative
28,610595,4,Income,3,Moderate
32,727372,4,Income,2,Moderate
26,300000,4,Retirement,2,Moderate
42,493963,4,Income,17,Moderate
43,1746982,1,Wealth,21,Moderate
42,1201993,2,Tax,14,Moderate
26,622867,4,Retirement,4,Aggressive
55,1711833,5,Wealth,25,Aggressive
56,692655,1,Tax,27,Conservative
24,612115,2,Tax,0,Moderate
23,949470,3,Tax,0,Moderate
35,908532,2,Retirement,8,Conservative
35,2064415,3,Wealth,9,Aggressive
33,378463,5,Tax,11,Moderate
28,1300033,1,Wealth,4,Moderate
59,663764,2,Wealth,38,Moderate
45,318711,3,Education,22,Moderate
39,1002897,4,Retirement,15,Aggressive
23,588184,5,Tax,0,Aggressive
30,1972852,5,Retirement,9,Aggressive
33,444785,1,Wealth,4,Conservative
32,514724,1,Retirement,5,Conservative
36,863354,1,Retirement,10,Moderate
55,300000,1,Wealth,32,Conservative
50,1609302,4,Wealth,27,Aggressive
34,1752245,5,Wealth,13,Aggressive
28,1285109,4,Income,0,Aggressive
54,874399,1,Wealth,29,Moderate
22,1226366,2,Tax,0,Moderate
47,957407,3,Retirement,25,Moderate
46,1455745,2,Wealth,21,Moderate
50,2757403,5,Retirement,29,Aggressive
26,740420,5,Education,3,Aggressive
32,664683,4,Retirement,7,Moderate
48,703319,3,Wealth,21,Aggressive
26,346825,1,Education,2,Conservative
22,858979,1,Wealth,0,Moderate
21,300000,2,Tax,0,Conservative
27,1861743,3,Wealth,2,Moderate
30,1979506,4,Tax,5,Aggressive
30,439974,1,Wealth,0,Moderate
47,379704,5,Wealth,18,Aggressive
39,1490199,1,Tax,11,Moderate
21,300000,3,Retirement,0,Moderate
50,424265,5,Education,28,Moderate
28,381436,4,Retirement,0,Moderate
32,1033787,1,Wealth,7,Moderate
45,1044252,5,Wealth,20,Aggressive
35,922049,4,Income,5,Moderate
46,714919,3,Wealth,19,Aggressive
31,1216008,4,Retirement,4,Moderate
26,791951,4,Wealth,5,Aggressive
60,2222661,5,Tax,33,Aggressive
47,1531455,1,Wealth,20,Moderate
45,443105,5,Wealth,18,Aggressive
50,592969,2,Wealth,27,Moderate
53,659154,5,Wealth,23,Aggressive
28,387496,5,Retirement,7,Aggressive
31,1632388,1,Education,7,Conservative
31,1319892,3,Tax,4,Moderate
41,627134,2,Education,12,Moderate
49,1051418,1,Wealth,21,Moderate
36,559294,1,Wealth,13,Moderate
39,1472078,4,Wealth,17,Aggressive
26,677151,2,Tax,0,Moderate
38,300000,4,Education,11,Moderate
48,312363,4,Income,22,Moderate
57,1858591,1,Retirement,35,Conservative
53,677735,3,Retirement,28,Moderate
56,993137,1,Tax,29,Conservative
50,686302,5,Wealth,27,Aggressive
31,300000,3,Income,1,Conservative
52,358413,2,Tax,31,Conservative
30,1631659,3,Wealth,6,Aggressive
44,1581629,2,Wealth,21,Moderate
26,300000,4,Wealth,0,Moderate
55,1778771,1,Tax,29,Conservative
55,542241,1,Education,30,Conservative
36,889284,5,Wealth,9,Aggressive
39,772163,1,Tax,12,Moderate
46,1220008,3,Retirement,20,Moderate
54,1393222,5,Wealth,28,Aggressive
30,599280,1,Wealth,7,Moderate
55,1682310,5,Retirement,27,Aggressive
27,2058394,1,Wealth,0,Moderate
66,1020991,1,Wealth,36,Moderate
57,381260,4,Retirement,29,Moderate
26,1087196,1,Wealth,0,Moderate
33,560320,1,Retirement,7,Conservative
38,623955,3,Wealth,11,Moderate
35,418251,2,Tax,12,Conservative
33,2143447,3,Retirement,6,Aggressive
25,748214,5,Wealth,2,Aggressive
28,2055733,5,Wealth,5,Aggressive
52,1330686,1,Retirement,28,Moderate
34,461413,1,Retirement,12,Conservative
48,468035,4,Income,18,Moderate
30,712648,1,Tax,3,Moderate
38,781858,3,Income,13,Conservative
48,597567,3,Retirement,20,Moderate
61,1726136,3,Wealth,37,Moderate
30,854892,3,Wealth,4,Moderate
44,972320,2,Wealth,23,Moderate
27,378951,3,Wealth,4,Moderate
43,300000,3,Wealth,21,Moderate
27,1478849,5,Retirement,3,Aggressive
32,400187,5,Tax,2,Moderate
32,661319,5,Wealth,3,Aggressive
30,758457,1,Wealth,1,Moderate
57,880360,5,Wealth,36,Aggressive
25,568987,1,Tax,0,Conservative
49,449883,5,Retirement,26,Moderate
49,557429,3,Tax,22,Moderate
31,300000,5,Tax,5,Moderate
32,1072618,4,Income,4,Moderate
28,1158125,1,Income,1,Conservative
52,1073076,3,Retirement,28,Moderate
62,864905,3,Retirement,40,Moderate
32,1709785,3,Education,11,Moderate
38,1839292,5,Wealth,11,Aggressive
35,1656595,1,Tax,5,Conservative
32,768475,3,Tax,6,Moderate
50,730695,3,Education,24,Moderate
27,841279,5,Wealth,0,Aggressive
50,505911,3,Education,26,Moderate
26,910273,3,Tax,4,Moderate
29,837494,2,Wealth,7,Moderate
28,1492592,5,Wealth,0,Aggressive
33,2108726,2,Wealth,6,Aggressive
43,969906,2,Tax,14,Moderate
44,1289152,5,Tax,22,Aggressive
24,798959,3,Tax,0,Moderate
28,1375633,3,Tax,2,Moderate
59,1458234,1,Wealth,35,Moderate
34,2154951,1,Wealth,12,Moderate
42,300000,5,Wealth,13,Aggressive
46,1203759,4,Tax,18,Aggressive
41,668266,2,Retirement,15,Conservative
44,1120552,5,Income,17,Aggressive
62,1140660,3,Income,35,Moderate
39,461590,2,Wealth,10,Moderate
32,300000,1,Tax,10,Conservative
53,1014549,2,Income,31,Conservative
32,611174,1,Income,2,Conservative
48,1302176,5,Retirement,26,Aggressive
36,715903,1,Income,12,Conservative
31,1346611,5,Tax,8,Aggressive
56,1017075,5,Wealth,35,Aggressive
52,300000,3,Wealth,23,Moderate
34,811332,4,Wealth,4,Aggressive
46,806004,4,Retirement,25,Moderate
37,641504,4,Retirement,16,Moderate
42,1187912,5,Tax,20,Aggressive
61,435601,5,Wealth,35,Moderate
59,2370472,3,Retirement,29,Moderate
31,307284,3,Wealth,5,Moderate
34,301387,1,Tax,13,Conservative
42,1215474,1,Wealth,19,Moderate
34,3632725,5,Tax,5,Aggressive
27,521329,4,Wealth,3,Aggressive
63,1110533,2,Education,38,Moderate
27,1722278,3,Education,4,Aggressive
63,688922,2,Education,34,Conservative
50,558823,2,Wealth,24,Moderate
31,1985599,5,Wealth,1,Aggressive
61,1022025,1,Retirement,36,Conservative
32,1186156,4,Tax,3,Moderate
45,333355,2,Income,21,Conservative
32,1099550,3,Wealth,8,Aggressive
26,1575720,3,Income,3,Moderate
35,1134359,3,Tax,9,Moderate
38,1166419,2,Wealth,10,Moderate
26,2507246,1,Wealth,0,Moderate
42,1196202,4,Income,13,Moderate
28,1853420,2,Wealth,0,Moderate
41,1407653,1,Retirement,11,Conservative
58,544763,4,Income,29,Moderate
28,965186,4,Tax,7,Moderate
34,1209332,4,Wealth,7,Aggressive
21,300000,4,Education,0,Moderate
23,919869,4,Wealth,0,Aggressive
27,1879957,1,Retirement,0,Moderate
29,423099,4,Tax,6,Moderate
28,374131,2,Retirement,5,Moderate
56,1024421,1,Retirement,34,Moderate
35,361247,4,Wealth,13,Aggressive
25,1782449,1,Education,0,Moderate
44,562077,1,Retirement,15,Conservative
27,1295768,3,Wealth,2,Aggressive
40,425705,1,Income,12,Conservative
21,3313235,3,Wealth,0,Aggressive
21,3781976,5,Income,0,Aggressive
37,1774754,3,Retirement,12,Moderate
41,499833,5,Wealth,19,Aggressive
25,767696,5,Wealth,0,Aggressive
42,300000,5,Education,14,Moderate
28,2011374,3,Wealth,1,Aggressive
31,875362,1,Retirement,6,Conservative
28,757391,4,Wealth,4,Aggressive
34,428735,5,Tax,8,Moderate
26,1607646,4,Tax,0,Aggressive
55,1175512,1,Tax,34,Conservative
22,832119,5,Wealth,0,Aggressive
29,1089379,5,Tax,7,Aggressive
45,3115989,5,Wealth,24,Aggressive
28,426379,5,Wealth,1,Aggressive
42,334181,3,Retirement,20,Moderate
27,466651,3,Retirement,4,Moderate
26,1869818,2,Wealth,0,Moderate
34,980667,4,Wealth,13,Aggressive
54,470012,4,Wealth,28,Moderate
61,1165642,2,Wealth,34,Moderate
38,569415,3,Tax,16,Moderate
25,910815,2,Tax,1,Moderate
41,1123436,5,Income,16,Aggressive
58,526525,3,Retirement,28,Moderate
40,300000,5,Wealth,16,Aggressive
33,954664,2,Tax,4,Conservative
41,703863,4,Tax,16,Moderate
51,522412,1,Wealth,27,Moderate
38,958220,1,Tax,9,Conservative
36,1246614,5,Wealth,6,Aggressive
48,300000,1,Wealth,20,Conservative
53,868903,5,Wealth,23,Aggressive
37,742417,2,Tax,8,Moderate
61,620385,3,Retirement,36,Moderate
28,1272099,4,Tax,0,Moderate
51,300000,5,Wealth,28,Aggressive
48,300000,3,Wealth,24,Moderate
34,300000,3,Retirement,6,Moderate
36,1324383,5,Wealth,12,Aggressive
49,576491,4,Tax,25,Moderate
65,678568,4,Wealth,35,Moderate
41,2657692,3,Tax,20,Moderate
26,1091748,1,Income,2,Moderate
33,1644983,3,Wealth,11,Moderate
46,769185,2,Tax,25,Moderate
42,300000,5,Tax,16,Moderate
30,688657,3,Wealth,4,Aggressive
47,450845,4,Tax,23,Moderate
47,458554,2,Wealth,23,Moderate
32,1060141,3,Retirement,6,Moderate
36,300000,5,Wealth,13,Aggressive
23,494671,5,Tax,0,Moderate
39,592027,5,Wealth,16,Aggressive
28,1266286,4,Income,7,Moderate
55,3458675,5,Retirement,32,Aggressive
28,300000,2,Wealth,7,Moderate
40,863685,1,Retirement,18,Moderate
38,633615,2,Wealth,9,Moderate
24,958780,4,Wealth,0,Aggressive
55,5021308,4,Wealth,27,Aggressive
35,301532,2,Education,14,Conservative
26,529139,2,Wealth,0,Moderate
47,1968227,2,Tax,18,Moderate
24,1099425,4,Wealth,0,Aggressive
41,1407333,5,Wealth,16,Aggressive
28,596156,4,Wealth,7,Aggressive
36,1589570,5,Education,7,Aggressive
34,1509503,2,Wealth,6,Moderate
37,1033164,5,Income,14,Moderate
32,3219658,3,Retirement,2,Moderate
35,975110,1,Retirement,5,Conservative
28,1085611,5,Education,7,Aggressive
36,591966,1,Income,15,Conservative
25,1096808,2,Wealth,0,Moderate
48,988407,1,Retirement,25,Conservative
28,1288844,3,Wealth,7,Aggressive
49,1047214,4,Retirement,24,Aggressive
52,1057756,1,Wealth,22,Conservative
36,601651,4,Tax,13,Moderate
34,1296897,4,Education,13,Moderate
55,916632,5,Retirement,26,Moderate
29,642146,1,Wealth,3,Moderate
37,465805,5,Tax,14,Moderate
51,1448441,1,Wealth,29,Moderate
56,1443076,3,Wealth,31,Moderate
62,743481,3,Tax,38,Moderate
39,329611,5,Income,18,Aggressive
58,2292426,2,Retirement,34,Moderate
59,2037706,4,Education,33,Aggressive
39,4298573,4,Tax,13,Aggressive
36,300000,1,Tax,15,Conservative
25,664408,3,Retirement,0,Aggressive
34,481396,5,Wealth,11,Aggressive
58,300000,2,Wealth,33,Moderate
59,839459,1,Education,31,Moderate
42,959940,3,Tax,12,Moderate
56,765322,2,Retirement,30,Moderate
54,300000,2,Wealth,27,Moderate
34,1239469,5,Retirement,12,Aggressive
31,350755,5,Wealth,3,Aggressive
32,1675422,3,Wealth,3,Aggressive
50,1614585,5,Income,20,Aggressive
54,1060643,1,Retirement,32,Conservative
64,606278,4,Tax,40,Moderate
37,891281,1,Retirement,9,Conservative
37,524454,1,Wealth,16,Moderate
38,1254041,2,Retirement,10,Moderate
34,2167201,3,Wealth,9,Aggressive
50,1999606,3,Education,20,Moderate
34,821545,2,Wealth,9,Moderate
57,2165248,1,Wealth,34,Moderate
37,1021579,1,Wealth,16,Moderate
51,300000,4,Income,28,Conservative
47,2003556,4,Wealth,20,Aggressive
29,917640,3,Wealth,5,Aggressive
54,1117360,1,Tax,30,Conservative
54,610710,4,Wealth,28,Moderate
43,2060441,2,Retirement,22,Aggressive
42,480804,1,Tax,16,Conservative
48,1933528,5,Wealth,19,Aggressive
58,405116,4,Tax,33,Moderate
51,972554,2,Retirement,27,Moderate
37,2120196,2,Tax,15,Moderate
42,2281825,5,Wealth,14,Aggressive
33,1466943,4,Retirement,12,Moderate
40,1762467,3,Retirement,15,Moderate
30,1541274,2,Wealth,4,Aggressive
23,602771,1,Tax,0,Conservative
32,1159753,3,Wealth,6,Moderate
35,984616,2,Tax,14,Moderate
28,1734491,2,Education,0,Moderate
32,1818206,5,Income,8,Aggressive
64,838914,4,Tax,35,Moderate
40,755039,4,Wealth,15,Aggressive
26,1682467,5,Tax,5,Aggressive
47,709970,5,Retirement,17,Aggressive
55,1794210,3,Wealth,28,Aggressive
38,891306,3,Tax,10,Moderate
34,550436,5,Wealth,6,Aggressive
23,617517,3,Retirement,0,Moderate
42,300000,1,Income,19,Conservative
27,772368,5,Tax,0,Aggressive
35,1261093,4,Retirement,8,Moderate
36,4812053,4,Income,6,Moderate
34,523361,5,Tax,7,Aggressive
33,634737,4,Retirement,9,Moderate
33,505108,2,Tax,12,Conservative
52,471219,1,Income,30,Conservative
25,1211024,2,Wealth,3,Moderate
60,613252,5,Wealth,32,Aggressive
41,485921,4,Tax,14,Moderate
31,1069301,3,Wealth,3,Aggressive
32,1185507,2,Wealth,6,Moderate
33,494215,2,Tax,9,Moderate
25,1728581,4,Retirement,0,Aggressive
31,2590466,3,Tax,4,Aggressive
26,1325676,5,Wealth,0,Aggressive
42,1177196,4,Tax,13,Moderate
29,300000,1,Income,5,Conservative
55,445273,1,Income,26,Conservative
27,306612,5,Tax,4,Aggressive
30,1545644,5,Wealth,5,Aggressive
25,1600044,1,Retirement,0,Conservative
22,1099930,3,Wealth,0,Aggressive
23,675958,5,Education,0,Aggressive
51,669564,1,Education,30,Conservative
38,10000000,3,Wealth,8,Aggressive
40,1410332,3,Retirement,12,Moderate
43,755101,5,Income,21,Moderate
26,1135821,2,Wealth,5,Aggressive
45,328925,3,Retirement,23,Moderate
57,1203460,5,Wealth,27,Aggressive
45,676140,3,Retirement,21,Moderate
25,1148137,4,Wealth,4,Aggressive
34,415107,3,Retirement,5,Moderate
58,2887298,2,Retirement,28,Moderate
53,434016,3,Retirement,31,Moderate
31,634452,2,Wealth,7,Moderate
55,372847,1,Tax,33,Conservative
50,484839,2,Wealth,22,Moderate
37,731816,3,Education,14,Moderate
56,834556,1,Wealth,32,Conservative
39,680818,1,Retirement,17,Moderate
52,1150826,1,Wealth,24,Moderate
30,4186338,1,Retirement,8,Moderate
21,703467,3,Wealth,0,Aggressive
21,567756,5,Retirement,0,Aggressive
23,2113927,2,Tax,0,Moderate
48,415258,5,Income,27,Moderate
57,2558407,5,Education,36,Aggressive
30,300000,2,Wealth,3,Moderate
45,1624913,4,Retirement,15,Aggressive
35,415494,2,Retirement,14,Conservative
30,406400,4,Tax,8,Moderate
46,1062340,2,Income,23,Conservative
31,1528583,5,Retirement,9,Aggressive
37,1310126,5,Wealth,14,Aggressive
56,498371,2,Wealth,30,Moderate
39,1476730,1,Income,15,Conservative
26,449817,4,Tax,0,Moderate
52,675276,1,Retirement,31,Conservative
31,538299,4,Wealth,9,Aggressive
45,725769,5,Wealth,18,Aggressive
46,551803,4,Wealth,22,Aggressive
32,914012,5,Wealth,5,Aggressive
61,312661,2,Education,32,Conservative
28,1217873,2,Wealth,0,Moderate
57,566947,3,Wealth,29,Moderate
56,385336,3,Retirement,27,Moderate
56,1660428,2,Retirement,32,Moderate
33,2965348,3,Income,5,Moderate
49,1189842,2,Tax,26,Moderate
54,953314,1,Tax,33,Conservative
56,614048,5,Education,34,Aggressive
27,317422,2,Retirement,4,Moderate
40,1207080,3,Retirement,11,Moderate
29,300000,3,Tax,1,Moderate
29,1115007,3,Retirement,6,Moderate
50,300000,1,Wealth,28,Conservative
34,929115,1,Income,7,Conservative
31,1984104,1,Income,6,Conservative
38,1040515,2,Tax,11,Moderate
37,1749831,5,Wealth,15,Aggressive
49,2259040,1,Wealth,24,Moderate
25,828771,3,Retirement,0,Moderate
36,2951558,3,Retirement,11,Moderate
26,661826,1,Retirement,0,Moderate
48,405947,5,Wealth,22,Aggressive
29,403494,5,Tax,5,Aggressive
23,1571241,5,Retirement,0,Aggressive
45,679442,3,Wealth,17,Aggressive
39,594681,2,Education,13,Moderate
59,1353512,4,Wealth,30,Aggressive
23,300000,1,Retirement,0,Conservative
28,5062809,1,Retirement,6,Moderate
26,355826,4,Retirement,0,Moderate
59,1240093,4,Tax,30,Moderate
26,1178758,3,Wealth,0,Aggressive
33,728768,3,Income,11,Moderate
55,1753085,1,Retirement,26,Moderate
49,1434497,2,Income,20,Conservative
28,746563,1,Income,0,Conservative
22,1249686,1,Tax,0,Conservative
32,300000,1,Wealth,4,Conservative
39,608425,3,Wealth,17,Aggressive
31,1186867,1,Wealth,3,Moderate
36,507536,2,Retirement,6,Conservative
56,760944,2,Retirement,28,Moderate
27,707935,2,Wealth,5,Aggressive
33,300000,1,Income,9,Conservative
47,1524889,4,Retirement,25,Moderate
43,882405,1,Tax,22,Conservative
47,353437,4,Income,26,Moderate
40,2939193,1,Wealth,16,Moderate
23,920307,2,Tax,0,Moderate
32,953247,4,Wealth,10,Aggressive
54,753693,2,Tax,28,Conservative
49,3060687,1,Retirement,23,Moderate
38,1548387,3,Retirement,9,Moderate
47,493082,4,Retirement,26,Moderate
47,300000,1,Retirement,17,Moderate
34,1296912,2,Wealth,10,Moderate
21,737708,5,Retirement,0,Aggressive
30,628334,3,Wealth,5,Aggressive
29,726225,5,Income,5,Aggressive
30,300000,5,Wealth,7,Aggressive
32,887161,3,Tax,2,Moderate
35,676988,2,Retirement,12,Moderate
45,589779,5,Tax,20,Aggressive
21,844508,5,Wealth,0,Aggressive
35,2401869,1,Retirement,9,Moderate
51,636470,3,Tax,25,Moderate
23,1936239,4,Retirement,0,Aggressive
28,903158,5,Wealth,0,Aggressive
29,2058887,1,Wealth,8,Moderate
40,772786,3,Retirement,12,Moderate
26,437781,4,Tax,1,Moderate
49,3579442,4,Wealth,26,Aggressive
21,1642973,5,Income,0,Moderate
54,2196942,2,Wealth,24,Aggressive
21,1229100,3,Retirement,0,Aggressive
40,843242,1,Tax,15,Conservative
47,1612972,3,Education,17,Moderate
41,1216900,1,Retirement,19,Moderate
24,556369,5,Tax,0,Aggressive
53,1120722,3,Tax,30,Moderate
52,634289,5,Education,22,Aggressive
37,328639,2,Retirement,11,Conservative
35,772772,1,Retirement,9,Conservative
29,528333,2,Wealth,0,Moderate
30,3512280,1,Wealth,6,Aggressive
58,385398,2,Tax,35,Moderate
30,594402,3,Retirement,2,Moderate
42,541032,1,Retirement,12,Moderate
32,1394314,5,Tax,10,Aggressive
34,962236,1,Wealth,5,Moderate
29,3064981,4,Tax,4,Aggressive
32,2317805,1,Wealth,8,Moderate
34,867991,1,Retirement,12,Moderate
34,377604,4,Wealth,4,Moderate
30,1048194,2,Retirement,9,Aggressive
32,949597,2,Income,4,Conservative
43,300000,1,Retirement,21,Conservative
48,700106,2,Wealth,24,Moderate
58,927318,4,Wealth,33,Aggressive
48,831128,5,Retirement,24,Aggressive
28,406559,2,Income,1,Conservative
26,799344,1,Retirement,0,Moderate
43,742722,5,Wealth,19,Aggressive
29,1134631,5,Income,0,Moderate
52,426337,5,Education,30,Aggressive
50,1830824,1,Education,28,Conservative
61,1141245,5,Retirement,39,Aggressive
31,319375,4,Retirement,8,Moderate
58,973819,5,Wealth,28,Aggressive
61,830330,4,Wealth,39,Moderate
50,759581,1,Retirement,26,Moderate
31,300000,1,Wealth,9,Conservative
36,645365,1,Education,8,Moderate
38,516882,5,Tax,12,Aggressive
26,588738,2,Wealth,0,Moderate
25,1521452,2,Wealth,4,Moderate
44,503462,5,Wealth,16,Aggressive
59,3740199,3,Wealth,30,Aggressive
43,4565352,3,Education,20,Aggressive
27,1037014,4,Wealth,4,Aggressive
38,328064,2,Wealth,15,Moderate
49,327965,5,Income,23,Moderate
63,1123649,1,Wealth,34,Moderate
64,685641,2,Retirement,39,Conservative
49,484898,5,Retirement,22,Moderate
29,813325,3,Wealth,5,Aggressive
33,324723,3,Wealth,3,Moderate
34,4274890,3,Wealth,12,Aggressive
52,1205898,4,Retirement,26,Aggressive
53,2536230,5,Tax,30,Aggressive
45,1581646,5,Tax,16,Aggressive
35,1373945,1,Retirement,5,Moderate
31,432531,5,Wealth,9,Aggressive
49,300000,1,Income,25,Conservative
23,1671976,3,Tax,0,Moderate
58,816817,2,Wealth,35,Moderate
45,3779372,3,Income,22,Moderate
57,596976,5,Income,35,Aggressive
30,819272,1,Wealth,6,Moderate
53,637579,3,Income,31,Conservative
36,2052084,5,Retirement,13,Aggressive
38,300000,5,Education,15,Moderate
59,1064293,1,Tax,30,Moderate
43,510669,4,Wealth,18,Aggressive
39,849795,2,Wealth,9,Moderate
30,2396824,4,Wealth,2,Aggressive
31,380809,3,Tax,4,Moderate
52,376063,4,Retirement,30,Aggressive
56,3011341,1,Wealth,32,Moderate
57,630418,2,Tax,31,Conservative
50,555813,4,Tax,22,Moderate
33,562075,4,Tax,10,Moderate
47,300000,2,Tax,20,Conservative
27,2401497,3,Tax,0,Moderate
22,2214323,1,Wealth,0,Moderate
32,300000,2,Wealth,10,Moderate
60,634773,3,Tax,37,Moderate
25,300000,2,Income,0,Conservative
51,1419243,1,Retirement,27,Conservative
33,1226917,1,Education,11,Conservative
59,401928,4,Wealth,35,Moderate
53,591610,4,Tax,30,Moderate
48,2080186,5,Tax,25,Aggressive
59,731479,5,Tax,36,Moderate
38,521784,4,Retirement,11,Moderate
49,1589851,1,Wealth,24,Moderate
39,852223,3,Retirement,14,Moderate
40,1985321,4,Wealth,10,Aggressive
27,1577557,5,Wealth,6,Aggressive
27,1273313,1,Tax,4,Conservative
64,434897,2,Education,39,Conservative
31,2051098,4,Tax,2,Moderate
27,810428,4,Wealth,0,Aggressive
30,851789,3,Retirement,8,Moderate
31,300000,1,Tax,10,Conservative
25,501702,3,Tax,2,Moderate
35,423553,2,Tax,12,Conservative
35,1153290,1,Wealth,10,Moderate
40,1518940,3,Wealth,10,Aggressive
35,665989,2,Retirement,10,Conservative
40,891919,2,Wealth,12,Moderate
55,769541,4,Wealth,29,Aggressive
32,2776108,1,Education,9,Moderate
38,300000,2,Retirement,9,Conservative
48,376729,3,Tax,25,Moderate
34,657328,1,Retirement,9,Conservative
32,1007087,2,Education,9,Moderate
54,569780,4,Income,30,Moderate
34,300000,5,Wealth,8,Aggressive
33,1281373,5,Income,12,Moderate
39,2634572,5,Retirement,16,Aggressive
53,300000,2,Wealth,23,Moderate
30,1062974,2,Retirement,0,Aggressive
30,1781050,3,Wealth,3,Aggressive
39,1109639,5,Wealth,9,Aggressive
27,1693022,5,Retirement,4,Aggressive
29,620140,1,Retirement,0,Conservative
32,434709,1,Wealth,9,Moderate
57,2015397,2,Tax,34,Moderate
51,1049687,2,Wealth,25,Moderate
28,922673,4,Education,0,Moderate
50,955019,5,Wealth,29,Aggressive
32,300000,5,Tax,9,Moderate
39,512717,2,Retirement,14,Conservative
27,914855,3,Wealth,0,Moderate
33,2703773,1,Wealth,5,Moderate
55,380057,5,Retirement,29,Aggressive
35,485872,3,Wealth,5,Moderate
63,1214674,1,Income,35,Conservative
56,300000,4,Tax,31,Moderate
23,701126,2,Wealth,2,Moderate
52,341944,3,Education,23,Moderate
53,3634955,1,Wealth,24,Moderate
31,1403602,2,Wealth,8,Moderate
24,421763,2,Retirement,1,Conservative
40,852091,5,Retirement,11,Aggressive
66,408915,1,Retirement,40,Conservative
34,389395,2,Wealth,5,Moderate
35,328190,5,Wealth,6,Aggressive
35,492988,2,Education,8,Conservative
36,1060345,1,Tax,7,Moderate
25,1860274,2,Wealth,1,Moderate
55,381336,4,Wealth,32,Moderate
44,418607,4,Tax,22,Moderate
21,3903898,4,Income,0,Moderate
39,885096,4,Wealth,10,Aggressive
55,652766,3,Retirement,32,Moderate
41,450128,2,Retirement,16,Moderate
61,508194,2,Retirement,38,Conservative
41,833519,2,Tax,14,Moderate
48,1801162,2,Retirement,20,Moderate
49,368504,5,Retirement,27,Aggressive
53,680008,3,Retirement,28,Moderate
44,2816115,2,Wealth,23,Aggressive
30,300000,5,Tax,1,Moderate
60,1953962,3,Income,38,Moderate
51,3502207,5,Wealth,29,Aggressive
31,829573,4,Retirement,1,Moderate
58,2025111,4,Retirement,32,Aggressive
57,300000,5,Wealth,29,Aggressive
36,668302,2,Wealth,10,Moderate
32,1715625,3,Wealth,10,Moderate
24,300000,1,Tax,0,Conservative
57,2013459,5,Wealth,28,Aggressive
28,4716940,5,Retirement,6,Aggressive
36,484174,5,Wealth,9,Aggressive
43,1355618,2,Wealth,18,Moderate
21,1582216,5,Income,0,Moderate
33,2479221,1,Retirement,7,Moderate
41,362321,4,Wealth,18,Moderate
32,510180,4,Wealth,4,Aggressive
44,1267003,3,Education,20,Moderate
53,859132,3,Retirement,25,Moderate
21,2886327,4,Tax,0,Aggressive
54,650822,1,Retirement,32,Moderate
25,598842,1,Wealth,3,Moderate
33,1044055,2,Retirement,8,Moderate
57,1027306,4,Wealth,36,Aggressive
42,740839,4,Income,16,Moderate
49,422963,3,Wealth,23,Moderate
34,890388,2,Tax,10,Conservative
21,1115132,4,Education,0,Aggressive
50,444570,3,Income,26,Conservative
39,363814,3,Income,18,Moderate
32,1044941,3,Wealth,8,Aggressive
29,7033345,3,Retirement,8,Aggressive
34,1955304,1,Wealth,10,Moderate
56,707880,5,Tax,30,Moderate
29,698383,3,Tax,4,Moderate
28,910467,1,Wealth,1,Conservative
38,537863,5,Retirement,13,Aggressive
21,1077177,1,Retirement,0,Conservative
41,300000,5,Tax,18,Moderate
41,590607,1,Wealth,18,Moderate
27,2107811,2,Education,0,Moderate
28,1342676,1,Wealth,6,Moderate
37,1320627,2,Wealth,12,Moderate
33,1791599,5,Wealth,4,Aggressive
34,644986,4,Retirement,13,Moderate
29,306158,4,Tax,0,Moderate
23,938478,3,Tax,0,Moderate
26,1127294,5,Retirement,5,Aggressive
50,2739088,1,Retirement,23,Moderate
64,499359,3,Wealth,40,Moderate
56,678644,1,Wealth,35,Moderate
29,1854804,4,Tax,4,Aggressive
55,1516786,3,Income,28,Moderate
53,300000,5,Retirement,27,Aggressive
53,1830178,5,Tax,32,Aggressive
47,2751083,3,Retirement,18,Moderate
56,568809,3,Wealth,27,Aggressive
62,1825463,1,Retirement,40,Conservative
32,1300906,1,Wealth,6,Moderate
56,449519,5,Tax,35,Moderate
64,328793,5,Retirement,40,Moderate
48,1083178,3,Tax,23,Moderate
55,1770998,2,Retirement,32,Moderate
32,636275,3,Tax,2,Moderate
32,356745,3,Education,3,Moderate
23,300000,4,Income,0,Moderate
42,889334,3,Tax,16,Moderate
21,480569,4,Wealth,0,Moderate
34,454450,1,Retirement,5,Conservative
21,2674360,2,Tax,0,Moderate
37,1387767,3,Tax,11,Moderate
59,1311479,1,Wealth,38,Moderate
57,779038,3,Retirement,29,Moderate
44,1175900,3,Retirement,16,Moderate
29,1004774,1,Wealth,6,Moderate
27,635423,3,Retirement,4,Moderate
28,796564,2,Income,0,Moderate
28,1910276,3,Tax,4,Moderate
44,1034667,4,Retirement,18,Aggressive
32,4349873,1,Tax,2,Conservative
37,1996667,4,Tax,7,Moderate
44,771789,2,Tax,17,Moderate
35,940783,3,Income,11,Moderate
38,819714,1,Tax,13,Conservative
29,2178648,1,Income,6,Moderate
31,358335,4,Retirement,5,Moderate
23,741911,2,Retirement,0,Moderate
35,1331094,4,Retirement,11,Aggressive
29,1185084,5,Retirement,4,Aggressive
47,2315653,2,Tax,22,Moderate
32,611228,3,Wealth,8,Moderate
55,300000,5,Wealth,32,Aggressive
34,1159874,4,Income,12,Moderate
26,940018,4,Wealth,0,Aggressive
31,1122278,2,Education,8,Moderate
37,623333,2,Income,16,Conservative
32,1258219,4,Tax,10,Moderate
32,688501,1,Tax,6,Conservative
41,1309635,3,Retirement,19,Aggressive
28,737748,2,Retirement,0,Moderate
55,2461972,1,Tax,33,Moderate
58,300000,4,Wealth,31,Aggressive
32,300000,4,Income,3,Moderate
62,1284731,1,Income,40,Conservative
32,300000,4,Retirement,11,Moderate
53,909567,3,Wealth,27,Aggressive
35,576519,1,Wealth,13,Conservative
33,2073517,3,Retirement,9,Aggressive
41,840172,2,Wealth,17,Moderate
31,562064,5,Tax,10,Aggressive
53,2623256,3,Wealth,32,Moderate
54,1266646,5,Tax,32,Aggressive
41,368637,4,Retirement,13,Moderate
38,300000,3,Income,10,Conservative
33,2038533,3,Retirement,9,Moderate
34,1019303,4,Income,8,Moderate
53,1476514,3,Tax,25,Moderate
24,1835548,4,Wealth,0,Aggressive
61,1227965,2,Retirement,34,Moderate
41,1000398,1,Education,13,Moderate
53,746053,3,Education,32,Moderate
24,1092249,2,Retirement,0,Moderate
21,641942,1,Tax,0,Conservative
23,2056207,3,Wealth,0,Aggressive
51,1322303,2,Wealth,21,Moderate
32,2279822,3,Retirement,7,Moderate
36,1020118,1,Retirement,15,Moderate
60,854931,3,Tax,32,Moderate
33,760283,4,Wealth,7,Aggressive
54,2670911,2,Wealth,26,Moderate
21,352919,3,Retirement,0,Moderate
49,300000,4,Retirement,26,Moderate
51,705366,1,Retirement,28,Conservative
30,750322,1,Tax,7,Moderate
22,1753605,4,Wealth,0,Aggressive
37,2140021,1,Education,13,Moderate
65,740942,4,Retirement,39,Moderate
29,605814,1,Wealth,7,Moderate
45,300000,5,Retirement,17,Aggressive
57,4239523,5,Income,32,Aggressive
59,1255291,3,Wealth,31,Moderate
39,2056575,1,Retirement,12,Moderate
49,1753390,5,Wealth,26,Aggressive
42,300000,4,Wealth,12,Moderate
53,572884,1,Retirement,29,Moderate
58,808511,2,Wealth,35,Moderate
52,719741,4,Education,27,Aggressive
36,1459524,5,Wealth,9,Aggressive
41,315702,5,Education,11,Aggressive
47,602525,5,Retirement,25,Aggressive
31,807424,3,Wealth,3,Aggressive
29,417924,3,Wealth,5,Aggressive
30,1569370,2,Retirement,9,Moderate
32,989343,2,Tax,10,Conservative
32,1891539,4,Tax,3,Moderate
30,3346630,2,Wealth,1,Aggressive
38,713030,4,Wealth,12,Moderate
31,1464057,1,Income,7,Conservative
52,300000,3,Retirement,29,Moderate
54,300000,5,Retirement,25,Aggressive
57,1009748,4,Tax,28,Aggressive
52,648559,2,Retirement,31,Moderate
37,2493670,1,Income,9,Conservative
50,1245220,2,Wealth,27,Aggressive
35,300000,5,Retirement,5,Moderate
26,1000006,1,Wealth,0,Moderate
30,587683,2,Wealth,1,Moderate
54,2056550,4,Wealth,30,Aggressive
46,698539,2,Wealth,25,Moderate
38,643142,3,Tax,11,Moderate
44,401931,3,Income,17,Conservative
52,361039,1,Wealth,29,Conservative
53,464242,3,Tax,23,Conservative
33,1589798,2,Wealth,10,Moderate
35,2655737,5,Wealth,14,Aggressive
29,2515698,3,Tax,1,Aggressive
31,1122427,4,Income,5,Moderate
56,467508,2,Wealth,31,Conservative
37,340913,3,Tax,10,Moderate
29,950704,1,Tax,3,Moderate
40,399485,5,Retirement,19,Aggressive
60,3325897,5,Retirement,33,Aggressive
35,1381975,5,Education,6,Aggressive
25,810994,5,Wealth,0,Aggressive
55,956154,4,Retirement,27,Moderate
25,807225,3,Tax,0,Moderate
52,1734431,5,Wealth,23,Aggressive
39,1020737,4,Retirement,11,Aggressive
40,514702,4,Retirement,16,Aggressive
21,1027283,5,Wealth,0,Aggressive
57,688034,5,Wealth,27,Aggressive
30,611909,4,Education,2,Aggressive
26,640888,4,Wealth,0,Aggressive
29,722409,1,Wealth,0,Moderate
55,300000,4,Wealth,31,Moderate
30,1189332,1,Retirement,2,Moderate
44,1293260,2,Tax,18,Moderate
30,387573,2,Wealth,4,Moderate
60,300000,1,Retirement,37,Conservative
29,2225257,2,Retirement,0,Moderate
31,3647009,4,Retirement,10,Aggressive
38,759158,4,Wealth,13,Moderate
31,1775553,5,Income,2,Moderate
32,723454,3,Retirement,10,Moderate
40,931336,5,Wealth,19,Aggressive
45,608488,5,Tax,21,Aggressive
60,1367295,3,Tax,35,Moderate
63,1007621,1,Retirement,40,Conservative
21,2162881,4,Tax,0,Aggressive
38,640728,3,Tax,8,Moderate
51,1111155,4,Wealth,23,Aggressive
28,1415763,1,Education,0,Moderate
57,1115926,2,Tax,28,Moderate
54,1028854,5,Tax,26,Aggressive
27,2241695,5,Income,2,Aggressive
33,391450,4,Education,3,Moderate
54,1223842,3,Retirement,28,Moderate
57,491715,2,Retirement,35,Conservative
26,441390,4,Wealth,2,Moderate
42,621560,5,Retirement,16,Aggressive
21,1041795,4,Retirement,0,Aggressive
50,1126850,4,Wealth,27,Aggressive
45,686809,5,Retirement,24,Aggressive
22,1430616,2,Retirement,0,Moderate
25,1510600,4,Retirement,3,Aggressive
44,2906916,3,Education,18,Aggressive
30,606632,3,Retirement,5,Moderate
60,478026,1,Wealth,34,Conservative
32,873402,1,Wealth,6,Conservative
30,305620,1,Income,9,Conservative
33,3814469,3,Tax,11,Moderate
58,644200,2,Income,33,Conservative
54,462391,4,Tax,28,Moderate
38,849767,3,Income,9,Conservative
44,863311,1,Retirement,22,Conservative
42,954468,1,Income,13,Conservative
55,1112431,4,Wealth,31,Aggressive
40,410852,1,Tax,17,Conservative
36,1032660,5,Retirement,12,Aggressive
54,661898,2,Retirement,28,Conservative
49,593767,5,Tax,23,Aggressive
64,1533430,3,Retirement,38,Moderate
29,300000,4,Tax,7,Moderate
57,1339576,2,Wealth,31,Moderate
30,2822053,2,Retirement,6,Moderate
58,1062087,5,Education,35,Aggressive
62,3302778,1,Tax,37,Conservative
42,1350728,3,Retirement,21,Aggressive
30,663594,1,Tax,5,Conservative
22,464733,2,Wealth,0,Moderate
23,740253,1,Wealth,0,Moderate
57,888674,3,Income,33,Moderate
27,660091,2,Retirement,2,Moderate
31,1369893,1,Education,10,Conservative
31,319165,4,Wealth,3,Aggressive
26,374502,1,Income,0,Conservative
42,937675,4,Wealth,20,Aggressive
37,516393,5,Wealth,14,Aggressive
31,716954,3,Wealth,10,Moderate
29,332604,4,Wealth,0,Aggressive
38,648032,3,Wealth,12,Moderate
45,659565,5,Wealth,22,Aggressive
56,517818,1,Income,33,Conservative
38,1058352,1,Income,13,Conservative
26,384825,4,Wealth,2,Moderate
25,2192429,5,Wealth,0,Aggressive
28,984431,1,Tax,3,Conservative
51,509805,2,Tax,26,Conservative
49,300000,5,Wealth,27,Aggressive
30,3196910,2,Income,8,Moderate
21,1177307,2,Retirement,0,Moderate
30,1739957,5,Retirement,6,Aggressive
27,1274535,1,Wealth,5,Moderate
50,1516746,5,Retirement,27,Aggressive
41,977918,1,Retirement,14,Conservative
63,1057535,3,Retirement,36,Moderate
27,920258,2,Income,4,Moderate
38,1448666,4,Wealth,12,Aggressive
27,1491008,5,Wealth,0,Aggressive
30,1059328,4,Retirement,8,Aggressive
34,1516326,3,Tax,5,Moderate
30,1590463,3,Retirement,6,Moderate
50,541405,2,Income,24,Conservative
43,527811,4,Wealth,21,Aggressive
62,1463266,3,Wealth,39,Moderate
30,501077,2,Income,7,Moderate
21,1092498,5,Retirement,0,Aggressive
36,414912,5,Tax,12,Moderate
38,688518,4,Retirement,17,Moderate
43,300000,2,Retirement,17,Conservative
36,532954,2,Wealth,14,Moderate
61,900763,2,Income,36,Conservative
50,474387,1,Income,24,Conservative
44,300000,3,Retirement,20,Moderate
27,465963,2,Wealth,2,Moderate
38,650544,1,Wealth,14,Moderate
32,1148596,1,Wealth,9,Moderate
51,780795,5,Retirement,25,Aggressive
36,416894,3,Wealth,12,Moderate
43,1721201,5,Retirement,13,Aggressive
36,2715153,3,Wealth,9,Aggressive
51,480068,5,Wealth,24,Aggressive
51,2843649,1,Wealth,29,Moderate
37,669881,2,Wealth,16,Moderate
34,1117181,2,Wealth,13,Moderate
27,2017537,3,Wealth,4,Aggressive
55,1935109,2,Tax,32,Moderate
26,647563,5,Education,1,Aggressive
33,1953803,5,Tax,7,Aggressive
28,1172395,4,Retirement,5,Aggressive
34,733166,4,Tax,4,Aggressive
29,489701,2,Wealth,5,Moderate
63,705117,3,Retirement,38,Moderate
30,1355333,1,Retirement,7,Moderate
45,617052,5,Wealth,19,Aggressive
21,977033,4,Education,0,Moderate
27,562766,3,Retirement,2,Moderate
39,1517242,1,Education,11,Moderate
56,441933,1,Wealth,27,Moderate
58,3923196,3,Education,37,Moderate
27,954204,1,Tax,2,Conservative
36,507126,4,Retirement,10,Moderate
45,563185,2,Income,19,Conservative
38,395336,5,Retirement,8,Aggressive
41,1665668,4,Income,19,Moderate
60,1011323,4,Retirement,38,Moderate
30,1013536,5,Retirement,2,Aggressive
53,1083661,2,Tax,24,Moderate
22,488193,2,Tax,0,Moderate
54,657839,1,Wealth,27,Moderate
60,300000,1,Retirement,32,Conservative
30,3151533,1,Wealth,3,Moderate
37,311558,4,Education,7,Moderate
47,533540,1,Education,17,Conservative
52,695342,2,Income,22,Conservative
38,953479,3,Retirement,12,Moderate
60,858488,4,Tax,31,Moderate
28,1123163,4,Education,0,Moderate
33,3287854,3,Income,10,Moderate
50,1067829,4,Retirement,28,Moderate
23,378708,3,Wealth,1,Aggressive
29,2382288,4,Income,8,Moderate
28,2221338,3,Income,3,Moderate
51,1008541,3,Retirement,30,Moderate
27,1210167,2,Retirement,6,Moderate
56,499109,3,Education,33,Moderate
33,1669244,3,Tax,9,Moderate
33,443203,5,Wealth,7,Aggressive
59,504602,4,Wealth,32,Aggressive
55,1330643,4,Wealth,33,Aggressive
53,1627439,1,Retirement,32,Moderate
54,428555,3,Wealth,26,Moderate
21,610485,3,Income,0,Moderate
26,628963,4,Wealth,0,Moderate
32,1695427,1,Wealth,4,Moderate
41,625520,2,Tax,20,Moderate
22,646082,3,Wealth,0,Moderate
62,2057814,5,Retirement,40,Aggressive
36,300000,4,Retirement,10,Moderate
52,524324,1,Wealth,25,Conservative
23,300000,3,Wealth,0,Aggressive
39,300000,1,Tax,15,Conservative
35,524489,5,Tax,11,Moderate
46,300000,1,Wealth,17,Moderate
28,339299,4,Education,4,Moderate
32,300000,2,Wealth,6,Moderate
28,642799,2,Tax,0,Moderate
30,1285790,2,Wealth,4,Aggressive
28,775155,1,Tax,0,Conservative
63,1546242,3,Income,40,Moderate
35,322269,3,Wealth,5,Moderate
44,2736630,3,Tax,22,Moderate
31,752593,5,Wealth,3,Aggressive
35,339556,3,Retirement,7,Moderate
35,751200,4,Wealth,8,Aggressive
60,1048860,1,Wealth,37,Moderate
29,1408033,4,Wealth,3,Aggressive
46,1968600,2,Tax,25,Moderate
38,864378,4,Wealth,15,Aggressive
54,769820,4,Retirement,24,Aggressive
21,1027080,4,Wealth,0,Aggressive
33,1953840,5,Tax,11,Aggressive
21,482640,1,Tax,0,Conservative
51,445050,3,Wealth,21,Moderate
41,755321,4,Retirement,15,Moderate
48,1763115,2,Tax,25,Conservative
58,557290,1,Wealth,32,Moderate
22,1350889,1,Wealth,0,Moderate
29,1081755,4,Wealth,0,Aggressive
37,595406,1,Retirement,15,Conservative
55,530660,1,Retirement,27,Moderate
28,1026488,1,Wealth,5,Moderate
27,356123,1,Education,0,Conservative
48,2079688,2,Tax,23,Moderate
49,2325596,2,Wealth,28,Moderate
34,718994,2,Tax,5,Conservative
43,3152189,3,Wealth,15,Aggressive
38,955856,2,Retirement,16,Moderate
40,566684,3,Wealth,16,Aggressive
32,616452,4,Retirement,10,Moderate
40,701900,1,Wealth,13,Moderate
27,555460,2,Tax,5,Moderate
49,452253,4,Wealth,23,Aggressive
67,1729427,1,Wealth,40,Moderate
58,698910,4,Tax,33,Moderate
54,300000,5,Tax,27,Aggressive
24,4479043,1,Tax,0,Moderate
33,1272549,1,Tax,9,Conservative
35,300000,3,Tax,10,Conservative
37,300000,1,Education,8,Conservative
36,300000,4,Retirement,14,Moderate
58,868853,5,Income,35,Aggressive
53,1103389,5,Education,29,Aggressive
57,961319,2,Wealth,35,Moderate
37,568474,2,Tax,12,Moderate
50,528699,4,Tax,26,Moderate
55,905859,2,Income,28,Conservative
28,521368,5,Wealth,0,Aggressive
41,830507,5,Retirement,16,Aggressive
35,1392423,3,Wealth,13,Aggressive
37,517653,1,Tax,15,Conservative
25,2116009,1,Wealth,4,Aggressive
39,311371,2,Education,11,Conservative
23,588722,4,Tax,0,Moderate
39,808392,1,Wealth,12,Conservative
24,316063,1,Income,0,Conservative
54,900784,5,Income,33,Moderate
41,1080301,2,Wealth,18,Moderate
36,331977,4,Retirement,10,Moderate
48,494350,3,Wealth,23,Moderate
27,504944,4,Wealth,1,Aggressive
38,300000,2,Tax,14,Conservative
41,954860,4,Wealth,13,Aggressive
38,692801,1,Wealth,13,Conservative
53,423713,4,Retirement,23,Aggressive
54,656849,2,Education,28,Moderate
33,789864,4,Retirement,10,Moderate
42,300000,2,Income,18,Conservative
53,774323,1,Income,32,Conservative
26,467425,5,Tax,0,Aggressive
21,300000,4,Wealth,0,Moderate
26,1299304,1,Tax,0,Conservative
27,464040,5,Retirement,1,Aggressive
35,2570640,1,Retirement,14,Moderate
58,837607,5,Wealth,36,Aggressive
25,813869,5,Tax,0,Aggressive
59,1166142,3,Income,35,Moderate
35,2815268,5,Tax,6,Aggressive
56,530537,5,Wealth,26,Aggressive
40,1864760,1,Tax,15,Conservative
31,614922,2,Wealth,1,Moderate
24,643765,5,Tax,0,Aggressive
36,740729,5,Tax,12,Moderate
52,695897,2,Wealth,23,Moderate
40,649429,5,Retirement,11,Aggressive
34,300000,4,Income,13,Moderate
50,766832,4,Retirement,23,Aggressive
33,640520,1,Retirement,4,Conservative
30,1717855,3,Wealth,4,Aggressive
27,765044,4,Retirement,0,Moderate
37,300000,4,Retirement,12,Conservative
64,604827,5,Wealth,40,Aggressive
35,1182159,5,Tax,9,Aggressive
37,300000,4,Income,12,Moderate
28,300000,4,Tax,0,Conservative
50,1142501,5,Retirement,25,Aggressive
33,1558644,2,Wealth,12,Moderate
39,1318765,4,Retirement,18,Aggressive
36,1646061,3,Wealth,14,Moderate
45,394648,2,Tax,18,Conservative
47,965184,3,Wealth,17,Moderate
42,1041965,3,Wealth,19,Aggressive
24,1787701,1,Retirement,0,Conservative
37,1615050,5,Wealth,8,Aggressive
30,1331065,3,Wealth,9,Aggressive
30,526985,4,Education,4,Aggressive
55,300000,4,Wealth,27,Aggressive
48,300000,2,Income,26,Conservative
38,1175376,4,Wealth,17,Aggressive
28,1448192,4,Income,7,Moderate
61,483603,1,Wealth,37,Conservative
46,1291904,3,Wealth,24,Aggressive
24,1156213,5,Wealth,0,Aggressive
37,379001,2,Retirement,9,Conservative
28,1773499,1,Wealth,6,Moderate
56,1011970,3,Tax,28,Moderate
57,300000,3,Retirement,30,Moderate
31,584691,4,Retirement,9,Moderate
56,1625300,4,Tax,27,Aggressive
39,472768,2,Retirement,17,Moderate
23,1673397,5,Wealth,0,Aggressive
21,1874651,4,Retirement,0,Aggressive
37,469777,5,Retirement,15,Aggressive
42,386286,4,Wealth,18,Aggressive
36,1264586,5,Retirement,6,Aggressive
29,1140684,4,Wealth,0,Aggressive
57,1201242,4,Retirement,29,Moderate
27,729697,4,Income,0,Moderate
62,2189694,4,Wealth,38,Aggressive
36,1511009,5,Wealth,7,Aggressive
42,592553,1,Retirement,19,Conservative
35,1316857,2,Income,8,Moderate
31,891310,1,Tax,1,Conservative
63,300000,5,Tax,39,Moderate
53,300000,2,Retirement,28,Conservative
23,787771,4,Tax,0,Moderate
34,541447,1,Retirement,12,Conservative
27,389925,2,Tax,0,Conservative
48,605173,1,Education,24,Conservative
37,1194124,5,Wealth,10,Aggressive
60,994856,2,Retirement,38,Conservative
21,797741,4,Wealth,0,Aggressive
52,300000,3,Wealth,31,Moderate
30,300000,4,Tax,8,Moderate
50,2047607,3,Retirement,23,Aggressive
38,765325,4,Tax,8,Moderate
37,1423996,5,Wealth,16,Aggressive
50,883516,2,Tax,24,Conservative
34,478395,1,Wealth,9,Moderate
34,608378,4,Tax,5,Moderate
32,1821880,3,Income,11,Moderate
36,1215165,2,Tax,13,Moderate
45,468622,1,Wealth,23,Moderate
32,1509446,3,Retirement,2,Moderate
38,473170,3,Wealth,14,Moderate
22,1063929,2,Retirement,0,Moderate
31,300000,5,Wealth,5,Aggressive
28,703884,5,Education,0,Aggressive
22,963193,5,Tax,0,Aggressive
28,542391,2,Retirement,3,Moderate
21,1385739,3,Wealth,0,Aggressive
34,347693,2,Retirement,9,Conservative
28,1365688,5,Tax,4,Aggressive
62,1015257,4,Wealth,36,Aggressive
22,468831,2,Retirement,0,Moderate
36,300000,4,Income,8,Moderate
47,2435678,5,Income,21,Aggressive
54,789853,2,Wealth,26,Moderate
23,550023,2,Retirement,0,Moderate
26,612594,4,Tax,5,Moderate
29,405834,1,Wealth,5,Moderate
30,1272524,4,Tax,1,Moderate
25,881662,5,Tax,0,Aggressive
44,301878,4,Wealth,16,Aggressive
30,836016,1,Tax,2,Conservative
45,320777,5,Income,18,Moderate
48,1402670,2,Income,20,Conservative
33,472417,2,Wealth,11,Moderate
43,1821790,1,Education,20,Moderate
51,2262492,5,Retirement,30,Aggressive
45,614201,5,Wealth,16,Aggressive
28,468747,2,Tax,4,Moderate
30,300000,4,Tax,1,Moderate
44,300000,4,Tax,19,Moderate
37,300000,5,Wealth,15,Aggressive
29,551995,1,Wealth,1,Moderate
64,300000,1,Tax,40,Conservative
38,1350997,2,Wealth,13,Moderate
43,1124709,3,Wealth,16,Aggressive
43,1126683,1,Education,13,Moderate
29,1830541,3,Education,0,Moderate
32,356484,4,Tax,3,Moderate
51,371372,2,Wealth,25,Conservative
29,1777049,4,Education,2,Aggressive
30,542472,1,Wealth,2,Moderate
60,1061175,4,Wealth,37,Aggressive
29,300000,5,Income,4,Aggressive
35,1706733,4,Wealth,9,Aggressive
48,1032455,3,Tax,25,Moderate
21,300000,3,Wealth,0,Moderate
23,2251821,4,Retirement,0,Aggressive
48,898000,1,Retirement,26,Conservative
22,3118550,3,Retirement,0,Aggressive
53,300000,2,Wealth,31,Moderate
54,1033787,5,Wealth,33,Aggressive
29,526681,1,Wealth,3,Moderate
55,653364,2,Education,30,Moderate
41,894472,1,Wealth,17,Moderate
37,300000,3,Wealth,13,Aggressive
31,3526539,1,Wealth,3,Moderate
42,2711013,2,Retirement,16,Moderate
33,943505,1,Wealth,3,Conservative
37,320492,3,Retirement,16,Moderate
48,658964,4,Wealth,23,Aggressive
51,948876,2,Income,26,Conservative
21,499702,4,Retirement,0,Moderate
55,1471805,3,Income,28,Moderate
33,894659,2,Tax,6,Conservative
35,765858,4,Education,7,Moderate
34,1391793,2,Retirement,10,Conservative
47,300000,5,Education,23,Moderate
38,463039,4,Tax,9,Moderate
32,745092,4,Retirement,2,Moderate
28,477031,5,Retirement,7,Aggressive
23,300000,3,Tax,1,Moderate
34,356150,5,Income,7,Moderate
44,803424,2,Retirement,17,Moderate
45,967328,2,Education,19,Moderate
53,4037201,2,Retirement,27,Moderate
41,1716208,3,Tax,20,Aggressive
51,372263,5,Income,25,Moderate
50,1915418,1,Wealth,20,Moderate
51,835485,4,Wealth,29,Aggressive
31,726261,5,Tax,4,Aggressive
53,500781,2,Tax,31,Conservative
63,300000,5,Income,40,Moderate
32,811259,5,Retirement,6,Moderate
50,326761,3,Tax,24,Moderate
46,656661,4,Wealth,20,Aggressive
33,1814146,3,Retirement,7,Moderate
34,1657295,3,Wealth,9,Aggressive
51,679296,2,Tax,21,Moderate
25,1624214,3,Education,0,Moderate
26,974171,4,Wealth,0,Aggressive
44,2305062,2,Wealth,16,Aggressive
32,352537,3,Retirement,2,Conservative
58,739318,2,Retirement,37,Moderate
32,574593,5,Retirement,11,Aggressive
24,1069866,4,Wealth,0,Aggressive
26,1025396,1,Wealth,3,Moderate
59,799996,1,Education,35,Conservative
24,3860788,1,Wealth,0,Moderate
35,358288,5,Retirement,12,Moderate
34,439343,3,Retirement,9,Moderate
40,1585029,5,Wealth,11,Aggressive
44,1050065,1,Wealth,20,Moderate
62,441367,3,Wealth,38,Moderate
47,2006499,5,Retirement,26,Aggressive
37,830530,3,Retirement,12,Moderate
34,839911,1,Wealth,8,Conservative
51,531176,4,Retirement,29,Moderate
37,1098409,1,Tax,15,Moderate
57,351975,1,Wealth,29,Conservative
31,461424,2,Retirement,8,Moderate
36,1488279,3,Tax,12,Moderate
27,300000,2,Retirement,4,Moderate
32,530164,5,Retirement,8,Moderate
30,1198325,5,Income,1,Moderate
27,2217158,1,Wealth,4,Aggressive
29,899670,2,Retirement,4,Moderate
24,1432673,2,Tax,0,Moderate
29,1250470,4,Wealth,2,Aggressive
32,494222,4,Wealth,10,Moderate
59,612256,1,Retirement,36,Conservative
34,863151,5,Wealth,6,Aggressive
63,3231354,4,Retirement,37,Aggressive
32,1054872,2,Tax,11,Moderate
47,734988,2,Retirement,23,Conservative
52,315994,1,Wealth,29,Conservative
33,608818,3,Wealth,11,Moderate
24,615837,3,Retirement,0,Moderate
51,1278040,5,Education,22,Aggressive
28,532313,1,Wealth,4,Moderate
40,856120,4,Wealth,19,Aggressive
31,919261,5,Income,7,Aggressive
28,922768,4,Tax,7,Aggressive
34,513494,1,Income,5,Conservative
49,555154,5,Retirement,28,Moderate
63,1009087,5,Wealth,40,Aggressive
36,529824,4,Wealth,8,Aggressive
52,300000,3,Education,24,Moderate
46,920435,3,Income,18,Conservative
31,300000,4,Tax,2,Moderate
22,720643,2,Wealth,0,Moderate
33,381230,2,Wealth,10,Moderate
23,659964,5,Wealth,2,Aggressive
25,2662077,4,Tax,0,Aggressive
61,1234794,3,Education,36,Moderate
34,535681,1,Retirement,13,Conservative
34,314424,2,Income,10,Conservative
40,300000,1,Tax,11,Conservative
37,310457,3,Wealth,14,Moderate
31,422479,4,Retirement,9,Moderate
41,340164,2,Tax,14,Conservative
29,1068488,5,Wealth,0,Aggressive
39,748209,1,Tax,16,Conservative
33,2414315,2,Wealth,9,Moderate
43,378211,3,Income,14,Conservative
56,621824,2,Wealth,27,Moderate
33,300000,2,Wealth,6,Moderate
41,829263,4,Tax,16,Aggressive
62,300000,4,Tax,40,Conservative
31,360174,5,Tax,8,Aggressive
35,757954,4,Wealth,6,Moderate
40,300000,3,Education,15,Moderate
45,488070,5,Retirement,22,Aggressive
39,556452,1,Retirement,11,Conservative
26,1438795,5,Wealth,4,Aggressive
57,1163395,4,Wealth,32,Aggressive
55,768998,5,Wealth,30,Aggressive
23,457891,5,Tax,2,Aggressive
51,653827,2,Wealth,21,Moderate
49,1279861,2,Wealth,26,Moderate
54,979332,2,Wealth,31,Moderate
56,2090685,5,Income,31,Aggressive
54,779085,4,Wealth,27,Aggressive
38,914937,3,Wealth,14,Moderate
29,353624,3,Education,0,Moderate
31,658011,1,Retirement,1,Conservative
44,881629,3,Retirement,14,Moderate
40,740878,4,Wealth,14,Aggressive
38,2705149,3,Retirement,15,Aggressive
22,317529,5,Retirement,0,Aggressive
46,615719,5,Income,23,Moderate
51,2423222,2,Retirement,25,Moderate
40,1308652,1,Income,17,Conservative
39,907775,3,Tax,14,Moderate
31,327030,5,Wealth,3,Aggressive
35,909119,3,Education,13,Moderate
23,682144,2,Wealth,0,Moderate
26,1715185,1,Wealth,0,Moderate
43,861544,2,Wealth,18,Moderate
23,2406756,3,Retirement,0,Aggressive
38,3211817,3,Wealth,12,Aggressive
27,1002439,2,Retirement,0,Moderate
49,1064962,4,Education,19,Aggressive
29,727900,2,Retirement,5,Moderate
48,300000,5,Wealth,23,Aggressive
38,300000,4,Income,9,Moderate
38,1533882,4,Wealth,15,Aggressive
32,2146487,3,Retirement,11,Moderate
50,547343,2,Retirement,21,Moderate
56,653886,2,Tax,31,Conservative
38,661362,5,Tax,17,Aggressive
47,459251,3,Tax,20,Moderate
41,3845770,5,Tax,16,Aggressive
23,621593,4,Tax,1,Aggressive
50,1773493,3,Wealth,23,Moderate
23,300000,3,Education,0,Moderate
61,1884321,3,Retirement,35,Moderate
35,3473667,2,Tax,11,Moderate
25,1014256,3,Retirement,2,Moderate
52,1340426,5,Income,30,Moderate
33,1610164,5,Retirement,8,Aggressive
52,1194086,5,Wealth,22,Aggressive
50,720046,4,Income,25,Moderate
54,462480,4,Wealth,31,Moderate
26,1378017,4,Retirement,0,Aggressive
38,346407,2,Wealth,17,Moderate
37,1301360,3,Wealth,10,Aggressive
29,396091,2,Wealth,0,Moderate
27,370136,4,Income,0,Moderate
35,300000,2,Wealth,6,Moderate
41,564233,3,Retirement,17,Moderate
55,1701913,5,Tax,33,Aggressive
34,1274819,5,Income,6,Aggressive
33,586257,4,Income,5,Moderate
31,441517,2,Tax,3,Conservative
52,2575091,5,Tax,31,Aggressive
33,300000,2,Tax,11,Conservative
25,794570,5,Income,0,Moderate
54,370310,2,Wealth,28,Conservative
32,900094,5,Wealth,7,Aggressive
36,886542,2,Wealth,8,Moderate
55,1596575,1,Tax,28,Conservative
41,1881365,3,Wealth,14,Aggressive
55,300000,2,Wealth,30,Moderate
25,473951,2,Education,0,Moderate
54,855562,4,Retirement,31,Moderate
30,1731558,2,Income,7,Moderate
40,1214248,2,Tax,16,Moderate
43,342811,4,Wealth,15,Aggressive
42,936669,1,Wealth,19,Moderate
52,1431765,2,Income,27,Conservative
40,431831,4,Income,14,Moderate
21,483969,3,Wealth,0,Moderate
57,543685,5,Tax,32,Aggressive
43,491286,3,Retirement,13,Moderate
39,692257,1,Education,9,Moderate
58,799364,3,Tax,32,Moderate
35,799365,5,Wealth,11,Aggressive
31,1111388,1,Tax,9,Moderate
31,635836,3,Retirement,5,Moderate
46,388690,3,Wealth,24,Moderate
57,416428,2,Tax,28,Conservative
21,1144028,1,Education,0,Moderate
43,472972,3,Income,14,Conservative
57,1057148,5,Tax,27,Aggressive
34,1125723,3,Wealth,10,Aggressive
57,1672865,2,Wealth,27,Moderate
42,423406,5,Tax,13,Moderate
36,449176,4,Wealth,13,Moderate
33,1479173,2,Tax,12,Moderate
42,300000,3,Wealth,18,Moderate
57,1242370,2,Wealth,30,Moderate
34,1688870,2,Wealth,12,Moderate
31,300000,5,Wealth,9,Aggressive
29,887283,1,Tax,2,Conservative
30,569001,4,Retirement,7,Aggressive
33,2292700,4,Wealth,12,Aggressive
57,2661888,1,Wealth,34,Moderate
53,4420572,2,Retirement,23,Moderate
48,2286987,4,Income,25,Moderate
40,2243706,5,Retirement,12,Aggressive
56,5156599,3,Retirement,35,Aggressive
52,893446,5,Retirement,28,Moderate
26,1254114,5,Retirement,0,Aggressive
23,2440278,3,Income,0,Moderate
52,757792,3,Wealth,28,Aggressive
40,476014,5,Retirement,19,Aggressive
34,526966,4,Wealth,5,Aggressive
54,649877,4,Retirement,29,Moderate
48,784621,5,Tax,23,Moderate
34,510874,3,Retirement,12,Moderate
52,300000,5,Education,23,Moderate
63,1949087,2,Wealth,33,Moderate
26,4025766,2,Wealth,2,Aggressive
49,300000,2,Tax,25,Conservative
50,343485,2,Wealth,26,Moderate
36,508146,3,Education,14,Moderate
34,336605,2,Income,11,Conservative
54,593968,2,Tax,29,Moderate
24,803331,3,Tax,2,Moderate
50,1161650,1,Tax,20,Conservative
59,634326,4,Tax,36,Moderate
50,2283945,4,Wealth,26,Aggressive
52,406998,2,Retirement,26,Moderate
26,538490,2,Wealth,4,Aggressive
42,4143150,2,Tax,18,Moderate
44,957681,1,Wealth,19,Moderate
34,1116630,5,Retirement,4,Aggressive
23,452791,1,Wealth,0,Moderate
37,920257,3,Education,7,Moderate
33,842332,4,Tax,12,Aggressive
38,870011,2,Retirement,10,Moderate
38,1031981,4,Wealth,9,Aggressive
48,1994825,1,Wealth,23,Moderate
28,333805,2,Tax,2,Moderate
38,1219440,4,Retirement,8,Aggressive
46,961744,5,Wealth,23,Aggressive
34,1310604,3,Retirement,4,Aggressive
30,1592225,2,Wealth,0,Moderate
59,696138,2,Retirement,35,Moderate
47,697673,5,Retirement,25,Aggressive
56,1263602,2,Income,30,Conservative
28,457287,4,Education,0,Moderate
24,724737,2,Wealth,0,Moderate
43,869685,2,Tax,19,Moderate
48,1674233,5,Income,19,Moderate
31,883616,2,Retirement,8,Conservative
55,920429,2,Wealth,28,Moderate
42,688787,2,Wealth,18,Moderate
31,993726,5,Retirement,8,Aggressive
28,915304,5,Wealth,1,Aggressive
54,511933,4,Wealth,26,Aggressive
42,1250851,5,Wealth,20,Aggressive
61,319090,5,Education,36,Moderate
41,862994,2,Income,19,Conservative
21,2805523,4,Education,0,Aggressive
27,300000,2,Education,0,Conservative
41,407362,4,Tax,20,Moderate
30,1867202,3,Tax,9,Aggressive
37,1425482,2,Income,12,Moderate
32,403819,4,Education,7,Moderate
57,348396,3,Retirement,28,Moderate
54,300000,3,Wealth,27,Moderate
63,300000,1,Wealth,37,Conservative
28,692204,1,Tax,0,Moderate
49,1844109,1,Wealth,26,Moderate
54,1694092,3,Tax,33,Moderate
23,1401468,4,Education,0,Aggressive
33,300000,4,Wealth,7,Moderate
41,2135563,5,Wealth,11,Aggressive
46,1253935,2,Education,22,Moderate
27,300000,3,Retirement,1,Moderate
28,339264,5,Wealth,6,Aggressive
33,1420371,3,Wealth,11,Moderate
29,1486434,1,Income,0,Conservative
58,611496,3,Retirement,29,Moderate
54,569815,1,Tax,26,Conservative
39,1133330,1,Wealth,16,Moderate
38,914555,4,Retirement,16,Aggressive
29,1235675,1,Tax,0,Moderate
23,300000,5,Wealth,0,Aggressive
30,797402,2,Retirement,5,Moderate
52,1035507,4,Retirement,27,Aggressive
22,924475,4,Retirement,0,Moderate
29,826348,4,Wealth,4,Aggressive
26,479499,2,Retirement,0,Moderate
47,1019671,3,Retirement,22,Moderate
61,300000,4,Retirement,31,Moderate
49,949522,1,Wealth,21,Moderate
28,2256155,3,Wealth,0,Aggressive
37,935939,4,Income,7,Moderate
38,423762,4,Wealth,13,Moderate
26,641103,5,Income,0,Moderate
23,454142,5,Retirement,0,Moderate
35,928588,5,Income,7,Moderate
27,819752,4,Retirement,1,Aggressive
60,418859,4,Wealth,36,Moderate
47,1715713,5,Wealth,17,Aggressive
27,647043,1,Wealth,1,Moderate
26,1090636,5,Wealth,0,Aggressive
58,2395563,4,Tax,35,Aggressive
48,341333,4,Education,20,Moderate
57,2415520,2,Retirement,36,Moderate
55,525689,1,Wealth,28,Conservative
43,2042126,3,Tax,19,Aggressive
41,1861394,1,Retirement,18,Moderate
40,520225,5,Wealth,10,Aggressive
37,745267,5,Wealth,12,Aggressive
33,300000,1,Income,6,Conservative
30,635019,2,Wealth,5,Aggressive
33,402399,2,Wealth,4,Moderate
40,480394,3,Education,13,Conservative
25,843053,5,Wealth,0,Aggressive
52,1086073,4,Income,28,Moderate
33,517826,3,Income,4,Moderate
52,825846,1,Tax,27,Conservative
58,573345,2,Retirement,33,Moderate
48,1103679,3,Education,25,Moderate
37,684931,4,Education,10,Moderate
29,374396,2,Tax,2,Conservative
36,487083,4,Tax,10,Moderate
27,666353,4,Income,3,Moderate
45,1257977,2,Wealth,18,Moderate
35,2327510,4,Retirement,12,Aggressive
53,515225,3,Income,30,Conservative
35,300000,2,Income,10,Conservative
49,1938440,2,Education,19,Moderate
52,1196613,2,Tax,22,Moderate
50,987791,5,Wealth,21,Aggressive
27,318885,5,Tax,6,Aggressive
30,764246,2,Education,7,Moderate
30,1319769,3,Retirement,4,Moderate
26,300000,4,Retirement,4,Moderate
37,1532212,3,Wealth,14,Aggressive
44,1077037,5,Wealth,16,Aggressive
31,1901289,4,Tax,5,Moderate
58,1408649,5,Wealth,33,Aggressive
55,300000,4,Tax,29,Conservative
44,399766,2,Tax,14,Conservative
29,1298597,2,Wealth,4,Aggressive
30,342285,2,Retirement,0,Moderate
52,467715,4,Income,22,Moderate
51,719164,1,Tax,30,Conservative
33,567510,2,Retirement,3,Moderate
40,300000,3,Tax,19,Moderate
30,1100166,2,Wealth,4,Aggressive
33,688837,5,Wealth,10,Aggressive
53,955275,2,Retirement,24,Moderate
49,699652,2,Retirement,26,Moderate
58,300000,1,Wealth,37,Conservative
48,512121,1,Tax,24,Conservative
26,423488,5,Tax,0,Moderate
45,823221,3,Tax,15,Moderate
44,1282203,3,Wealth,17,Aggressive
29,612364,4,Wealth,8,Aggressive
41,1252490,1,Education,11,Conservative
26,2108909,5,Tax,3,Aggressive
35,1215305,2,Retirement,5,Moderate
33,2988195,3,Wealth,12,Aggressive
36,353707,4,Wealth,7,Aggressive
57,1702541,4,Wealth,27,Aggressive
58,576491,2,Retirement,29,Moderate
41,1005546,4,Wealth,17,Aggressive
25,300000,1,Retirement,0,Conservative
41,3073976,5,Wealth,16,Aggressive
28,487413,1,Tax,1,Conservative
48,1454436,5,Wealth,23,Aggressive
24,2851320,2,Wealth,0,Aggressive
28,783919,1,Tax,2,Conservative
33,1952627,2,Wealth,3,Moderate
63,337048,3,Education,33,Conservative
35,1504019,4,Wealth,10,Aggressive
36,894757,5,Wealth,10,Aggressive
53,692271,4,Tax,25,Moderate
23,517967,2,Retirement,0,Moderate
32,300000,4,Education,3,Moderate
45,887565,5,Wealth,24,Aggressive
53,603254,2,Retirement,30,Conservative
31,1252127,5,Retirement,9,Aggressive
31,990046,3,Retirement,2,Moderate
29,1013877,5,Retirement,8,Aggressive
44,1248019,4,Retirement,17,Aggressive
37,386290,1,Income,15,Conservative
63,300000,2,Wealth,40,Moderate
30,412973,3,Retirement,9,Moderate
42,651062,1,Retirement,16,Conservative
34,413098,1,Income,11,Conservative
45,337205,1,Wealth,17,Conservative
26,300000,2,Wealth,0,Moderate
26,717497,2,Income,0,Conservative
35,675226,1,Wealth,11,Conservative
34,796128,5,Wealth,12,Aggressive
29,1395274,5,Retirement,6,Aggressive
38,807004,1,Tax,17,Moderate
47,1169738,5,Wealth,24,Aggressive
38,1242668,1,Tax,13,Moderate
34,342139,2,Retirement,13,Conservative
36,3328678,5,Education,6,Aggressive
40,445420,3,Wealth,14,Moderate
31,746010,2,Wealth,9,Moderate
47,529663,1,Wealth,23,Moderate
41,739680,3,Income,19,Moderate
31,1948656,3,Wealth,8,Moderate
51,1767630,2,Wealth,24,Moderate
26,582510,3,Tax,3,Moderate
24,300000,5,Education,0,Aggressive
56,3034918,3,Retirement,29,Moderate
53,2215457,3,Education,26,Aggressive
52,300000,4,Tax,24,Moderate
37,918245,3,Wealth,11,Moderate
44,300000,3,Tax,23,Moderate
32,704227,5,Wealth,5,Aggressive
39,911282,3,Wealth,15,Moderate
36,1182185,3,Income,8,Moderate
37,300000,2,Wealth,11,Moderate
56,2439835,4,Wealth,35,Aggressive
58,400294,3,Education,33,Moderate
44,555313,1,Wealth,22,Moderate
32,907339,4,Tax,6,Moderate
40,547549,5,Retirement,15,Moderate
26,1136655,3,Wealth,0,Aggressive
28,1054047,2,Wealth,4,Aggressive
34,1167273,2,Retirement,12,Moderate
25,993690,5,Retirement,2,Aggressive
21,303331,5,Tax,0,Moderate
39,1117783,1,Tax,9,Conservative
27,2198492,5,Retirement,0,Aggressive
30,518867,5,Retirement,3,Aggressive
42,774753,4,Wealth,19,Aggressive
34,1609600,3,Retirement,12,Moderate
26,1594485,1,Wealth,5,Moderate
26,486694,1,Wealth,4,Conservative
35,438780,1,Wealth,12,Conservative
42,810605,3,Wealth,17,Aggressive
38,1005601,5,Retirement,14,Aggressive
31,1397552,5,Retirement,2,Aggressive
33,300000,4,Wealth,11,Moderate
56,682903,4,Retirement,31,Moderate
41,832175,1,Wealth,15,Moderate
35,300000,3,Wealth,6,Moderate
24,930558,5,Wealth,0,Aggressive
41,483711,3,Wealth,13,Moderate
41,1628248,5,Retirement,20,Aggressive
48,637733,3,Tax,24,Moderate
40,752460,3,Wealth,18,Moderate
56,332733,1,Tax,33,Conservative
43,1966053,4,Tax,13,Moderate
31,1555974,2,Tax,2,Moderate
26,836156,3,Wealth,0,Aggressive
31,676570,2,Retirement,6,Moderate
53,1502300,1,Wealth,26,Moderate
58,1310604,3,Income,36,Moderate
58,476746,1,Tax,28,Conservative
33,456236,2,Wealth,10,Moderate
41,432522,5,Retirement,11,Moderate
30,762785,3,Wealth,0,Moderate
29,618296,1,Education,1,Conservative
25,1832399,2,Income,0,Conservative
53,1727042,3,Retirement,28,Moderate
65,739919,2,Retirement,40,Conservative
53,1261022,5,Retirement,25,Aggressive
36,1612236,3,Tax,6,Aggressive
28,4044141,1,Wealth,0,Moderate
28,1392951,1,Wealth,5,Moderate
56,1249849,1,Wealth,26,Moderate
21,300000,1,Tax,0,Moderate
40,1748020,3,Wealth,16,Aggressive
21,876960,5,Retirement,0,Aggressive
59,491865,5,Retirement,37,Moderate
29,465761,1,Retirement,3,Conservative
28,1050275,1,Wealth,1,Moderate
55,306818,1,Wealth,34,Moderate
21,387316,1,Tax,0,Conservative
57,1393104,3,Retirement,31,Moderate
49,1701423,5,Wealth,28,Aggressive
51,2262471,4,Retirement,24,Aggressive
34,373732,4,Retirement,5,Moderate
23,484533,5,Retirement,0,Aggressive
49,914823,1,Wealth,27,Moderate
55,1612320,4,Wealth,25,Aggressive
43,1093401,3,Wealth,20,Aggressive
27,932959,1,Wealth,0,Moderate
55,536187,5,Tax,29,Aggressive
24,360837,5,Tax,0,Moderate
53,300000,2,Income,29,Conservative
28,622830,3,Wealth,3,Aggressive
26,492409,3,Tax,0,Moderate
48,531706,2,Tax,20,Moderate
41,884382,2,Tax,14,Conservative
55,1121101,2,Retirement,25,Moderate
21,535527,3,Wealth,0,Moderate
60,1010373,2,Wealth,33,Moderate
58,1167321,3,Education,28,Aggressive
28,559297,2,Wealth,6,Moderate
34,540143,4,Tax,9,Moderate
40,855653,5,Income,18,Aggressive
31,404877,3,Income,7,Conservative
57,5062117,1,Education,29,Moderate
53,993762,1,Tax,26,Conservative
40,369645,2,Wealth,18,Moderate
27,1099666,2,Retirement,0,Moderate
29,582331,3,Retirement,2,Moderate
55,1568515,4,Tax,33,Moderate
34,996906,1,Retirement,9,Conservative
53,1088214,3,Income,28,Moderate
45,300000,1,Retirement,19,Conservative
26,979936,5,Tax,0,Moderate
23,2420367,2,Education,1,Moderate
49,2404630,3,Tax,20,Aggressive
52,3523424,2,Tax,28,Moderate
37,2150504,3,Tax,7,Aggressive
54,783969,2,Income,24,Conservative
48,1554905,2,Wealth,19,Moderate
34,786824,3,Education,9,Moderate
27,1224339,5,Tax,6,Aggressive
38,1575695,1,Tax,10,Conservative
29,856953,3,Wealth,4,Aggressive
31,1555152,5,Wealth,10,Aggressive
28,549084,4,Wealth,1,Aggressive
36,1301047,2,Wealth,11,Moderate
39,935735,2,Income,12,Conservative
37,571413,1,Tax,10,Conservative
21,1581527,1,Income,0,Conservative
56,300000,2,Retirement,35,Moderate
23,665522,2,Income,0,Conservative
47,810905,3,Education,19,Moderate
33,2252318,1,Tax,11,Moderate
53,740557,3,Retirement,29,Moderate
44,742648,3,Wealth,21,Moderate
23,1746775,2,Income,0,Moderate
53,878031,1,Tax,25,Conservative
32,465293,5,Wealth,9,Aggressive
36,4349724,1,Tax,6,Moderate
43,1535799,3,Tax,20,Moderate
37,644970,3,Wealth,9,Moderate
43,736219,2,Education,15,Conservative
35,366036,4,Wealth,12,Aggressive
52,967047,1,Income,22,Conservative
32,1550746,5,Retirement,8,Aggressive
30,300000,1,Income,6,Conservative
29,933574,1,Retirement,5,Conservative
43,300000,3,Wealth,14,Moderate
58,644755,2,Retirement,37,Moderate
32,900275,5,Income,5,Moderate
34,919622,5,Wealth,4,Aggressive
42,4273893,1,Wealth,19,Moderate
45,986655,1,Retirement,16,Conservative
51,543492,5,Income,23,Moderate
36,416259,5,Tax,8,Aggressive
54,543933,4,Education,29,Moderate
27,1047350,4,Income,3,Aggressive
38,300000,5,Wealth,15,Aggressive
51,346190,2,Tax,21,Conservative
39,989384,4,Tax,18,Moderate
28,708348,3,Wealth,3,Aggressive
33,1121382,3,Tax,5,Moderate
55,459525,3,Wealth,26,Moderate
44,531942,1,Retirement,15,Conservative
26,1713207,4,Wealth,0,Aggressive
60,1275574,1,Retirement,30,Moderate
56,300000,2,Wealth,27,Conservative
29,300000,5,Tax,3,Aggressive
22,390222,5,Income,0,Moderate
33,533968,2,Wealth,12,Moderate
21,1554587,4,Retirement,0,Aggressive
29,336810,2,Wealth,8,Moderate
30,1350807,5,Wealth,5,Aggressive
57,619908,5,Education,30,Aggressive
42,730275,2,Tax,13,Conservative
31,593017,1,Retirement,7,Conservative
35,1017902,2,Retirement,5,Moderate
34,1612304,1,Income,13,Conservative
58,486851,4,Retirement,28,Moderate
65,1749450,5,Tax,40,Aggressive
28,1457730,3,Education,0,Moderate
46,660382,3,Income,17,Moderate
54,511318,5,Wealth,33,Aggressive
24,2151546,2,Retirement,0,Moderate
27,665047,5,Tax,4,Aggressive
54,701453,2,Retirement,25,Conservative
23,1082465,2,Wealth,1,Moderate
33,1382761,5,Income,11,Moderate
24,2069685,3,Income,0,Moderate
44,1162329,5,Income,22,Aggressive
55,893669,2,Education,29,Moderate
32,949361,4,Tax,10,Moderate
57,338911,3,Retirement,35,Moderate
56,651806,2,Retirement,33,Conservative
44,406005,3,Income,15,Moderate
28,1438391,1,Income,3,Moderate
40,511559,5,Tax,16,Aggressive
48,1788649,5,Retirement,19,Aggressive
57,576359,3,Income,33,Conservative
37,504157,1,Tax,16,Conservative
44,480572,4,Income,15,Moderate
32,300000,4,Income,6,Moderate
33,449184,4,Wealth,7,Moderate
24,480608,3,Wealth,0,Moderate
23,1609008,2,Tax,0,Moderate
59,657863,5,Education,31,Moderate
36,704531,1,Income,15,Conservative
28,606837,1,Income,0,Conservative
33,1664035,4,Income,5,Moderate
45,909444,4,Retirement,16,Aggressive
50,423869,1,Education,22,Conservative
29,322093,5,Tax,6,Aggressive
46,560930,1,Income,19,Conservative
25,1881498,4,Wealth,0,Aggressive
33,726744,4,Retirement,4,Aggressive
60,1820843,3,Wealth,38,Aggressive
26,2686738,4,Wealth,0,Aggressive
55,3160659,3,Income,33,Moderate
34,643318,5,Education,11,Aggressive
31,445928,4,Retirement,10,Moderate
55,1392859,4,Retirement,29,Aggressive
51,372448,1,Education,22,Conservative
21,814336,4,Income,0,Moderate
29,430109,5,Wealth,6,Aggressive
33,599518,2,Wealth,3,Moderate
24,751912,1,Education,0,Conservative
53,583067,5,Retirement,32,Moderate
35,1352130,3,Tax,12,Moderate
30,952764,1,Retirement,7,Conservative
38,407495,4,Tax,16,Moderate
31,433449,1,Income,6,Conservative
32,511711,3,Education,4,Moderate
32,1996657,2,Retirement,9,Moderate
38,1344954,4,Retirement,12,Moderate
31,300000,5,Income,7,Moderate
30,995369,2,Retirement,2,Moderate
52,4682873,3,Retirement,28,Aggressive
50,1005383,2,Education,28,Moderate
32,762560,5,Tax,2,Moderate
37,517548,5,Retirement,15,Aggressive
30,401322,1,Tax,8,Conservative
31,970050,2,Wealth,2,Moderate
50,300000,1,Retirement,29,Conservative
35,503261,4,Tax,6,Aggressive
50,788312,3,Tax,28,Moderate
27,1749172,4,Wealth,0,Aggressive
26,300000,5,Education,4,Aggressive
38,592922,5,Tax,13,Moderate
43,1248412,5,Tax,13,Aggressive
30,703739,5,Retirement,0,Aggressive
41,1996099,2,Wealth,17,Aggressive
29,1181891,2,Retirement,4,Moderate
36,457334,5,Retirement,13,Moderate
24,821441,4,Wealth,0,Aggressive
50,457773,3,Education,20,Moderate
27,762316,3,Retirement,3,Moderate
37,912140,4,Wealth,8,Aggressive
25,1290119,4,Retirement,3,Aggressive
35,932859,4,Retirement,10,Moderate
58,352417,3,Wealth,29,Moderate
35,300000,3,Wealth,5,Moderate
63,1161201,5,Wealth,34,Aggressive
52,300000,5,Wealth,24,Aggressive
52,904552,4,Wealth,27,Aggressive
24,415667,2,Income,0,Conservative
53,785437,2,Tax,28,Conservative
28,718025,1,Income,6,Conservative
37,986718,3,Wealth,11,Moderate
31,800247,2,Tax,6,Moderate
36,1278575,1,Income,10,Conservative
25,951832,3,Education,0,Moderate
52,1736997,4,Wealth,30,Aggressive
41,563011,4,Retirement,20,Moderate
46,373133,5,Retirement,23,Moderate
30,956635,1,Wealth,6,Moderate
28,745553,1,Wealth,0,Conservative
38,1033648,1,Retirement,8,Moderate
32,762635,1,Tax,6,Conservative
34,1634625,5,Tax,10,Aggressive
59,1108093,5,Retirement,33,Aggressive
58,340700,4,Tax,36,Moderate
35,600211,4,Tax,13,Moderate
40,892774,2,Tax,14,Moderate
36,601134,1,Education,6,Moderate
28,518690,1,Retirement,3,Moderate
46,1953363,1,Tax,22,Conservative
53,1355127,5,Income,24,Moderate
58,476298,1,Income,32,Conservative
29,1496401,1,Retirement,3,Moderate
35,1397284,4,Income,5,Moderate
52,1211060,2,Retirement,30,Moderate
27,300000,5,Tax,0,Moderate
43,895232,5,Wealth,20,Aggressive
26,402846,3,Education,0,Moderate
36,698702,1,Wealth,7,Moderate
38,1770172,1,Wealth,8,Moderate
32,608862,1,Wealth,11,Conservative
22,720295,2,Retirement,0,Moderate
36,300000,1,Tax,8,Conservative
33,885767,5,Education,11,Aggressive
53,2145644,4,Tax,27,Aggressive
35,3441328,4,Tax,13,Aggressive
39,1528082,3,Retirement,11,Moderate
26,599342,2,Income,2,Conservative
23,1118642,2,Wealth,0,Moderate
33,581105,1,Wealth,12,Conservative
26,901764,3,Wealth,2,Moderate
32,1158249,4,Income,3,Moderate
36,307318,1,Wealth,6,Conservative
40,1377172,2,Retirement,13,Moderate
33,1086719,1,Wealth,4,Moderate
21,477823,4,Wealth,0,Moderate
65,300000,3,Retirement,40,Conservative
60,930674,5,Income,36,Moderate
31,1317318,1,Wealth,5,Moderate
29,639760,2,Wealth,4,Moderate
40,642319,3,Tax,12,Moderate
33,1193923,1,Tax,12,Conservative
21,515923,2,Retirement,0,Moderate
44,1303163,2,Wealth,14,Moderate
49,664462,3,Wealth,19,Moderate
28,945301,2,Wealth,2,Moderate
41,1020537,2,Education,19,Moderate
37,2405754,4,Retirement,13,Aggressive
35,976889,5,Retirement,13,Aggressive
34,427333,3,Wealth,10,Moderate
31,555677,4,Tax,2,Moderate
23,554522,5,Tax,2,Aggressive
28,1157782,1,Income,6,Moderate
35,773704,4,Wealth,12,Aggressive
27,800966,5,Tax,3,Aggressive
45,1852854,2,Wealth,17,Aggressive
53,1490874,3,Tax,24,Aggressive
32,659603,4,Wealth,10,Aggressive
32,2693260,1,Wealth,9,Moderate
51,3911180,4,Tax,25,Moderate
33,446536,2,Tax,11,Conservative
32,555243,3,Wealth,9,Moderate
28,378250,4,Wealth,0,Aggressive
36,2161975,4,Wealth,9,Aggressive
21,443043,2,Income,0,Conservative
53,567949,3,Tax,28,Moderate
33,4308924,2,Wealth,8,Moderate
28,1570380,2,Wealth,4,Aggressive
62,670319,5,Retirement,36,Moderate
35,788962,5,Wealth,12,Aggressive
34,300000,5,Retirement,5,Moderate
31,770467,5,Tax,4,Aggressive
45,947453,4,Retirement,20,Aggressive
28,379840,4,Tax,2,Moderate
34,943606,2,Tax,7,Moderate
57,3390842,3,Retirement,31,Moderate
61,2257084,5,Income,35,Moderate
52,2432309,2,Retirement,31,Moderate
39,656077,3,Tax,18,Moderate
37,613951,2,Tax,11,Conservative
37,1214011,5,Income,8,Aggressive
29,553653,5,Wealth,0,Aggressive
58,1324327,4,Wealth,29,Aggressive
25,1592764,1,Retirement,3,Moderate
26,3738409,1,Income,5,Conservative
54,321495,5,Wealth,27,Aggressive
57,1684937,2,Wealth,32,Aggressive
43,576272,4,Wealth,18,Aggressive
21,2334017,3,Tax,0,Moderate
45,1043365,2,Tax,23,Moderate
28,894641,2,Income,0,Conservative
34,1578078,1,Retirement,10,Conservative
32,1604535,4,Income,9,Moderate
55,623528,5,Wealth,31,Aggressive
27,869588,5,Retirement,4,Aggressive
34,532843,5,Retirement,7,Aggressive
55,898401,2,Income,29,Conservative
51,1562021,3,Income,22,Moderate
54,2385847,2,Education,29,Moderate
54,300000,5,Retirement,26,Moderate
48,1806982,3,Retirement,21,Moderate
32,1375424,1,Wealth,3,Moderate
38,355175,1,Tax,15,Conservative
27,300000,3,Income,5,Moderate
53,818823,4,Income,28,Moderate
32,767014,1,Education,5,Conservative
52,841021,2,Retirement,28,Moderate
52,2362520,5,Wealth,27,Aggressive
33,300000,1,Tax,5,Conservative
28,369239,3,Retirement,6,Moderate
32,310046,1,Wealth,3,Conservative
56,1828178,3,Tax,29,Moderate
22,1322285,3,Wealth,0,Aggressive
48,904228,4,Retirement,27,Aggressive
52,563754,1,Wealth,31,Conservative
38,700589,5,Income,8,Moderate
56,618100,1,Wealth,35,Conservative
34,1250013,3,Education,13,Moderate
46,3089243,1,Education,25,Moderate
60,374707,5,Wealth,37,Aggressive
28,598069,4,Wealth,5,Aggressive
39,687136,4,Wealth,15,Aggressive
25,300000,4,Wealth,0,Moderate
38,1490998,3,Income,15,Conservative
43,853892,2,Tax,13,Moderate
41,1064011,3,Wealth,14,Moderate
63,533827,5,Education,34,Moderate
33,1065841,4,Tax,7,Aggressive
52,729957,3,Education,27,Moderate
35,847493,3,Tax,7,Moderate
50,1742729,4,Retirement,26,Aggressive
23,1042847,1,Wealth,2,Moderate
30,300000,5,Wealth,2,Aggressive
47,757518,2,Tax,20,Conservative
52,1865443,2,Retirement,23,Moderate
41,701889,5,Retirement,11,Aggressive
55,1370883,3,Education,29,Moderate
57,2372803,4,Income,32,Moderate
58,1491061,4,Retirement,36,Aggressive
64,1151645,5,Wealth,40,Aggressive
54,939510,5,Wealth,30,Aggressive
31,689762,4,Education,5,Moderate
47,750501,4,Income,26,Moderate
33,2134600,5,Education,6,Aggressive
36,1294692,3,Wealth,12,Moderate
54,724780,2,Retirement,27,Moderate
29,662859,2,Retirement,2,Moderate
34,855302,1,Wealth,13,Moderate
52,1014588,5,Wealth,24,Aggressive
32,628744,1,Income,9,Conservative
42,357693,1,Wealth,20,Moderate
57,1171779,2,Retirement,31,Moderate
40,607319,4,Tax,12,Moderate
49,525839,4,Education,24,Moderate
53,593866,4,Tax,32,Moderate
55,509849,5,Tax,30,Aggressive
55,1351394,2,Wealth,28,Moderate
37,1565391,5,Tax,16,Aggressive
21,1340904,5,Wealth,0,Aggressive
31,947046,3,Tax,4,Moderate
27,332404,4,Wealth,5,Aggressive
38,1156571,3,Wealth,10,Moderate
32,3220975,3,Income,6,Moderate
21,708066,2,Retirement,0,Conservative
37,300000,4,Wealth,12,Moderate
25,1342211,1,Retirement,0,Moderate
44,300000,3,Tax,15,Conservative
27,414488,3,Tax,0,Moderate
60,675584,1,Retirement,35,Conservative
35,1754508,1,Retirement,11,Moderate
52,903372,2,Wealth,28,Moderate
34,530593,3,Wealth,6,Moderate
26,537563,3,Wealth,1,Moderate
27,377330,2,Retirement,0,Moderate
47,556758,1,Retirement,22,Moderate
43,694435,3,Retirement,18,Moderate
32,843620,1,Wealth,9,Moderate
53,1246126,5,Education,24,Aggressive
34,922468,3,Tax,10,Moderate
25,351115,5,Wealth,0,Aggressive
28,300000,3,Retirement,0,Moderate
27,518015,1,Education,0,Conservative
42,3362399,5,Education,17,Aggressive
32,639354,2,Wealth,5,Moderate
46,912541,4,Income,19,Moderate
42,301492,2,Tax,18,Conservative
54,544535,2,Wealth,33,Moderate
57,1254780,5,Income,30,Aggressive
46,1168647,5,Tax,25,Aggressive
50,816174,2,Wealth,20,Moderate
45,1068538,5,Income,17,Aggressive
28,2003496,2,Tax,2,Moderate
33,908134,3,Wealth,7,Moderate
29,2566418,4,Wealth,7,Aggressive
41,1051939,3,Wealth,12,Moderate
46,514464,5,Retirement,22,Aggressive
51,465498,2,Wealth,27,Moderate
28,634788,3,Income,0,Moderate
44,743626,2,Tax,21,Conservative
33,1595584,3,Wealth,10,Moderate
33,1967047,1,Tax,12,Conservative
48,688121,1,Education,20,Conservative
54,1133461,1,Retirement,28,Conservative
29,943792,4,Wealth,0,Aggressive
56,715246,3,Income,28,Moderate
51,1067560,5,Tax,25,Aggressive
30,1216752,3,Retirement,0,Moderate
32,3477334,2,Retirement,10,Moderate
23,2661850,3,Wealth,0,Aggressive
38,2009428,3,Wealth,14,Aggressive
52,687178,1,Income,27,Conservative
43,377006,2,Education,16,Moderate
30,1112487,3,Education,2,Moderate
37,300000,4,Wealth,14,Moderate
30,755221,5,Retirement,9,Aggressive
37,1136834,1,Wealth,15,Moderate
30,389641,3,Wealth,3,Moderate
53,993555,2,Wealth,24,Moderate
43,1457825,1,Education,19,Moderate
54,764750,1,Education,33,Conservative
31,852410,3,Wealth,5,Aggressive
26,1355794,2,Retirement,0,Moderate
25,2694831,2,Tax,1,Moderate
37,949374,4,Wealth,9,Aggressive
28,1300199,1,Wealth,3,Moderate
26,658200,4,Wealth,4,Aggressive
56,1313498,2,Tax,27,Moderate
61,1337323,5,Retirement,31,Aggressive
27,1143776,5,Retirement,4,Aggressive
29,2705409,5,Wealth,8,Aggressive
37,672636,3,Income,7,Moderate
29,830080,3,Wealth,0,Moderate
23,2203574,2,Wealth,0,Moderate
52,657742,4,Retirement,26,Moderate
46,1432197,3,Retirement,25,Moderate
33,2951554,2,Wealth,12,Moderate
55,1424801,5,Income,29,Aggressive
57,1109056,5,Retirement,32,Aggressive
31,726929,1,Income,1,Conservative
47,1833916,4,Retirement,23,Moderate
45,401845,2,Tax,16,Moderate
31,300000,2,Wealth,10,Moderate
56,434406,5,Tax,30,Moderate
24,832499,3,Wealth,0,Moderate
53,360119,3,Wealth,31,Moderate
34,3869581,2,Retirement,6,Moderate
39,458789,3,Wealth,12,Moderate
39,1537425,2,Wealth,11,Moderate
46,496944,1,Tax,19,Conservative
25,803930,3,Retirement,0,Moderate
49,860867,1,Tax,25,Conservative
40,382348,4,Wealth,18,Aggressive
22,818768,1,Retirement,0,Moderate
56,2219007,4,Retirement,26,Aggressive
32,728577,1,Retirement,11,Conservative
58,964589,3,Education,36,Moderate
44,1024201,1,Retirement,19,Moderate
42,1063749,3,Retirement,13,Moderate
53,300000,2,Education,27,Moderate
32,1402061,2,Wealth,7,Moderate
33,1197986,4,Wealth,7,Aggressive
47,847919,5,Wealth,19,Aggressive
33,2110479,1,Retirement,7,Moderate
56,1751795,3,Wealth,29,Aggressive
44,1079702,5,Retirement,18,Aggressive
28,585319,2,Wealth,5,Moderate
53,696351,3,Education,26,Moderate
25,758059,3,Wealth,0,Moderate
34,1240600,5,Retirement,4,Aggressive
34,804150,3,Tax,11,Moderate
21,971534,5,Tax,0,Aggressive
24,353916,1,Wealth,0,Conservative
38,1461260,1,Wealth,15,Moderate
42,1903979,1,Retirement,14,Moderate
22,626560,2,Wealth,0,Moderate
49,593570,5,Wealth,26,Aggressive
41,516177,1,Retirement,12,Conservative
25,3063835,2,Education,0,Moderate
28,1431511,2,Tax,2,Moderate
57,789556,2,Education,28,Conservative
59,529297,1,Wealth,37,Conservative
29,395162,3,Tax,7,Moderate
46,1415924,1,Retirement,25,Conservative
33,671370,2,Tax,4,Moderate
53,1110937,4,Retirement,24,Aggressive
56,2143163,1,Wealth,26,Moderate
31,397176,1,Retirement,3,Conservative
30,518973,3,Retirement,6,Moderate
42,1164966,1,Tax,15,Conservative
35,697246,1,Retirement,12,Conservative
38,721401,2,Retirement,14,Moderate
40,1445120,2,Tax,12,Moderate
32,1361237,4,Tax,8,Moderate
51,635605,2,Tax,21,Conservative
42,552496,5,Wealth,12,Aggressive
21,771401,3,Retirement,0,Moderate
36,1777710,1,Income,7,Conservative
58,300000,1,Retirement,36,Conservative
47,747705,5,Retirement,26,Aggressive
31,1256162,3,Income,1,Conservative
35,525905,5,Education,9,Aggressive
30,308349,5,Education,4,Aggressive
27,381558,3,Wealth,1,Moderate
25,1031708,1,Wealth,0,Conservative
33,760301,1,Retirement,11,Conservative
25,300000,3,Tax,4,Moderate
31,571321,2,Tax,1,Conservative
58,1971039,3,Tax,36,Moderate
31,773401,5,Wealth,3,Aggressive
49,1208377,5,Wealth,25,Aggressive
40,755616,1,Wealth,13,Moderate
39,1425640,3,Tax,18,Moderate
31,1217812,3,Wealth,7,Aggressive
48,817940,1,Tax,23,Conservative
36,434280,5,Wealth,9,Aggressive
58,1097504,1,Retirement,31,Conservative
28,306597,4,Wealth,3,Aggressive
27,1140213,5,Tax,1,Aggressive
42,1489982,3,Wealth,19,Aggressive
39,570487,2,Tax,16,Moderate
54,358787,2,Retirement,30,Conservative
39,1610178,2,Retirement,14,Moderate
56,812270,3,Retirement,27,Moderate
28,714579,3,Retirement,0,Moderate
44,916937,2,Retirement,23,Moderate
52,582649,2,Income,24,Conservative
54,300000,4,Retirement,27,Moderate
55,544278,1,Tax,29,Conservative
66,818804,2,Income,40,Conservative
34,820953,2,Wealth,8,Moderate
29,300000,4,Retirement,7,Aggressive
56,669728,1,Wealth,30,Moderate
28,2558526,2,Tax,0,Moderate
60,832982,4,Retirement,32,Moderate
21,1484743,5,Retirement,0,Aggressive
33,1208760,1,Retirement,9,Moderate
49,513817,1,Retirement,20,Conservative
59,524203,5,Education,32,Moderate
36,1067434,2,Retirement,6,Conservative
28,550786,5,Tax,6,Aggressive
46,1802185,2,Education,23,Moderate
27,651073,2,Tax,0,Moderate
50,1440580,4,Income,21,Moderate
34,1053972,4,Wealth,13,Aggressive
32,1126466,3,Wealth,2,Moderate
44,525483,1,Tax,23,Conservative
35,1719578,4,Income,12,Moderate
40,4134576,1,Wealth,11,Moderate
47,419530,2,Income,25,Conservative
53,1557745,4,Wealth,24,Aggressive
30,808394,3,Retirement,3,Moderate
39,459230,2,Income,12,Conservative
58,383993,5,Wealth,35,Aggressive
43,441353,4,Tax,16,Moderate
42,483609,1,Income,15,Conservative
37,357413,3,Tax,9,Conservative
41,1743173,3,Wealth,20,Aggressive
38,801095,3,Tax,11,Moderate
22,1076351,2,Wealth,0,Aggressive
40,359793,2,Wealth,10,Moderate
59,1869205,4,Retirement,29,Moderate
37,555479,1,Tax,10,Conservative
50,1999125,5,Wealth,23,Aggressive
32,1103016,2,Retirement,9,Moderate
58,412914,3,Income,31,Conservative
55,1041321,3,Retirement,25,Moderate
41,789159,1,Wealth,16,Moderate
25,408798,5,Wealth,2,Aggressive
24,381800,4,Education,2,Moderate
37,1432401,4,Wealth,10,Aggressive
46,1877910,2,Retirement,23,Moderate
33,388344,5,Tax,10,Moderate
25,870293,2,Wealth,0,Moderate
34,300000,2,Income,9,Conservative
47,1450024,1,Tax,17,Conservative
40,851182,4,Retirement,18,Aggressive
35,317741,3,Education,8,Moderate
30,588698,1,Retirement,0,Conservative
25,550659,1,Education,0,Conservative
38,442026,3,Wealth,16,Moderate
31,1570158,5,Wealth,7,Aggressive
21,447262,3,Wealth,0,Moderate
35,2611774,3,Wealth,14,Aggressive
55,1474656,3,Wealth,33,Moderate
36,640226,3,Retirement,9,Moderate
26,3996061,4,Income,0,Moderate
34,623961,4,Retirement,9,Moderate
33,305479,1,Wealth,9,Conservative
21,1617842,1,Wealth,0,Moderate
34,441805,5,Retirement,13,Moderate
33,1932802,3,Wealth,10,Moderate
32,305564,5,Retirement,10,Moderate
28,445068,5,Wealth,3,Aggressive
30,553544,5,Retirement,3,Aggressive
36,1202403,5,Education,10,Aggressive
46,575187,4,Education,18,Moderate
29,551581,3,Tax,0,Moderate
54,1280645,1,Wealth,25,Moderate
36,1834313,2,Income,6,Conservative
55,655812,4,Wealth,31,Aggressive
36,401385,5,Retirement,11,Moderate
48,2229255,2,Income,25,Moderate
29,727356,3,Retirement,4,Moderate
65,1080502,3,Wealth,38,Moderate
51,579353,5,Tax,21,Aggressive
45,615856,4,Income,15,Moderate
50,579253,2,Tax,22,Conservative
40,1445304,5,Wealth,14,Aggressive
46,1853399,2,Wealth,22,Aggressive
30,562919,4,Wealth,2,Aggressive
38,612936,1,Wealth,10,Conservative
50,1906670,2,Education,29,Moderate
30,3045861,3,Retirement,4,Moderate
47,1201698,2,Education,18,Moderate
33,1028486,2,Retirement,10,Moderate
33,3106834,3,Tax,11,Moderate
46,958862,3,Income,20,Conservative
40,960162,2,Education,18,Moderate
27,581750,2,Education,0,Moderate
35,1317034,2,Retirement,7,Moderate
30,521938,4,Tax,5,Aggressive
30,601156,3,Retirement,3,Moderate
43,667148,5,Tax,18,Aggressive
21,1211874,3,Retirement,0,Moderate
34,659112,4,Wealth,7,Aggressive
52,1510178,2,Income,31,Conservative
53,411401,2,Retirement,28,Conservative
29,638583,4,Retirement,3,Aggressive
46,876474,1,Wealth,16,Conservative
40,921572,4,Retirement,12,Moderate
56,1355870,2,Retirement,29,Moderate
32,430967,3,Tax,7,Moderate
37,839298,3,Retirement,9,Moderate
31,412047,3,Wealth,2,Moderate
60,1266309,1,Retirement,38,Moderate
52,587393,5,Wealth,31,Aggressive
54,1438250,5,Retirement,25,Aggressive
34,818555,2,Tax,13,Conservative
30,879277,3,Tax,1,Moderate
26,5178317,3,Income,0,Moderate
60,1635304,3,Wealth,38,Moderate
25,1306769,3,Retirement,0,Moderate
39,815146,4,Tax,11,Moderate
38,632876,2,Retirement,14,Moderate
60,580815,4,Tax,39,Moderate
30,2141605,1,Income,7,Moderate
30,532240,2,Wealth,2,Moderate
29,1207482,3,Retirement,1,Moderate
29,548762,3,Retirement,3,Moderate
36,445035,4,Retirement,12,Moderate
32,614594,5,Wealth,8,Aggressive
40,1345212,4,Retirement,14,Moderate
32,1720513,5,Tax,10,Aggressive
64,959893,2,Retirement,39,Moderate
21,751145,2,Income,0,Conservative
55,1221795,2,Tax,30,Moderate
25,729869,1,Tax,0,Conservative
57,632063,2,Wealth,30,Moderate
31,440725,4,Education,5,Moderate
51,1767910,4,Retirement,28,Moderate
45,570691,5,Wealth,15,Aggressive
26,422323,2,Wealth,0,Moderate
48,710915,5,Wealth,23,Aggressive
57,1529755,4,Wealth,34,Aggressive
35,1372039,3,Wealth,9,Aggressive
26,724442,2,Tax,3,Moderate
37,603480,1,Wealth,7,Conservative
65,3897514,1,Retirement,38,Conservative
34,484503,3,Education,6,Moderate
21,835495,5,Tax,0,Aggressive
33,525637,5,Wealth,5,Aggressive
59,1519370,5,Wealth,31,Aggressive
47,1545358,2,Education,21,Moderate
34,402571,5,Retirement,9,Moderate
38,962309,1,Retirement,8,Conservative
21,300000,1,Wealth,0,Conservative
36,902003,1,Wealth,11,Conservative
52,300000,5,Tax,27,Moderate
59,1043979,2,Income,31,Conservative
37,668900,1,Wealth,10,Moderate
23,308577,4,Education,0,Moderate
52,1199370,1,Wealth,22,Moderate
48,850817,2,Tax,22,Conservative
48,433072,1,Tax,24,Conservative
42,1365131,3,Wealth,21,Aggressive
54,775427,3,Income,27,Conservative
24,1086650,3,Tax,1,Moderate
29,652959,1,Retirement,0,Conservative
42,731437,2,Retirement,13,Moderate
56,2428680,5,Tax,27,Aggressive
23,546020,2,Wealth,0,Moderate
34,994160,4,Tax,4,Moderate
64,1000416,4,Wealth,36,Aggressive
62,361848,2,Retirement,33,Conservative
49,1007815,1,Wealth,20,Moderate
29,300000,3,Wealth,8,Moderate
40,3365008,3,Income,19,Aggressive
36,2185336,5,Retirement,9,Aggressive
40,300000,1,Tax,11,Conservative
54,1779849,5,Retirement,25,Aggressive
53,861057,2,Income,31,Conservative
28,300000,5,Retirement,3,Aggressive
54,300000,4,Wealth,32,Aggressive
49,784723,5,Tax,25,Aggressive
30,2575136,3,Retirement,2,Moderate
59,4221922,4,Retirement,35,Aggressive
39,987133,3,Tax,14,Moderate
37,400412,2,Education,11,Conservative
33,2933358,5,Retirement,4,Aggressive
55,420769,5,Retirement,25,Moderate
41,636921,5,Wealth,17,Aggressive
41,1299477,1,Retirement,20,Moderate
22,2031485,1,Wealth,0,Aggressive
62,362875,4,Retirement,35,Moderate
22,794822,3,Wealth,0,Aggressive
37,1273429,2,Tax,13,Conservative
42,300000,1,Wealth,18,Conservative
54,300000,3,Wealth,24,Moderate
28,300000,5,Retirement,6,Aggressive
28,969694,5,Retirement,4,Aggressive
44,1225072,3,Retirement,14,Aggressive
57,1876190,5,Retirement,33,Aggressive
35,1015689,1,Wealth,9,Moderate
52,4218532,2,Wealth,25,Aggressive
33,1255697,1,Wealth,8,Moderate
31,2062188,5,Income,1,Moderate
48,1574370,2,Tax,19,Moderate
55,976576,5,Retirement,32,Aggressive
56,2487690,2,Wealth,35,Moderate
41,1288051,4,Retirement,16,Aggressive
27,535157,5,Wealth,2,Aggressive
48,926031,4,Income,27,Moderate
39,643183,1,Retirement,15,Conservative
43,469138,1,Education,21,Conservative
21,499499,1,Education,0,Conservative
56,1250835,5,Retirement,33,Aggressive
52,306739,3,Retirement,23,Moderate
40,977197,4,Wealth,16,Aggressive
38,562790,4,Income,15,Conservative
52,399417,4,Education,23,Moderate
23,756901,5,Wealth,0,Aggressive
33,892082,4,Tax,8,Moderate
35,3361505,4,Wealth,6,Aggressive
50,392255,4,Wealth,28,Aggressive
41,999531,5,Wealth,16,Aggressive
21,1115151,5,Tax,0,Aggressive
26,753402,3,Wealth,3,Moderate
47,2207944,4,Wealth,26,Aggressive
33,962600,3,Retirement,5,Moderate
50,1491107,4,Tax,29,Moderate
37,518599,4,Wealth,9,Aggressive
38,337850,1,Retirement,12,Conservative
56,706081,1,Tax,30,Conservative
28,698749,3,Wealth,4,Moderate
52,629149,5,Education,23,Aggressive
34,981883,3,Retirement,9,Moderate
60,583750,1,Tax,38,Conservative
30,594099,2,Tax,3,Moderate
48,2224383,5,Tax,27,Aggressive
49,409716,2,Retirement,21,Moderate
26,2052369,5,Income,5,Aggressive
53,1466246,1,Tax,27,Conservative
43,1790925,2,Retirement,22,Moderate
64,1790671,2,Wealth,34,Moderate
30,744686,4,Retirement,4,Aggressive
45,500637,2,Wealth,15,Moderate
44,648698,4,Retirement,14,Moderate
41,802459,1,Tax,18,Conservative
41,355137,2,Education,13,Conservative
37,1072875,4,Tax,12,Moderate
33,603507,2,Wealth,12,Moderate
47,915400,1,Wealth,22,Conservative
53,704688,2,Wealth,27,Moderate
60,1540589,2,Retirement,33,Moderate
29,1173286,3,Wealth,6,Aggressive
32,524754,3,Education,6,Moderate
48,856173,4,Retirement,19,Moderate
59,300000,2,Education,32,Conservative
24,590098,2,Wealth,3,Moderate
26,974887,2,Tax,0,Conservative
27,411641,2,Tax,2,Conservative
32,1374755,3,Wealth,11,Aggressive
37,325074,2,Wealth,7,Moderate
29,999263,4,Retirement,2,Moderate
31,724028,2,Wealth,6,Moderate
49,1730559,3,Wealth,26,Moderate
43,545861,4,Retirement,13,Moderate
29,711236,3,Wealth,6,Aggressive
54,2043793,4,Wealth,29,Aggressive
27,2063415,4,Income,0,Moderate
31,300000,2,Retirement,1,Conservative
34,300000,5,Tax,8,Aggressive
44,2152063,3,Wealth,19,Aggressive
39,1822960,4,Retirement,16,Aggressive
35,1422818,4,Tax,11,Moderate
45,748486,3,Wealth,15,Moderate
27,793006,3,Retirement,0,Moderate
63,300000,1,Income,40,Conservative
49,595143,3,Tax,20,Moderate
42,1507475,5,Income,20,Aggressive
32,744337,5,Wealth,3,Aggressive
51,1538513,5,Tax,27,Aggressive
58,1684663,1,Wealth,28,Moderate
58,1577123,1,Wealth,33,Moderate
35,1105669,1,Wealth,9,Moderate
48,667554,4,Tax,19,Moderate
56,951816,2,Retirement,35,Conservative
27,403379,1,Retirement,2,Conservative
44,300000,2,Retirement,19,Moderate
50,927574,2,Wealth,26,Moderate
32,531657,2,Tax,5,Moderate
51,498405,5,Tax,23,Moderate
32,719440,1,Tax,6,Conservative
34,1491186,3,Education,4,Moderate
37,1826560,3,Income,9,Moderate
35,419606,5,Wealth,9,Aggressive
56,3186337,4,Wealth,31,Aggressive
38,1072122,4,Retirement,15,Moderate
21,1186610,1,Income,0,Conservative
35,405475,3,Wealth,7,Moderate
40,778368,2,Tax,14,Conservative
24,752085,1,Education,0,Moderate
50,300000,4,Wealth,27,Moderate
26,784452,1,Tax,0,Conservative
28,1411262,3,Wealth,2,Aggressive
33,556710,2,Education,12,Moderate
47,475845,2,Income,26,Conservative
21,1696256,4,Retirement,0,Aggressive
36,925622,4,Wealth,6,Moderate
24,770158,5,Wealth,1,Aggressive
25,906030,3,Retirement,0,Moderate
36,1203320,4,Education,11,Moderate
32,1483471,3,Income,4,Moderate
30,1625048,5,Retirement,9,Aggressive
28,1088669,1,Wealth,0,Moderate
53,1999005,5,Wealth,30,Aggressive
36,300000,3,Retirement,8,Moderate
38,1733415,4,Income,13,Moderate
21,699247,5,Retirement,0,Aggressive
57,359281,2,Retirement,33,Moderate
24,1687767,3,Retirement,1,Moderate
30,833994,4,Wealth,8,Aggressive
54,1554592,1,Income,29,Conservative
59,680977,4,Tax,31,Moderate
32,1042589,3,Wealth,9,Aggressive
37,725376,2,Wealth,7,Moderate
30,823784,4,Tax,2,Moderate
28,543452,4,Education,0,Moderate
60,353446,3,Wealth,31,Moderate
33,394149,3,Wealth,4,Moderate
38,949901,2,Retirement,10,Moderate
33,550862,4,Retirement,7,Moderate
30,1183766,2,Wealth,4,Moderate
57,735322,3,Tax,31,Moderate
35,579911,2,Wealth,9,Moderate
31,2744548,3,Retirement,9,Moderate
43,526781,1,Wealth,18,Conservative
41,913275,2,Retirement,12,Conservative
35,2725885,4,Education,10,Aggressive
52,1549761,4,Retirement,31,Aggressive
29,1005840,4,Wealth,0,Aggressive
35,499907,4,Retirement,12,Moderate
49,300000,1,Retirement,26,Conservative
47,300000,4,Wealth,22,Moderate
27,614837,2,Income,2,Conservative
60,2694228,3,Wealth,38,Aggressive
60,470401,3,Income,34,Conservative
43,396569,3,Wealth,14,Moderate
57,682117,3,Retirement,34,Moderate
48,884526,2,Education,23,Conservative
51,980256,4,Wealth,29,Aggressive
65,1813655,5,Retirement,39,Moderate
31,436753,4,Wealth,8,Aggressive
31,1962866,5,Tax,5,Aggressive
49,1271712,1,Wealth,26,Moderate
43,532326,3,Income,18,Moderate
51,424568,1,Tax,21,Conservative
22,319046,3,Income,0,Moderate
38,1822649,5,Tax,13,Aggressive
60,649625,3,Wealth,33,Moderate
48,648165,3,Income,24,Moderate
23,955827,4,Retirement,0,Moderate
28,370487,4,Retirement,3,Moderate
47,2336928,4,Wealth,18,Aggressive
35,1015343,1,Wealth,6,Moderate
30,995513,2,Wealth,0,Moderate
47,754694,5,Income,23,Moderate
21,308601,1,Retirement,0,Conservative
49,1692543,4,Retirement,22,Moderate
57,3947882,4,Education,30,Aggressive
44,444725,2,Wealth,23,Moderate
36,421275,1,Retirement,13,Conservative
51,444073,4,Wealth,25,Aggressive
30,483273,3,Wealth,9,Aggressive
44,2241514,5,Income,14,Moderate
29,396051,1,Retirement,8,Conservative
35,4198906,3,Wealth,6,Aggressive
40,2988830,1,Wealth,16,Moderate
33,1418366,1,Income,12,Conservative
40,1225224,4,Wealth,12,Aggressive
37,1494770,2,Income,9,Conservative
30,554194,3,Wealth,7,Moderate
26,362826,4,Education,0,Moderate
45,884962,5,Tax,20,Aggressive
30,314642,4,Education,0,Moderate
30,483386,1,Retirement,4,Conservative
30,1398768,3,Tax,6,Moderate
52,1083752,5,Wealth,25,Aggressive
31,2173659,4,Wealth,8,Aggressive
59,662505,1,Wealth,32,Moderate
33,2801499,5,Wealth,10,Aggressive
28,511307,1,Retirement,0,Moderate
56,1535474,4,Wealth,34,Aggressive
41,910927,4,Education,19,Moderate
58,1757753,1,Wealth,28,Moderate
34,486829,3,Wealth,7,Moderate
47,1509606,3,Wealth,20,Moderate
39,1133221,2,Tax,13,Conservative
24,446669,4,Tax,1,Moderate
30,3964429,3,Wealth,3,Aggressive
53,748173,1,Wealth,29,Moderate
29,1479900,3,Wealth,1,Aggressive
40,1259951,5,Wealth,18,Aggressive
33,347017,5,Tax,8,Aggressive
34,1625576,1,Income,13,Conservative
27,355666,1,Income,0,Conservative
55,611055,4,Retirement,31,Moderate
46,1038916,5,Income,16,Moderate
61,850126,3,Tax,32,Conservative
38,1270935,2,Wealth,17,Moderate
33,300000,1,Education,5,Conservative
35,302349,5,Retirement,5,Moderate
34,1317783,1,Retirement,4,Conservative
21,728873,3,Retirement,0,Moderate
58,1057081,3,Wealth,32,Moderate
37,1112143,5,Wealth,12,Aggressive
46,414386,4,Retirement,16,Moderate
53,332959,4,Retirement,28,Moderate
31,1422997,2,Wealth,9,Moderate
44,505819,3,Wealth,21,Aggressive
28,973679,1,Education,7,Conservative
39,772757,3,Retirement,18,Moderate
45,380185,5,Wealth,21,Aggressive
21,591949,2,Wealth,0,Moderate
27,1715292,4,Retirement,5,Aggressive
37,960634,4,Income,14,Moderate
54,669033,3,Wealth,27,Moderate
31,1120887,4,Tax,8,Moderate
38,2223618,1,Wealth,13,Moderate
34,836747,2,Retirement,6,Moderate
22,3743247,3,Wealth,0,Aggressive
44,1068401,2,Tax,21,Moderate
36,692234,2,Tax,15,Conservative
36,1104288,3,Retirement,9,Moderate
40,4156066,4,Tax,16,Aggressive
39,2229207,2,Wealth,15,Moderate
43,316323,5,Retirement,22,Aggressive
55,300000,5,Income,32,Moderate
48,697928,4,Wealth,22,Aggressive
36,3987855,5,Retirement,8,Aggressive
38,950012,2,Wealth,13,Moderate
34,512757,5,Retirement,7,Aggressive
37,3522143,1,Retirement,12,Moderate
23,1707365,5,Tax,0,Aggressive
56,675659,1,Wealth,35,Conservative
57,551166,5,Tax,34,Moderate
22,1683323,2,Wealth,0,Moderate
47,426313,5,Wealth,18,Aggressive
34,584178,5,Tax,10,Aggressive
51,914014,5,Wealth,29,Aggressive
39,589280,2,Tax,15,Conservative
40,439901,4,Tax,15,Moderate
42,1071569,4,Income,16,Moderate
32,922964,1,Tax,3,Conservative
40,975758,5,Education,11,Aggressive
33,300000,2,Retirement,12,Moderate
24,1793112,3,Tax,0,Moderate
38,300000,1,Income,8,Conservative
54,1015029,3,Tax,33,Moderate
56,4040456,2,Education,34,Moderate
26,1544327,5,Retirement,4,Aggressive
51,666657,4,Wealth,28,Aggressive
31,570681,5,Wealth,3,Aggressive
31,755110,2,Retirement,3,Moderate
32,1832478,2,Tax,11,Moderate
33,1249894,1,Retirement,3,Moderate
60,832606,1,Education,35,Conservative
22,1677599,2,Income,0,Conservative
35,328502,2,Retirement,5,Conservative
34,538133,2,Retirement,13,Conservative
27,572167,1,Education,2,Conservative
37,1776750,1,Retirement,14,Conservative
53,978550,2,Education,31,Conservative
35,4579426,3,Wealth,10,Aggressive
40,1448341,5,Income,11,Moderate
33,497713,3,Wealth,6,Moderate
51,1592973,1,Tax,26,Conservative
56,499592,1,Education,32,Conservative
24,604450,3,Retirement,0,Moderate
39,762665,3,Income,16,Moderate
50,1016260,4,Wealth,27,Aggressive
48,941423,3,Retirement,19,Moderate
34,939334,3,Retirement,4,Aggressive
36,407512,4,Retirement,10,Moderate
28,804325,5,Wealth,1,Aggressive
47,1002828,3,Tax,20,Moderate
27,1476104,3,Education,0,Aggressive
44,581591,1,Tax,20,Conservative
30,300000,5,Wealth,2,Aggressive
62,1767358,3,Tax,39,Moderate
47,1199730,3,Education,17,Moderate
31,317160,3,Tax,8,Conservative
59,300000,2,Retirement,35,Moderate
50,1281108,2,Education,24,Moderate
54,652326,5,Income,32,Moderate
50,300000,1,Tax,21,Conservative
42,382697,5,Education,18,Moderate
36,730431,4,Tax,6,Moderate
54,474128,3,Education,33,Moderate
62,568097,5,Tax,35,Moderate
64,850775,3,Wealth,40,Moderate
35,1676455,5,Wealth,11,Aggressive
27,1206587,4,Wealth,0,Aggressive
59,943669,3,Wealth,36,Aggressive
56,2169058,2,Retirement,35,Moderate
49,417652,3,Tax,25,Moderate
27,773401,2,Wealth,0,Moderate
52,528500,1,Wealth,22,Moderate
27,734673,2,Tax,3,Moderate
26,780998,5,Wealth,0,Aggressive
22,514738,3,Tax,0,Moderate
29,620409,3,Wealth,3,Aggressive
53,1290207,5,Education,32,Aggressive
29,746720,3,Wealth,2,Aggressive
33,300000,4,Wealth,8,Moderate
49,1313434,3,Tax,24,Moderate
27,1180498,3,Tax,0,Moderate
25,330101,1,Education,0,Conservative
43,2335901,3,Income,13,Moderate
36,677324,3,Wealth,7,Moderate
26,1636879,4,Wealth,0,Aggressive
37,830297,2,Wealth,14,Moderate
44,573648,2,Wealth,19,Moderate
27,1057362,3,Tax,0,Moderate
29,559135,2,Tax,7,Moderate
36,723893,1,Retirement,9,Conservative
28,300000,1,Wealth,1,Moderate
34,651542,2,Education,13,Conservative
32,339841,1,Wealth,7,Conservative
30,802547,3,Income,0,Moderate
26,1146378,2,Tax,0,Moderate
43,836627,4,Wealth,22,Aggressive
41,1543640,3,Wealth,19,Aggressive
43,3219045,3,Retirement,19,Aggressive
38,746085,3,Retirement,16,Moderate
30,850339,2,Income,9,Conservative
60,509540,4,Income,39,Moderate
27,300000,4,Tax,5,Moderate
43,886208,4,Wealth,13,Moderate
36,1299577,2,Income,13,Conservative
35,816102,1,Tax,13,Conservative
36,454562,3,Retirement,7,Conservative
30,409344,3,Retirement,1,Moderate
56,332741,1,Tax,31,Conservative
32,747893,2,Wealth,8,Moderate
29,399799,4,Retirement,2,Moderate
30,1813025,2,Tax,8,Moderate
38,1368540,1,Tax,10,Conservative
52,1679115,5,Retirement,22,Aggressive
54,1969322,5,Wealth,30,Aggressive
39,618519,1,Retirement,10,Conservative
46,1444826,1,Income,16,Conservative
26,673214,4,Retirement,0,Moderate
35,678882,3,Wealth,5,Moderate
45,699953,4,Retirement,22,Aggressive
36,453645,3,Tax,7,Moderate
38,730941,4,Wealth,15,Aggressive
51,738544,2,Wealth,28,Moderate
41,1289493,3,Retirement,14,Moderate
31,690990,4,Tax,6,Moderate
37,551416,1,Retirement,12,Conservative
34,1307066,4,Wealth,11,Aggressive
41,428039,2,Tax,16,Conservative
34,734622,1,Tax,7,Conservative
31,1280129,3,Retirement,4,Moderate
28,1435900,1,Wealth,6,Moderate
56,2024932,4,Tax,34,Aggressive
42,1066557,2,Education,19,Moderate
23,873763,4,Retirement,0,Moderate
33,2456624,4,Tax,10,Aggressive
23,450382,5,Retirement,0,Moderate
49,1396509,2,Wealth,27,Moderate
38,882046,1,Wealth,11,Moderate
24,300000,5,Education,0,Aggressive
36,2467281,1,Retirement,11,Moderate
25,457544,1,Wealth,3,Moderate
45,5921610,3,Wealth,16,Aggressive
25,897623,3,Wealth,0,Moderate
39,413538,2,Retirement,13,Conservative
32,1413190,2,Wealth,11,Moderate
61,614925,4,Income,40,Moderate
21,843739,2,Wealth,0,Moderate
28,1189832,2,Retirement,2,Moderate
57,869183,3,Wealth,30,Moderate
27,813800,5,Retirement,0,Aggressive
50,568485,3,Education,22,Moderate
29,300000,2,Income,6,Conservative
43,1057342,4,Wealth,20,Aggressive
54,1198012,4,Income,32,Moderate
53,3401358,4,Retirement,29,Aggressive
47,1445129,3,Tax,24,Moderate
40,395059,4,Retirement,12,Moderate
42,300000,2,Tax,16,Conservative
31,300000,3,Retirement,5,Moderate
41,833918,2,Wealth,17,Moderate
22,1248178,5,Retirement,0,Aggressive
42,1087270,2,Retirement,18,Moderate
24,1016433,5,Retirement,2,Aggressive
22,2128264,5,Tax,1,Aggressive
25,1059890,1,Tax,1,Moderate
35,417934,1,Wealth,5,Moderate
63,543968,2,Wealth,40,Conservative
47,1112824,5,Wealth,19,Aggressive
50,934646,3,Education,23,Moderate
31,783388,3,Retirement,10,Moderate
24,581875,4,Tax,0,Moderate
22,429297,4,Tax,0,Moderate
21,2620831,3,Wealth,0,Aggressive
29,422849,1,Tax,2,Conservative
59,534927,5,Wealth,35,Aggressive
38,837256,2,Wealth,13,Moderate
30,1042858,3,Wealth,7,Aggressive
41,954323,3,Wealth,13,Moderate
29,300000,1,Wealth,5,Moderate
40,1049088,4,Retirement,11,Aggressive
23,1768581,5,Tax,0,Aggressive
41,976939,2,Education,20,Moderate
29,3435439,1,Tax,6,Moderate
48,2191722,4,Retirement,19,Aggressive
48,640604,2,Retirement,22,Moderate
43,560872,2,Retirement,16,Moderate
30,398407,1,Wealth,8,Moderate
36,836835,2,Tax,13,Moderate
48,1034542,4,Tax,27,Moderate
47,1855101,3,Retirement,24,Moderate
33,803280,4,Wealth,11,Moderate
57,475802,1,Income,30,Conservative
31,1783598,2,Wealth,7,Moderate
28,358413,3,Wealth,6,Moderate
51,1115180,5,Wealth,30,Aggressive
56,944189,4,Education,35,Moderate
21,879450,5,Wealth,0,Aggressive
38,670359,1,Income,15,Conservative
24,1887989,1,Wealth,0,Moderate
59,1031785,5,Tax,38,Aggressive
25,1100352,3,Wealth,4,Aggressive
